Age,Gender,Country,Occupation,Marital Status,Daily Social Media Time (hrs),Daily Entertainment Time (hrs),Daily Messaging Time (hrs),Daily Video Content Time (hrs),Daily Gaming Time (hrs),Primary Platform,Screen Time (hrs),Device Type,Internet Speed (Mbps),Data Plan Used,Social Media Fatigue Level (scale 1-10),Digital Well-being Awareness,Tech Savviness Level (scale 1-10),Average Sleep Time (hrs),Sleep Quality (scale 1-10),Social Isolation Feeling (scale 1-10),Physical Activity Time (hrs),Monthly Income (USD),Monthly Expenditure on Entertainment (USD),Subscription Platforms,Preferred Content Type,Primary Social Media Goal,Preferred Entertainment Platform,Time Spent in Online Communities (hrs),News Consumption Time (hrs)
32,Other,Germany,Student,Widowed,4.35,4.08,0.35,5.43,4.68,TikTok,7.33,PC,83.45,50GB,2,Moderate,9,6.44,7,8,0.59,1838.33,33.04,1,Series,Education,Netflix,3.12,2.82
62,Other,India,Professional,Widowed,4.96,4.21,2.55,4.22,0.41,YouTube,4.23,PC,28.28,10GB,5,Low,9,4.7,8,2,1.31,8352.0,497.78,1,News,Networking,Netflix,1.36,0.32
51,Female,USA,Student,Divorced,6.78,1.77,2.09,1.09,4.38,Facebook,4.45,Smartphone,89.81,10GB,3,High,9,4.78,5,3,1.8,3698.74,71.72,5,Series,Entertainment,Spotify,1.97,1.25
44,Female,India,Retired,Widowed,5.06,9.21,3.69,4.8,4.82,YouTube,11.49,PC,38.69,10GB,1,Low,7,8.68,9,9,2.3,9328.14,129.62,5,Short Videos,Education,Spotify,3.47,2.65
21,Other,Germany,Student,Widowed,2.57,1.3,3.97,2.74,4.4,TikTok,7.14,Smartphone,89.87,Unlimited,4,Low,7,5.75,5,9,1.46,5402.92,35.9,0,Series,Education,Amazon Prime,2.32,1.44
21,Male,Canada,Student,Divorced,4.69,1.7,2.6,4.92,2.81,Facebook,6.35,Smartphone,69.29,Unlimited,2,High,9,4.95,6,1,2.45,8749.51,49.41,3,Short Videos,Entertainment,Netflix,1.91,2.01
16,Male,Germany,Retired,Married,3.59,5.89,2.44,2.76,0.39,TikTok,2.57,Tablet,16.29,50GB,7,Low,8,4.41,2,2,2.17,4156.94,95.29,3,Series,Entertainment,Amazon Prime,2.81,1.66
58,Female,USA,Retired,Married,4.2,2.77,3.54,0.69,3.38,Facebook,7.22,Smartphone,62.2,Unlimited,2,Low,2,6.15,9,1,2.58,4061.59,9.65,3,Movies,Networking,Amazon Prime,1.52,2.9
44,Other,Germany,Unemployed,Married,5.3,7.9,4.26,6.05,4.49,TikTok,9.51,PC,35.19,Unlimited,3,Low,2,5.99,5,2,1.9,6280.52,445.16,0,Short Videos,Networking,Amazon Prime,3.67,2.63
49,Other,India,Student,Divorced,3.62,6.65,0.35,4.79,0.96,Instagram,4.51,Smartphone,97.52,10GB,2,Low,7,8.78,6,9,2.53,5276.19,294.21,5,Series,Networking,YouTube,3.72,1.37
14,Male,UK,Professional,Divorced,2.58,8.08,4.79,3.56,3.85,Instagram,9.47,Smartphone,92.53,Unlimited,1,Moderate,2,5.99,1,9,0.4,4037.0,253.37,1,Series,Networking,Amazon Prime,2.34,1.73
63,Other,Germany,Retired,Single,1.86,5.19,1.05,4.98,3.99,TikTok,2.47,Smartphone,69.05,50GB,7,Moderate,2,4.81,1,9,1.95,3434.34,184.57,5,Short Videos,Entertainment,Amazon Prime,2.71,1.68
56,Male,UK,Retired,Single,0.51,9.35,2.04,4.09,0.49,Facebook,3.27,Smartphone,29.39,Unlimited,5,Moderate,8,6.01,4,1,1.52,8607.65,62.41,5,Short Videos,Networking,Netflix,2.14,2.53
24,Male,Germany,Retired,Widowed,6.0,0.66,1.92,3.57,0.61,Twitter,4.84,PC,50.31,50GB,1,Low,1,4.33,2,2,2.29,2846.62,389.03,1,Series,Networking,Spotify,3.07,0.6
22,Female,Canada,Professional,Widowed,3.73,2.71,0.32,4.01,2.47,Instagram,4.0,PC,48.86,50GB,4,Low,1,7.44,9,9,2.24,6013.22,166.1,3,Series,Education,Spotify,1.57,0.87
22,Female,Germany,Retired,Widowed,3.1,6.19,4.9,4.98,0.47,Twitter,9.58,Tablet,75.63,10GB,9,Moderate,2,8.57,4,7,2.69,5875.0,290.59,4,Movies,Education,Netflix,0.22,2.51
28,Male,Australia,Student,Widowed,1.94,8.94,1.8,0.97,3.22,Facebook,3.6,PC,71.28,Unlimited,8,Low,9,5.84,9,4,0.27,7342.82,440.49,1,Short Videos,Entertainment,YouTube,2.53,1.96
40,Other,Australia,Unemployed,Single,3.9,4.65,2.25,5.81,0.89,Facebook,2.24,Tablet,14.84,50GB,2,High,8,7.59,2,5,0.68,8416.41,467.96,0,Short Videos,Entertainment,Netflix,3.08,0.76
35,Male,Germany,Retired,Single,7.73,4.47,1.73,6.11,4.22,Twitter,3.39,Smartphone,83.34,50GB,6,Moderate,1,5.77,3,7,2.6,9745.38,12.89,1,Short Videos,Education,YouTube,1.8,2.42
28,Female,Germany,Unemployed,Single,1.21,4.57,3.1,4.12,4.62,TikTok,4.14,Tablet,47.71,50GB,2,Low,4,7.72,2,6,1.54,7236.3,360.74,4,Movies,Education,Amazon Prime,3.26,2.44
44,Male,UK,Professional,Widowed,6.08,9.33,2.33,0.76,2.21,TikTok,6.56,Smartphone,38.67,Unlimited,8,Moderate,3,6.36,1,4,0.24,9223.01,467.84,0,Short Videos,Networking,YouTube,0.51,2.75
20,Male,Canada,Unemployed,Single,7.15,6.15,4.73,2.76,4.11,Twitter,2.29,PC,93.48,50GB,9,Moderate,4,5.76,4,9,0.46,3181.35,490.45,1,Movies,Entertainment,Amazon Prime,2.27,2.09
28,Male,Canada,Unemployed,Married,7.03,3.96,2.78,0.5,1.04,Instagram,9.68,PC,46.2,Unlimited,1,Low,7,7.94,5,9,1.88,1198.4,102.96,4,Movies,News,YouTube,0.39,1.62
32,Female,USA,Professional,Divorced,0.78,0.55,0.57,2.65,0.0,Facebook,6.12,Tablet,94.63,Unlimited,5,Low,1,6.34,6,1,0.15,9625.09,280.82,1,Series,Entertainment,Spotify,0.89,2.07
36,Female,USA,Retired,Widowed,7.72,5.83,1.37,5.21,2.44,YouTube,7.39,Tablet,48.75,50GB,6,Low,7,5.27,2,8,2.89,569.76,34.81,0,Movies,News,Netflix,3.34,1.28
53,Male,India,Retired,Married,6.01,9.02,0.35,5.29,3.59,TikTok,8.16,Tablet,8.15,10GB,5,High,3,7.22,9,5,0.25,5958.93,31.34,3,Short Videos,Entertainment,Amazon Prime,3.36,1.9
23,Other,UK,Unemployed,Widowed,1.59,5.55,1.34,5.85,4.46,Twitter,10.42,Smartphone,88.88,10GB,1,High,1,7.0,2,3,0.59,2915.69,479.83,1,Short Videos,Networking,Netflix,0.83,0.48
39,Female,India,Professional,Single,3.55,7.91,3.75,6.0,4.4,TikTok,10.58,Tablet,67.5,Unlimited,5,High,3,6.46,6,8,2.09,505.26,249.04,4,Series,Education,Netflix,3.87,1.55
43,Other,India,Student,Divorced,7.62,2.04,3.2,4.36,0.87,Facebook,4.59,Smartphone,98.78,Unlimited,3,High,7,6.08,9,5,1.98,9113.14,467.02,4,Short Videos,Entertainment,YouTube,0.98,0.69
15,Other,Germany,Unemployed,Married,6.9,1.8,1.65,3.92,1.06,YouTube,5.39,Tablet,97.59,Unlimited,2,Moderate,9,4.4,1,9,1.38,5996.04,244.33,2,Movies,Networking,Amazon Prime,1.35,2.4
44,Other,Australia,Student,Widowed,3.08,8.99,0.47,4.74,1.77,YouTube,7.12,Smartphone,10.9,50GB,9,Moderate,5,8.51,5,5,1.83,3235.95,119.05,5,News,Education,Amazon Prime,3.94,2.69
21,Male,USA,Unemployed,Married,0.62,7.94,1.85,6.92,4.59,YouTube,7.69,PC,14.29,10GB,3,High,9,6.77,3,1,1.28,9696.43,197.4,0,Movies,Education,Netflix,2.61,0.8
16,Other,UK,Professional,Divorced,2.73,3.8,1.13,3.04,4.79,Facebook,4.79,Smartphone,59.75,Unlimited,2,Low,9,4.82,5,7,1.62,7201.88,453.35,2,Series,Entertainment,YouTube,0.98,2.74
62,Other,Canada,Unemployed,Married,1.05,8.1,3.03,0.7,0.26,Instagram,10.9,Tablet,38.56,50GB,6,Low,8,8.72,8,4,2.89,5703.36,40.11,1,Short Videos,Entertainment,Amazon Prime,2.33,2.38
63,Female,India,Professional,Married,1.43,1.22,1.55,6.72,2.69,Facebook,8.64,Tablet,40.81,10GB,3,Moderate,3,7.14,5,9,2.72,2481.36,426.27,1,News,Education,Spotify,2.85,0.76
55,Other,Australia,Student,Widowed,7.59,5.42,4.01,2.1,3.44,Twitter,4.62,PC,75.7,Unlimited,8,Low,3,5.55,2,7,2.52,7585.69,283.66,2,News,Networking,YouTube,0.98,2.93
28,Other,UK,Professional,Married,7.78,8.87,1.1,5.26,0.44,Facebook,5.49,Smartphone,14.12,10GB,1,High,3,4.6,4,4,1.71,1716.01,379.47,5,Short Videos,Education,Netflix,1.29,2.17
18,Female,Canada,Professional,Single,4.34,8.51,2.48,6.75,4.83,Facebook,3.38,Tablet,85.84,50GB,9,High,6,6.27,8,8,1.15,936.81,476.01,3,Short Videos,Entertainment,YouTube,1.35,1.18
48,Other,Australia,Unemployed,Single,5.04,4.03,4.62,5.55,0.43,Facebook,10.76,PC,37.4,Unlimited,5,Low,5,8.66,2,6,0.54,6271.51,322.52,5,Movies,Entertainment,YouTube,2.68,2.83
35,Other,Australia,Student,Divorced,3.89,2.67,1.51,4.49,0.74,Twitter,11.08,Tablet,89.06,50GB,9,Moderate,7,6.24,1,6,1.5,886.53,464.53,2,Series,News,YouTube,3.48,2.66
19,Male,Germany,Student,Divorced,0.73,8.74,2.38,1.33,3.4,Facebook,9.72,Smartphone,38.26,10GB,1,Moderate,2,6.0,9,1,2.98,526.44,198.98,4,Movies,Entertainment,Amazon Prime,0.37,2.5
38,Female,Canada,Retired,Widowed,1.67,3.04,3.07,5.01,0.88,Facebook,7.13,Tablet,51.24,Unlimited,2,Low,5,8.04,2,8,1.75,3663.48,495.14,0,News,Entertainment,Amazon Prime,2.77,2.38
14,Male,Canada,Unemployed,Divorced,7.26,8.31,4.14,6.35,0.87,Facebook,10.9,PC,95.66,50GB,4,Moderate,1,5.36,1,9,0.66,8361.28,478.8,5,Movies,Education,Spotify,3.97,1.79
60,Male,Australia,Unemployed,Widowed,1.5,3.03,3.54,3.96,0.97,Twitter,5.94,Tablet,6.32,10GB,2,Moderate,2,5.85,8,1,1.78,7858.94,295.92,5,News,Networking,Amazon Prime,2.8,0.38
26,Female,USA,Unemployed,Widowed,7.45,9.85,4.14,2.23,3.81,Facebook,3.54,Smartphone,53.46,50GB,8,Moderate,7,7.44,1,2,2.67,3640.85,415.46,2,Movies,News,Amazon Prime,3.22,2.49
47,Female,Australia,Unemployed,Married,3.72,3.92,0.97,2.85,3.83,YouTube,6.7,Tablet,73.6,Unlimited,5,Low,1,7.34,6,7,0.91,9363.43,87.0,4,Short Videos,Entertainment,Spotify,3.27,0.16
29,Male,USA,Retired,Single,0.92,2.93,2.8,4.54,0.52,TikTok,10.73,Smartphone,69.53,Unlimited,2,Low,1,5.01,5,9,2.26,4440.09,452.78,2,Movies,Networking,Netflix,2.59,1.37
40,Other,USA,Professional,Married,7.27,6.19,3.8,6.29,2.49,TikTok,5.53,Smartphone,12.02,Unlimited,3,Low,9,6.99,6,6,0.05,7808.56,412.09,0,Series,Entertainment,Spotify,1.93,2.62
41,Other,Germany,Unemployed,Widowed,1.13,3.92,3.61,2.43,4.2,YouTube,5.88,Smartphone,31.36,50GB,6,Low,7,8.0,7,1,2.43,1498.77,176.55,0,Movies,Entertainment,Spotify,0.74,1.68
22,Other,Canada,Professional,Single,1.12,8.2,1.73,4.75,4.23,Facebook,9.54,Tablet,48.58,10GB,6,Low,9,6.78,3,8,0.5,2837.5,73.88,5,News,Entertainment,YouTube,2.5,2.0
63,Female,Canada,Unemployed,Widowed,1.05,7.46,3.31,5.57,4.34,Twitter,4.23,Smartphone,9.02,10GB,1,Low,1,5.04,1,7,0.47,5823.61,419.18,5,Short Videos,Networking,YouTube,0.66,2.08
53,Male,USA,Retired,Divorced,6.9,6.51,2.8,1.07,3.55,TikTok,2.66,Tablet,54.52,50GB,3,High,2,4.47,5,7,0.27,8167.85,188.51,1,News,Entertainment,YouTube,2.94,2.84
61,Other,USA,Unemployed,Married,3.79,4.51,0.86,1.29,0.05,YouTube,9.07,Tablet,43.76,10GB,1,Moderate,4,8.75,3,5,0.11,6525.11,461.23,5,News,Entertainment,Netflix,2.25,0.04
59,Female,India,Unemployed,Divorced,5.69,8.43,4.83,4.41,0.89,Facebook,10.82,PC,9.44,10GB,6,Low,9,7.23,3,9,0.59,2756.37,439.74,4,News,News,Amazon Prime,3.53,1.63
44,Female,USA,Professional,Single,3.99,3.41,2.59,2.88,1.07,TikTok,9.79,Smartphone,73.38,50GB,1,Low,2,5.43,9,8,0.7,2027.25,274.86,1,News,News,Spotify,3.58,1.22
60,Other,UK,Professional,Married,0.91,3.31,3.95,2.6,0.23,Facebook,5.51,Smartphone,34.63,Unlimited,7,High,5,6.37,9,9,1.79,1274.91,112.74,4,Series,News,YouTube,1.23,0.48
17,Male,Canada,Retired,Married,7.61,1.37,2.72,4.47,4.41,Facebook,11.86,PC,71.31,50GB,9,High,8,6.61,4,6,1.26,8338.44,415.14,1,Movies,Networking,Spotify,0.85,0.86
23,Female,Australia,Unemployed,Married,6.13,5.85,4.25,1.22,4.24,YouTube,5.8,PC,5.76,10GB,7,Moderate,8,7.76,1,7,2.98,910.22,114.93,1,Short Videos,Education,Amazon Prime,2.31,0.5
15,Female,Canada,Professional,Single,6.57,7.12,2.72,6.84,1.32,TikTok,5.27,Tablet,12.24,10GB,8,High,2,8.65,8,3,2.5,9860.43,237.2,2,Movies,News,YouTube,1.54,0.75
29,Female,Canada,Unemployed,Married,4.81,7.27,0.4,5.43,0.69,Instagram,5.23,PC,69.19,50GB,6,Low,3,4.19,8,7,2.08,2145.04,228.29,3,Series,Education,YouTube,3.7,1.44
33,Male,UK,Unemployed,Married,3.74,8.68,4.45,1.37,2.25,Twitter,8.58,PC,31.87,Unlimited,9,Low,3,8.58,2,3,1.44,3553.73,430.0,2,Short Videos,Education,YouTube,2.2,1.42
27,Male,USA,Retired,Married,7.99,5.89,0.32,5.82,4.57,YouTube,4.14,Smartphone,81.12,Unlimited,6,High,1,5.97,1,7,0.78,7532.69,63.68,2,News,Education,Spotify,2.7,1.68
56,Female,USA,Unemployed,Single,7.51,0.74,4.99,6.41,0.88,TikTok,3.4,Tablet,13.56,Unlimited,6,Low,1,9.0,6,9,0.98,7458.57,170.55,0,Movies,Education,Spotify,3.7,0.14
31,Female,USA,Unemployed,Widowed,5.15,2.17,1.74,5.19,0.38,YouTube,5.09,PC,38.22,10GB,9,High,8,8.92,7,1,1.04,7969.88,126.0,4,Movies,News,Spotify,2.14,2.6
27,Other,USA,Retired,Widowed,2.86,5.83,1.99,4.33,0.23,YouTube,8.37,Tablet,50.53,50GB,4,Low,9,4.89,2,8,2.68,1536.1,352.38,5,Series,News,Spotify,3.99,0.19
41,Male,Australia,Professional,Widowed,2.12,3.52,0.43,1.91,1.33,Twitter,10.05,Tablet,78.25,Unlimited,8,Low,3,6.49,9,7,0.35,968.7,79.43,4,Movies,Education,Netflix,3.45,2.0
20,Female,UK,Professional,Married,2.07,8.71,2.92,3.54,4.75,TikTok,4.56,Tablet,46.85,50GB,3,High,9,5.29,9,2,0.99,5994.96,158.13,3,Series,Education,Spotify,3.6,2.91
54,Other,USA,Retired,Divorced,6.51,2.67,2.88,2.94,2.66,Facebook,6.53,Smartphone,51.06,Unlimited,2,Low,3,4.52,1,2,2.43,1604.52,398.52,5,Series,Networking,Netflix,3.93,1.29
16,Other,USA,Unemployed,Single,2.33,2.93,3.82,0.91,1.88,YouTube,3.03,Smartphone,8.87,50GB,1,Moderate,6,5.25,1,1,1.27,6607.36,380.26,3,News,Education,Netflix,1.32,1.53
64,Other,Australia,Professional,Divorced,5.02,8.51,2.27,5.59,1.13,Instagram,9.51,PC,22.96,Unlimited,9,High,9,4.46,7,2,0.99,1349.37,71.03,1,Series,Entertainment,Spotify,2.62,2.21
53,Male,UK,Student,Widowed,6.82,6.02,3.21,2.29,3.88,YouTube,7.49,PC,54.12,10GB,8,Low,7,6.26,2,7,0.1,3259.1,137.82,4,Short Videos,News,Amazon Prime,0.13,0.47
23,Other,UK,Professional,Married,4.12,3.47,1.83,1.23,1.6,Twitter,4.88,Smartphone,97.61,50GB,2,Low,7,8.43,6,1,2.43,8009.58,177.66,3,News,Networking,YouTube,2.58,2.14
13,Other,Australia,Student,Divorced,4.53,9.26,2.09,5.52,2.65,Facebook,8.52,Smartphone,39.13,50GB,2,High,4,5.19,1,4,0.41,5811.78,65.65,4,Short Videos,Entertainment,Netflix,3.29,0.9
55,Female,Australia,Student,Married,0.75,3.65,2.33,1.12,2.34,YouTube,4.62,Smartphone,61.14,10GB,1,Low,7,8.73,9,2,1.06,1226.25,324.75,2,Series,Networking,Amazon Prime,1.52,1.46
49,Other,Australia,Student,Divorced,1.5,1.71,2.17,0.73,1.17,YouTube,5.51,Smartphone,45.54,50GB,5,Low,5,5.99,6,7,1.13,9577.59,221.1,1,Series,Education,YouTube,2.76,0.97
50,Other,Canada,Unemployed,Married,5.53,8.0,0.97,2.89,3.71,Facebook,11.05,Tablet,44.39,50GB,3,Moderate,9,6.95,1,2,1.18,3451.49,39.88,0,Series,News,YouTube,1.13,1.85
53,Female,Germany,Student,Widowed,7.25,4.91,2.85,3.1,2.14,Twitter,11.41,Smartphone,9.79,10GB,1,Low,2,7.98,3,9,2.8,884.64,272.88,1,Series,Networking,Netflix,0.97,1.04
16,Male,Canada,Retired,Single,4.83,5.05,4.43,1.71,2.41,Twitter,6.86,Smartphone,8.99,10GB,6,Low,1,5.25,3,9,0.71,4970.31,359.34,5,Short Videos,Education,Amazon Prime,2.95,0.54
31,Female,Germany,Student,Widowed,1.17,1.03,2.6,5.51,3.88,Facebook,8.37,Tablet,50.69,10GB,5,High,4,7.12,2,5,1.93,1006.08,459.84,2,News,Education,Amazon Prime,1.01,1.88
19,Female,India,Retired,Divorced,4.9,9.7,3.98,6.95,2.05,Instagram,3.1,Smartphone,87.94,50GB,2,Low,2,8.38,7,5,2.24,1689.11,231.7,0,News,Networking,Netflix,4.0,1.96
57,Male,UK,Unemployed,Divorced,6.05,3.09,2.94,6.82,4.27,Instagram,3.44,Tablet,9.84,10GB,8,Low,9,6.13,3,3,0.41,4921.12,28.78,5,Movies,Networking,YouTube,2.28,2.31
45,Other,India,Unemployed,Divorced,0.89,3.32,1.56,5.7,0.26,Twitter,9.23,Smartphone,66.36,10GB,8,Low,3,6.16,5,8,0.61,5351.15,439.16,3,Movies,Entertainment,Netflix,3.64,2.73
30,Other,Canada,Student,Widowed,5.71,3.03,3.2,2.5,2.13,Instagram,5.79,Tablet,62.29,50GB,1,High,7,6.34,8,6,0.71,1344.91,395.41,1,News,Networking,Amazon Prime,0.43,0.99
16,Other,Australia,Student,Married,2.98,7.68,0.45,3.63,0.33,YouTube,11.08,Smartphone,45.79,50GB,9,Moderate,3,6.5,9,4,0.18,1833.86,475.19,5,Movies,Entertainment,Amazon Prime,0.06,1.96
29,Female,UK,Professional,Widowed,1.66,9.35,4.2,3.99,3.16,YouTube,8.14,Smartphone,84.89,Unlimited,5,Low,6,4.48,4,1,2.24,1617.31,110.98,4,Short Videos,Education,Spotify,3.41,0.7
29,Male,India,Retired,Married,6.74,4.2,0.41,4.45,2.96,Facebook,3.02,PC,85.72,50GB,7,High,3,4.69,1,6,1.33,8097.66,282.74,4,Series,Education,Netflix,1.3,2.15
50,Other,Australia,Student,Single,6.31,4.08,3.25,6.65,4.38,Facebook,6.05,Smartphone,6.84,Unlimited,7,Low,8,4.61,2,8,2.25,8323.31,233.0,1,Series,Education,Netflix,3.32,2.39
46,Female,UK,Professional,Married,6.08,4.52,1.55,3.71,4.2,Facebook,9.35,Tablet,57.35,50GB,6,Moderate,1,4.08,3,7,0.57,5476.27,176.38,2,Movies,Entertainment,YouTube,0.54,2.04
59,Female,USA,Student,Married,5.71,7.05,1.39,0.53,1.22,Twitter,7.77,Tablet,22.65,50GB,2,Low,5,7.85,2,5,2.17,4512.57,204.6,1,Short Videos,Education,Amazon Prime,0.95,0.47
37,Male,Canada,Unemployed,Single,3.9,9.0,2.33,2.96,2.07,Instagram,4.38,PC,10.98,10GB,8,Low,7,7.08,4,1,2.34,8945.8,207.42,2,News,News,YouTube,1.08,0.33
19,Female,Australia,Retired,Divorced,3.39,6.81,2.27,5.98,3.09,TikTok,11.36,PC,90.56,50GB,5,High,5,4.81,3,9,1.9,9360.91,229.79,0,News,News,Amazon Prime,1.88,1.25
50,Female,Australia,Retired,Married,5.19,9.18,0.98,5.01,1.62,Twitter,4.9,Tablet,63.14,50GB,2,Low,2,6.2,9,5,2.55,9365.44,489.07,5,Series,Education,Amazon Prime,3.74,1.81
52,Male,USA,Student,Single,1.0,6.01,0.54,1.19,0.73,Twitter,5.26,Smartphone,29.06,50GB,4,Low,9,7.15,9,3,0.59,2721.62,277.55,2,Movies,Networking,Netflix,1.45,2.83
42,Female,UK,Unemployed,Widowed,5.52,2.58,3.62,3.34,3.11,Facebook,9.5,Tablet,27.42,Unlimited,1,Moderate,7,5.05,6,9,2.44,2973.62,186.72,5,Movies,News,Spotify,0.53,1.12
53,Other,UK,Student,Single,7.02,8.18,3.52,5.66,1.17,YouTube,7.21,Smartphone,48.83,Unlimited,1,High,1,8.95,7,2,1.64,4979.15,164.38,5,Movies,News,Spotify,2.89,0.76
38,Other,USA,Unemployed,Married,7.62,2.43,3.38,5.94,4.12,TikTok,4.17,Tablet,16.79,Unlimited,2,Moderate,2,5.15,7,4,2.58,4201.32,66.83,4,Movies,Education,Netflix,3.33,0.14
40,Female,UK,Retired,Married,4.05,5.47,2.09,4.1,1.53,Facebook,4.76,PC,23.7,Unlimited,8,Moderate,8,8.59,7,5,1.99,9340.19,393.76,0,Short Videos,Education,YouTube,3.3,2.77
35,Male,UK,Unemployed,Widowed,1.41,4.59,2.47,3.85,3.44,YouTube,8.15,PC,85.53,Unlimited,7,Low,4,7.44,2,9,0.42,6182.19,494.21,0,Movies,Entertainment,YouTube,3.08,0.63
14,Other,Germany,Professional,Single,2.78,9.03,3.0,5.07,1.04,Instagram,9.66,Smartphone,96.9,10GB,7,Low,8,5.57,8,9,2.25,6649.97,3.88,2,Short Videos,Entertainment,Netflix,2.4,0.53
18,Female,Australia,Retired,Divorced,1.7,4.37,0.32,6.76,0.03,Twitter,9.85,Smartphone,49.14,50GB,3,Low,7,8.67,6,7,1.25,2081.42,425.46,3,News,Networking,Netflix,2.06,1.69
14,Male,Canada,Student,Divorced,7.26,8.22,3.66,0.98,1.65,YouTube,2.78,Tablet,55.26,Unlimited,3,High,9,4.42,8,8,0.45,8493.94,289.09,5,News,Entertainment,Netflix,1.28,0.32
46,Female,USA,Professional,Widowed,6.84,4.98,4.51,2.83,2.04,Facebook,4.35,PC,46.25,Unlimited,3,Low,3,6.74,1,4,1.96,4041.87,348.71,0,Short Videos,Networking,Spotify,1.84,0.27
29,Other,Germany,Retired,Widowed,7.48,3.81,4.76,6.98,1.03,TikTok,6.54,PC,81.38,Unlimited,8,Low,4,4.94,1,9,2.04,9179.97,191.57,1,Short Videos,News,Amazon Prime,2.46,0.2
39,Other,USA,Unemployed,Single,7.55,6.17,3.7,6.62,4.17,YouTube,9.76,PC,33.87,50GB,2,Low,4,5.42,3,7,0.37,7560.21,463.75,3,News,Education,Spotify,0.83,0.13
60,Other,India,Unemployed,Widowed,1.64,3.93,3.3,2.49,2.36,Twitter,10.76,Smartphone,61.1,10GB,6,High,2,6.94,6,8,2.79,9365.76,93.45,1,Series,Networking,Netflix,2.98,1.24
25,Male,Germany,Student,Single,2.87,3.51,3.12,1.55,0.58,YouTube,8.83,Smartphone,22.73,50GB,9,High,6,8.33,4,3,2.77,7895.82,135.41,4,Movies,News,Spotify,3.64,2.59
34,Other,India,Retired,Widowed,7.45,9.72,4.0,5.72,3.34,TikTok,8.93,PC,85.38,Unlimited,5,High,5,6.21,4,3,1.9,5921.32,337.14,5,Short Videos,Education,YouTube,2.56,2.6
52,Male,India,Professional,Married,5.75,9.72,4.45,3.83,2.18,TikTok,10.47,Tablet,93.89,50GB,4,High,1,5.27,5,3,0.73,4752.93,289.72,2,News,Entertainment,YouTube,3.61,1.39
24,Other,USA,Student,Divorced,7.31,7.4,1.8,5.14,3.29,Facebook,2.44,Smartphone,72.03,Unlimited,9,Low,2,7.74,5,3,0.13,3835.81,26.92,1,Short Videos,Education,Spotify,1.28,2.87
17,Female,Canada,Unemployed,Widowed,2.37,9.31,1.12,2.1,4.97,Instagram,5.38,Tablet,80.21,50GB,6,Moderate,7,8.18,6,2,0.95,8904.95,461.26,0,Series,Networking,Spotify,1.33,0.34
28,Male,Germany,Unemployed,Married,6.66,8.79,0.63,2.19,3.0,TikTok,10.09,Tablet,58.09,10GB,1,High,9,6.11,5,7,1.07,1002.74,217.67,5,News,Education,Netflix,3.42,0.29
21,Male,UK,Unemployed,Divorced,7.68,3.83,1.23,5.67,4.88,Instagram,3.07,PC,39.92,50GB,6,Low,5,7.84,8,2,0.94,2200.46,57.49,2,Movies,Education,Netflix,1.15,0.16
61,Male,Germany,Professional,Single,2.37,8.36,2.67,0.71,2.18,YouTube,4.37,Tablet,52.14,10GB,5,High,2,5.16,5,9,0.62,2842.36,197.24,2,Movies,Entertainment,Netflix,0.38,1.32
55,Other,Australia,Retired,Married,7.29,8.41,2.43,4.9,0.74,YouTube,9.28,Tablet,12.06,50GB,9,Moderate,4,4.28,6,9,0.7,1201.71,347.36,5,Short Videos,Networking,YouTube,2.45,2.05
45,Female,Canada,Retired,Divorced,6.92,7.79,4.12,2.12,4.13,Instagram,10.94,Tablet,54.57,Unlimited,1,Low,1,4.06,7,6,1.25,3054.8,61.42,4,Short Videos,Education,Spotify,1.85,0.82
58,Female,Canada,Retired,Married,2.67,2.54,2.19,1.56,4.74,YouTube,9.85,PC,83.54,10GB,8,High,3,8.09,9,2,0.97,1795.85,19.18,4,Movies,Entertainment,Netflix,1.6,0.35
54,Other,UK,Unemployed,Married,0.56,6.55,3.58,1.25,2.13,Facebook,9.97,Smartphone,45.3,50GB,8,High,4,7.43,7,1,2.22,8559.2,69.52,2,Short Videos,News,Spotify,0.22,0.64
22,Female,UK,Retired,Married,5.82,6.5,1.46,2.61,3.92,Twitter,6.29,PC,38.82,10GB,8,Low,2,4.31,8,7,1.87,4338.69,1.13,0,Short Videos,Networking,YouTube,2.05,1.49
59,Female,USA,Professional,Married,3.09,8.1,3.37,3.42,3.74,YouTube,6.36,Tablet,5.81,50GB,1,Moderate,6,4.11,9,6,2.65,503.34,11.62,4,News,Networking,Spotify,2.09,2.37
41,Other,Australia,Student,Single,1.99,4.41,0.9,5.09,0.7,Instagram,2.29,Tablet,32.76,10GB,8,High,4,8.78,6,4,1.41,2880.24,396.16,4,News,Networking,Amazon Prime,1.19,2.2
54,Male,Germany,Unemployed,Divorced,2.4,6.11,3.85,4.03,3.67,YouTube,6.75,Smartphone,87.57,10GB,1,High,9,8.96,4,4,2.86,9515.05,66.38,3,Movies,Networking,YouTube,0.88,2.81
59,Other,Germany,Unemployed,Married,7.21,1.85,1.29,1.56,2.13,Twitter,3.12,PC,6.29,Unlimited,7,Moderate,4,7.42,7,1,1.4,9701.23,115.21,5,News,Entertainment,Netflix,0.3,2.49
29,Male,India,Retired,Divorced,5.83,1.33,1.64,6.27,1.64,YouTube,7.8,PC,73.53,10GB,2,Low,2,4.77,6,5,1.84,2444.35,4.23,0,Series,News,Amazon Prime,1.66,2.22
18,Other,UK,Retired,Married,4.63,6.18,4.17,5.53,4.38,Twitter,11.3,Smartphone,70.18,10GB,3,Low,6,5.0,2,5,2.79,1591.14,96.84,0,News,Entertainment,Amazon Prime,0.94,1.02
24,Female,USA,Student,Single,6.97,3.62,0.87,4.6,2.35,Twitter,2.46,PC,18.68,10GB,8,Moderate,8,8.9,6,2,0.59,6042.71,360.93,5,News,News,YouTube,0.19,1.72
35,Female,Germany,Retired,Married,5.2,1.7,2.84,1.37,3.44,Facebook,7.47,Smartphone,61.98,Unlimited,5,Moderate,8,5.73,8,2,0.37,4880.97,4.53,2,News,News,Netflix,0.9,0.05
55,Male,Canada,Student,Married,3.49,4.35,1.0,6.16,3.04,TikTok,3.15,PC,78.56,50GB,1,Low,9,7.92,9,6,0.93,4862.66,284.14,2,Movies,Education,Spotify,0.43,2.01
57,Male,USA,Student,Single,4.34,4.61,3.43,6.37,4.39,TikTok,10.21,Tablet,30.87,Unlimited,7,High,8,6.69,5,9,0.06,4116.62,36.28,2,Series,News,Netflix,0.22,0.99
13,Male,Canada,Unemployed,Single,5.3,8.0,4.66,3.59,0.78,Instagram,10.24,Tablet,34.13,Unlimited,4,High,6,6.13,9,5,0.82,7505.38,405.82,3,Movies,News,Netflix,0.58,1.99
39,Male,Germany,Unemployed,Single,3.51,8.87,2.16,2.33,0.11,YouTube,11.34,Tablet,40.9,Unlimited,6,Moderate,7,7.41,7,1,0.7,9602.8,304.1,4,Short Videos,News,YouTube,3.0,1.78
34,Male,Germany,Retired,Widowed,6.42,5.35,0.24,2.41,2.28,Instagram,11.46,PC,31.79,Unlimited,5,Low,2,8.62,9,4,2.06,6302.36,481.5,4,Short Videos,Education,Amazon Prime,0.35,2.42
24,Female,India,Professional,Single,5.22,8.33,2.21,3.89,4.41,Instagram,3.17,PC,46.37,Unlimited,7,Moderate,3,6.52,4,1,1.22,9087.83,48.16,4,Movies,Education,YouTube,3.1,0.84
19,Female,UK,Retired,Single,2.02,6.29,4.04,0.91,2.45,YouTube,9.09,Tablet,58.42,Unlimited,5,Moderate,7,5.69,4,2,2.12,1740.12,431.71,1,News,Education,Spotify,0.69,1.26
30,Other,Canada,Professional,Widowed,7.64,3.64,1.81,1.83,2.11,TikTok,8.61,PC,25.82,10GB,8,Moderate,7,8.3,3,2,0.33,6910.55,97.02,4,Movies,Entertainment,Spotify,2.31,2.76
62,Other,Germany,Unemployed,Single,3.99,7.2,0.38,6.81,1.82,Twitter,4.89,Tablet,88.23,10GB,3,Moderate,2,8.15,6,6,0.32,3846.0,24.42,2,Short Videos,Networking,Netflix,2.69,2.33
29,Female,Germany,Student,Widowed,5.53,3.52,3.0,2.75,0.45,Twitter,5.57,Smartphone,95.95,10GB,2,Low,7,6.05,7,7,0.24,8052.58,356.8,2,Movies,Education,Spotify,1.82,2.16
39,Other,Australia,Student,Widowed,7.32,0.54,2.99,5.17,2.87,Facebook,9.22,PC,70.98,50GB,7,Moderate,2,4.56,8,1,0.99,8441.5,129.88,4,News,Entertainment,YouTube,0.79,1.15
49,Female,Canada,Retired,Widowed,6.91,1.5,4.29,5.58,3.09,Twitter,4.47,Tablet,25.06,Unlimited,7,High,1,8.83,2,5,1.83,845.48,352.02,1,Short Videos,Education,YouTube,1.24,1.21
31,Female,India,Unemployed,Widowed,3.12,5.02,2.84,3.01,2.3,TikTok,11.56,PC,40.97,Unlimited,1,Low,3,5.4,1,1,1.71,2799.29,284.35,1,News,Education,Spotify,1.12,1.53
63,Female,Germany,Retired,Widowed,7.66,9.8,3.94,2.37,3.47,TikTok,6.65,Tablet,68.01,10GB,4,Moderate,2,5.63,1,9,2.38,3392.69,85.96,2,Short Videos,News,Netflix,1.65,1.27
63,Male,Canada,Professional,Single,0.62,1.59,1.01,5.16,3.08,YouTube,2.84,Smartphone,87.15,50GB,2,Moderate,9,7.41,8,6,2.52,6743.99,285.46,5,Short Videos,Education,YouTube,3.58,1.32
26,Male,USA,Student,Widowed,3.74,2.6,1.04,2.17,0.44,TikTok,9.4,Tablet,12.54,10GB,5,Low,6,5.99,6,2,2.13,3517.84,283.6,0,Short Videos,Networking,Spotify,0.36,1.79
38,Male,Germany,Unemployed,Single,3.18,2.26,2.53,0.62,1.14,Instagram,10.02,PC,64.83,50GB,2,High,4,6.16,8,3,0.21,8034.23,159.76,0,Short Videos,News,YouTube,1.06,0.59
28,Female,Canada,Unemployed,Widowed,4.63,6.23,3.64,0.75,4.52,Facebook,10.91,Tablet,6.44,Unlimited,6,Moderate,8,5.03,7,9,0.77,9090.53,313.21,0,Movies,Networking,Amazon Prime,2.82,0.77
27,Other,Germany,Unemployed,Divorced,2.09,7.51,0.28,2.37,0.87,TikTok,10.21,Smartphone,42.68,10GB,9,Moderate,7,8.05,8,1,0.81,3732.34,214.27,5,Series,Education,Spotify,3.24,0.1
14,Male,Australia,Student,Single,4.61,4.18,0.61,4.97,0.37,Facebook,7.17,Smartphone,22.15,50GB,4,Low,6,6.77,4,2,1.41,6184.8,159.45,2,Short Videos,Entertainment,Amazon Prime,1.56,1.46
44,Other,Germany,Retired,Married,6.7,9.6,1.11,2.57,4.47,YouTube,6.69,PC,58.04,10GB,1,Low,7,6.9,6,8,0.72,2322.31,385.4,4,News,News,YouTube,0.34,0.81
39,Male,Canada,Retired,Widowed,4.67,6.62,4.4,1.87,0.79,YouTube,6.5,Smartphone,74.92,10GB,5,High,8,8.37,9,4,2.38,3531.59,494.91,5,News,News,YouTube,3.74,2.27
15,Other,India,Student,Single,7.66,9.66,1.73,4.51,0.87,YouTube,9.48,Smartphone,5.46,50GB,6,High,7,5.45,3,2,2.52,3570.44,289.99,1,Short Videos,Education,Spotify,2.02,1.62
27,Female,Germany,Unemployed,Married,7.82,6.98,2.77,2.76,3.48,TikTok,8.02,Smartphone,84.33,50GB,1,Moderate,4,7.07,6,1,0.52,9518.78,16.61,5,Short Videos,News,Amazon Prime,0.98,1.42
60,Male,USA,Retired,Divorced,7.68,0.88,4.21,4.96,1.09,YouTube,11.32,Tablet,87.71,50GB,8,Moderate,6,6.6,9,1,2.47,8371.57,45.23,1,Movies,Entertainment,YouTube,2.91,2.28
25,Male,Canada,Student,Single,0.61,0.71,4.53,1.43,3.74,Twitter,11.32,Smartphone,28.79,50GB,6,Moderate,4,5.56,8,4,2.96,588.02,470.12,0,Short Videos,Networking,Amazon Prime,0.36,1.97
20,Female,Canada,Student,Single,7.23,0.89,1.52,1.67,4.73,TikTok,3.13,Smartphone,64.98,10GB,3,Moderate,6,6.64,6,4,1.91,7201.31,256.26,2,Movies,Education,Amazon Prime,2.07,2.25
38,Other,UK,Student,Widowed,6.03,8.55,2.98,1.43,4.54,YouTube,3.39,Smartphone,51.13,50GB,2,High,4,6.13,2,4,1.51,5031.99,252.86,5,Series,Entertainment,Amazon Prime,3.64,2.8
64,Male,Germany,Retired,Married,2.21,5.53,2.01,1.24,1.76,YouTube,8.8,Tablet,43.04,50GB,2,High,6,7.82,5,8,2.91,2903.55,290.32,1,Series,Education,Spotify,2.67,2.82
25,Other,India,Retired,Widowed,3.32,4.87,3.89,1.89,2.17,TikTok,7.76,Tablet,46.08,Unlimited,5,Moderate,6,4.78,4,5,0.4,4717.5,363.33,1,News,Networking,YouTube,3.74,2.65
47,Other,Canada,Unemployed,Married,7.99,7.72,3.27,4.51,4.74,YouTube,11.68,Smartphone,23.35,10GB,7,High,8,4.33,8,6,2.04,6609.7,104.63,2,Series,Networking,Spotify,3.68,2.87
52,Other,India,Professional,Divorced,1.35,6.41,1.56,6.98,0.82,YouTube,2.59,PC,5.16,Unlimited,3,High,2,5.56,3,6,2.6,2634.7,178.77,5,Series,Education,Amazon Prime,1.89,2.71
25,Male,Canada,Student,Married,5.66,2.78,0.94,5.49,1.31,Facebook,7.02,Smartphone,94.16,50GB,7,Low,7,6.48,6,6,2.24,5061.29,364.75,2,Series,Entertainment,Amazon Prime,0.63,0.05
50,Other,Australia,Professional,Divorced,6.9,4.05,3.43,3.77,4.51,Twitter,4.69,Tablet,61.73,50GB,2,Low,3,5.31,2,7,2.84,7696.07,108.99,5,Series,Networking,YouTube,2.31,2.98
32,Other,Germany,Student,Widowed,1.28,8.53,3.96,5.65,1.3,YouTube,4.75,Tablet,92.15,10GB,5,High,1,8.61,7,6,2.27,9059.16,100.24,5,Series,Entertainment,YouTube,2.64,1.19
45,Other,Canada,Retired,Divorced,6.46,4.0,3.91,1.17,3.88,Facebook,9.58,PC,34.33,Unlimited,9,Moderate,8,4.17,2,9,1.3,3347.5,60.2,4,Short Videos,Education,Amazon Prime,2.12,1.12
45,Male,India,Retired,Single,4.5,5.73,0.27,4.17,3.09,Instagram,9.04,Tablet,28.86,10GB,4,Moderate,2,5.75,7,1,1.14,7319.97,446.12,2,News,Entertainment,Amazon Prime,1.44,2.75
40,Male,Australia,Student,Married,1.13,7.59,4.06,4.78,2.73,Twitter,10.99,Tablet,34.7,50GB,9,Low,5,6.26,7,8,2.31,5882.51,256.63,3,Movies,Entertainment,YouTube,1.92,1.1
17,Other,USA,Retired,Single,1.92,1.91,4.31,1.3,2.07,Instagram,4.23,Smartphone,59.65,10GB,8,High,3,5.0,5,7,2.22,4845.73,195.68,4,Short Videos,Networking,Amazon Prime,2.65,0.47
56,Female,USA,Student,Married,2.56,2.29,4.42,2.71,2.6,TikTok,9.89,Smartphone,53.51,10GB,1,Moderate,9,7.69,2,4,1.32,2426.52,429.37,2,News,Education,YouTube,0.3,0.73
29,Other,Germany,Retired,Married,7.44,9.26,0.87,1.83,2.62,YouTube,6.16,Tablet,47.52,10GB,8,Moderate,4,8.57,1,9,1.91,4902.53,458.41,5,Series,Networking,Amazon Prime,0.79,0.23
22,Other,Canada,Retired,Single,7.92,7.69,0.69,4.36,2.01,Facebook,7.47,PC,98.96,Unlimited,1,Moderate,9,8.81,5,7,0.13,3936.04,13.04,3,News,Networking,YouTube,3.03,2.52
15,Male,Germany,Unemployed,Single,2.09,6.81,2.18,4.08,1.7,TikTok,7.12,Tablet,5.52,50GB,7,High,2,7.37,8,4,0.31,6528.69,346.04,3,Short Videos,Entertainment,Amazon Prime,3.63,1.19
43,Female,Canada,Student,Divorced,0.6,8.37,2.92,2.03,4.17,Twitter,11.84,Tablet,57.23,Unlimited,6,Low,5,5.81,6,2,1.58,9418.83,381.62,3,Movies,Networking,Amazon Prime,0.88,0.92
48,Other,Germany,Retired,Married,2.0,10.0,2.34,3.97,2.17,Facebook,10.8,Tablet,79.95,50GB,5,High,1,8.63,5,5,1.21,9215.58,333.93,4,Movies,Networking,Spotify,3.75,2.91
13,Other,Germany,Student,Single,6.97,4.49,4.2,3.34,4.85,Instagram,5.34,Smartphone,27.06,50GB,6,Low,5,7.12,6,9,0.77,8075.19,152.59,1,Series,Networking,Spotify,3.67,2.43
39,Female,Germany,Professional,Married,7.19,3.57,4.19,6.21,1.68,YouTube,11.11,Tablet,25.24,Unlimited,9,High,3,4.25,4,8,2.05,8223.85,474.11,1,Short Videos,Education,Amazon Prime,0.77,1.51
24,Other,USA,Professional,Married,1.37,2.22,0.71,3.78,0.84,YouTube,4.86,PC,44.95,50GB,9,Low,9,7.37,7,2,2.78,3000.11,186.12,2,Short Videos,Networking,Spotify,3.48,1.51
46,Other,UK,Professional,Widowed,1.04,5.35,1.92,3.0,2.12,Instagram,6.61,Smartphone,24.97,Unlimited,5,Low,2,4.07,3,7,0.33,5700.28,177.19,5,Movies,Entertainment,YouTube,1.85,0.39
22,Female,UK,Student,Married,7.68,8.94,1.52,3.37,4.69,Facebook,2.64,Smartphone,62.81,10GB,1,Low,2,8.03,6,6,0.92,6826.9,298.32,2,Series,News,YouTube,0.05,0.51
48,Male,UK,Unemployed,Divorced,5.68,5.26,2.7,3.52,1.19,Instagram,10.95,Smartphone,59.0,10GB,9,Moderate,7,8.5,6,3,0.56,9993.53,174.32,2,Series,Entertainment,Amazon Prime,3.67,1.18
33,Male,Germany,Retired,Divorced,3.62,1.95,3.96,1.62,2.71,TikTok,8.95,Tablet,90.86,Unlimited,4,High,7,6.53,5,5,1.52,8116.8,104.68,1,Movies,Entertainment,Netflix,1.86,1.56
61,Other,India,Student,Single,4.25,8.65,0.21,4.17,0.33,Facebook,5.11,Smartphone,21.11,10GB,2,Low,2,4.52,5,3,0.89,913.69,341.71,5,News,Entertainment,YouTube,1.23,1.49
20,Female,Germany,Student,Divorced,5.49,6.49,1.91,1.32,1.15,TikTok,3.18,Tablet,37.48,10GB,4,Low,1,8.59,5,3,2.15,4686.12,100.03,3,Series,Education,Amazon Prime,2.62,1.31
30,Male,Canada,Retired,Widowed,0.61,5.64,2.53,4.54,3.81,YouTube,5.27,Tablet,35.47,Unlimited,3,Low,2,6.99,3,9,1.5,8085.6,238.33,3,Movies,News,YouTube,0.65,1.44
18,Male,Germany,Retired,Married,0.81,7.92,4.01,4.38,4.02,Twitter,9.16,Smartphone,27.15,Unlimited,3,Low,1,7.1,4,5,0.8,7187.02,354.1,1,Short Videos,Networking,YouTube,1.69,0.94
61,Male,Australia,Retired,Widowed,1.63,2.84,3.35,5.28,4.37,Instagram,2.85,Smartphone,41.48,50GB,6,Moderate,7,4.79,5,1,1.25,6429.86,202.07,4,News,Education,YouTube,3.1,0.29
58,Other,USA,Retired,Single,5.29,5.82,1.58,1.29,0.41,Facebook,8.12,PC,14.6,Unlimited,5,Moderate,7,4.62,2,7,1.45,6446.02,215.43,0,Short Videos,Education,Spotify,2.88,2.53
26,Female,UK,Unemployed,Widowed,2.31,7.21,3.63,5.92,0.37,Twitter,2.53,PC,79.45,10GB,8,High,2,5.68,8,6,1.63,2017.08,18.87,5,Movies,Entertainment,Netflix,2.05,0.36
47,Male,UK,Unemployed,Married,1.88,5.38,1.87,0.76,2.01,Facebook,6.93,PC,36.93,50GB,5,High,9,7.0,4,3,0.12,1415.4,326.66,0,Short Videos,Education,Spotify,0.02,1.6
55,Female,USA,Student,Divorced,6.16,4.66,1.11,1.06,0.65,YouTube,2.66,PC,74.19,10GB,8,Low,1,4.79,7,1,0.83,649.27,349.95,4,News,News,Amazon Prime,0.24,0.38
41,Male,UK,Student,Widowed,5.53,8.68,1.2,0.54,4.82,YouTube,8.47,Tablet,30.88,50GB,7,Moderate,3,5.67,5,8,2.55,923.38,374.69,4,News,Education,Amazon Prime,0.47,2.36
40,Female,Germany,Retired,Married,3.27,0.55,3.33,1.51,1.67,Facebook,11.45,Tablet,5.64,10GB,1,High,3,7.96,4,4,2.3,5989.75,457.85,3,Short Videos,Networking,Netflix,3.56,2.48
25,Other,Canada,Student,Widowed,5.11,3.75,1.5,4.04,1.96,Facebook,3.19,PC,68.34,Unlimited,8,Low,3,7.96,9,3,2.21,9657.86,430.5,0,Series,Education,Amazon Prime,1.81,2.3
17,Female,Australia,Professional,Married,4.92,9.79,0.44,3.61,4.1,TikTok,8.97,Tablet,31.83,50GB,8,High,9,6.69,8,8,2.67,8026.28,75.38,3,News,Entertainment,Spotify,1.28,0.89
59,Female,USA,Retired,Widowed,3.85,3.85,2.22,5.05,3.01,YouTube,2.03,Smartphone,6.15,10GB,6,Moderate,3,4.15,2,2,2.68,8414.0,354.15,0,Movies,Entertainment,Amazon Prime,1.75,0.47
59,Female,Australia,Professional,Married,4.58,9.57,4.65,2.5,1.74,Instagram,3.92,PC,35.49,10GB,7,High,3,4.79,8,3,2.85,3495.53,100.78,3,Series,News,Spotify,3.81,1.96
45,Male,Australia,Retired,Divorced,3.03,6.77,3.33,0.72,0.26,Facebook,5.6,Tablet,40.32,10GB,4,Moderate,9,4.07,2,3,2.86,5858.71,194.75,5,Short Videos,Entertainment,Spotify,3.65,2.89
30,Male,Canada,Professional,Married,1.82,0.81,4.95,1.33,1.61,Facebook,9.96,PC,81.94,Unlimited,9,Moderate,1,6.48,7,2,2.22,8224.62,368.7,0,Series,Entertainment,Netflix,0.35,0.55
31,Female,Canada,Professional,Widowed,3.16,8.39,1.31,5.01,0.32,Instagram,9.3,Tablet,40.93,10GB,1,Moderate,3,8.55,8,6,1.85,3780.84,324.31,5,Movies,News,Spotify,3.63,1.61
50,Other,UK,Professional,Divorced,6.88,4.13,3.67,1.18,2.96,Facebook,4.72,PC,28.05,Unlimited,2,Low,7,7.38,5,6,2.44,4642.81,461.81,3,Short Videos,Networking,Spotify,1.18,0.09
59,Male,UK,Student,Single,1.41,5.24,0.25,1.04,4.36,Facebook,3.53,Tablet,30.78,Unlimited,1,Moderate,9,4.37,5,3,2.31,3591.82,392.24,2,Movies,Networking,Netflix,3.38,0.08
59,Other,USA,Student,Widowed,1.99,7.69,3.48,5.63,0.87,Twitter,10.22,Smartphone,33.64,50GB,5,Moderate,7,7.95,5,5,0.81,3790.48,450.98,1,News,News,Netflix,2.42,2.31
53,Other,Canada,Student,Divorced,2.55,1.04,1.84,3.02,0.24,TikTok,9.56,Tablet,25.54,10GB,7,Moderate,2,4.39,4,4,1.32,8383.72,112.12,1,Series,Entertainment,YouTube,1.11,0.79
46,Male,India,Professional,Married,1.28,0.73,2.59,5.55,1.42,YouTube,8.37,Smartphone,44.81,50GB,7,Moderate,1,5.46,7,8,2.6,8431.18,74.94,3,Movies,Networking,Spotify,1.69,1.21
17,Female,Canada,Retired,Married,3.82,0.87,4.32,6.8,0.75,YouTube,2.98,Tablet,10.92,50GB,9,Moderate,3,6.57,8,7,1.8,3194.69,1.57,1,Movies,Education,Netflix,1.21,0.72
21,Male,Canada,Retired,Married,5.29,7.26,4.58,5.15,2.01,TikTok,4.49,PC,6.5,Unlimited,9,Moderate,6,6.93,4,2,0.31,8370.47,254.4,3,Short Videos,Networking,Netflix,3.01,1.12
59,Other,India,Student,Divorced,7.21,3.2,1.63,3.66,3.61,Instagram,10.75,Smartphone,31.15,Unlimited,8,High,1,5.07,4,8,0.51,4853.04,52.67,4,Movies,Networking,Spotify,0.53,0.09
44,Male,UK,Professional,Divorced,2.57,1.24,1.73,2.35,0.99,Instagram,6.31,Smartphone,69.45,10GB,6,High,5,4.63,8,4,2.13,1269.85,420.49,3,Short Videos,Networking,Amazon Prime,1.58,2.82
13,Male,Australia,Professional,Married,2.95,6.85,4.57,2.26,3.63,YouTube,6.18,Smartphone,82.55,Unlimited,5,Low,4,7.72,7,5,0.48,8002.53,84.38,5,Series,Networking,Amazon Prime,1.47,2.79
18,Female,India,Professional,Divorced,1.48,3.24,0.65,2.9,4.22,Twitter,10.53,Smartphone,10.31,50GB,5,High,2,5.8,8,1,0.52,1815.49,397.93,1,Short Videos,News,Spotify,0.68,0.48
47,Female,Canada,Professional,Married,6.58,2.74,0.23,0.72,3.93,TikTok,3.16,PC,13.5,50GB,5,Moderate,2,4.97,4,2,1.78,1044.0,260.85,3,Series,Entertainment,Spotify,0.97,0.32
13,Other,Canada,Unemployed,Single,6.07,5.44,0.45,2.51,0.36,Facebook,4.25,Smartphone,91.63,50GB,7,High,2,6.7,5,4,2.57,9330.05,321.38,2,News,Education,Spotify,2.7,1.03
21,Other,Australia,Professional,Married,7.77,4.69,0.8,5.14,0.75,Instagram,4.46,Tablet,32.0,10GB,3,Moderate,6,8.57,3,9,1.28,7810.71,149.07,1,Short Videos,News,Spotify,1.76,0.64
41,Female,UK,Professional,Divorced,3.12,1.03,3.87,4.21,0.05,Twitter,7.91,Smartphone,8.3,Unlimited,2,High,2,8.69,6,1,1.64,7175.72,379.33,5,Series,Networking,Netflix,1.22,1.68
48,Female,USA,Student,Married,4.21,5.21,2.46,2.86,4.84,Facebook,5.01,Tablet,72.63,Unlimited,3,Moderate,2,7.49,8,2,2.35,7424.58,44.17,0,Movies,News,YouTube,3.17,1.98
46,Female,Canada,Professional,Married,7.79,8.72,4.22,1.84,0.12,Twitter,7.96,Tablet,13.28,10GB,8,High,2,6.26,3,2,0.02,7742.76,136.3,0,Series,Entertainment,YouTube,2.36,1.14
24,Male,India,Unemployed,Married,2.54,1.68,1.93,3.77,1.77,Instagram,6.0,PC,7.68,10GB,2,High,7,8.85,5,7,2.01,2759.81,411.91,5,Short Videos,News,Netflix,2.85,0.69
50,Female,Australia,Professional,Widowed,3.09,6.7,2.21,2.87,0.05,YouTube,10.36,Tablet,96.36,50GB,8,Low,8,6.46,7,5,2.1,9017.02,169.36,3,Series,Entertainment,Netflix,0.46,2.28
25,Other,India,Unemployed,Divorced,2.13,4.57,1.24,2.13,1.93,Instagram,9.71,PC,59.19,50GB,4,Moderate,3,5.43,5,5,1.26,6805.9,336.54,1,Short Videos,News,Spotify,3.7,2.15
29,Female,Australia,Unemployed,Widowed,7.29,0.75,1.42,2.73,4.11,YouTube,8.82,Tablet,20.17,10GB,8,Low,4,4.52,6,8,0.69,1546.64,37.2,3,Short Videos,Education,Netflix,3.66,0.05
51,Female,Australia,Unemployed,Married,1.26,3.8,1.94,5.0,0.41,YouTube,2.23,PC,62.14,50GB,8,Low,8,4.16,5,4,0.9,7551.59,453.81,3,News,Entertainment,Netflix,1.46,2.24
46,Female,Canada,Unemployed,Divorced,4.49,5.72,3.68,3.9,4.89,Instagram,5.42,PC,12.93,Unlimited,1,High,8,6.22,7,5,2.03,7085.66,472.77,2,Movies,Networking,Netflix,0.25,0.74
57,Female,UK,Professional,Single,5.62,4.64,3.41,1.21,1.46,TikTok,11.48,Smartphone,50.59,10GB,6,High,4,6.12,1,2,1.31,9906.6,349.4,1,News,Education,YouTube,2.96,0.95
47,Male,UK,Unemployed,Married,7.33,6.2,4.4,3.97,1.73,YouTube,3.02,Smartphone,58.35,Unlimited,4,Low,2,7.71,4,3,2.34,3545.84,336.43,5,Series,Entertainment,Netflix,0.71,1.59
42,Other,USA,Retired,Widowed,4.0,7.71,3.39,2.37,0.09,TikTok,6.82,PC,54.54,10GB,5,Low,2,8.71,9,5,2.54,5473.83,468.5,2,Movies,Networking,Amazon Prime,1.28,1.41
17,Male,India,Retired,Divorced,1.69,6.4,4.79,1.04,1.17,Facebook,6.64,Smartphone,97.62,10GB,1,Moderate,7,6.48,5,7,0.08,7991.64,274.1,1,Short Videos,Networking,Amazon Prime,3.58,0.35
32,Female,India,Retired,Married,0.63,8.86,0.35,4.15,2.25,Instagram,10.78,Smartphone,88.36,50GB,6,Moderate,9,6.23,2,4,1.83,9699.46,101.54,0,Series,Entertainment,YouTube,1.83,1.3
26,Female,USA,Unemployed,Divorced,2.46,2.67,2.1,1.35,2.36,Instagram,7.22,Tablet,90.1,50GB,2,High,8,4.3,6,8,2.65,4045.67,439.92,1,Movies,Entertainment,YouTube,2.34,2.23
25,Other,India,Retired,Divorced,5.12,9.0,2.94,6.83,3.66,Facebook,2.08,Tablet,29.11,50GB,4,Low,4,5.0,8,8,0.74,3169.24,18.06,3,Short Videos,Entertainment,Spotify,3.23,0.49
63,Other,Australia,Unemployed,Divorced,5.56,2.86,1.74,6.47,1.94,Facebook,5.51,Smartphone,78.82,10GB,1,Low,7,8.65,9,8,1.64,1408.56,39.99,0,News,Networking,YouTube,3.82,0.17
33,Female,Canada,Professional,Divorced,1.68,8.02,0.67,1.94,2.85,Instagram,7.84,Smartphone,9.98,10GB,2,Low,4,5.27,9,6,1.02,1401.41,261.86,2,News,Networking,YouTube,0.78,0.24
59,Other,UK,Student,Single,2.78,6.81,4.18,2.36,3.62,YouTube,4.56,Tablet,39.75,10GB,1,Moderate,2,6.3,3,7,1.35,534.72,36.31,1,Movies,News,Netflix,2.99,1.79
45,Female,Canada,Professional,Divorced,1.77,6.15,2.83,0.95,1.33,TikTok,3.68,Tablet,67.28,50GB,4,Moderate,8,7.08,7,4,0.04,6385.47,146.08,1,News,News,Netflix,1.92,1.69
54,Male,India,Unemployed,Widowed,4.81,3.77,1.37,6.44,0.08,TikTok,7.72,Tablet,48.36,Unlimited,9,Low,9,4.62,1,5,0.29,8366.76,71.7,2,Short Videos,Networking,Amazon Prime,0.38,2.72
39,Other,Canada,Unemployed,Married,1.76,0.76,4.21,1.34,3.64,Facebook,7.49,Tablet,24.76,50GB,5,High,2,7.82,8,9,0.04,7315.38,240.45,1,Series,Networking,Netflix,1.59,2.78
43,Other,USA,Student,Divorced,0.89,5.59,2.51,2.23,0.35,Instagram,3.9,Smartphone,85.57,Unlimited,4,Moderate,5,4.05,2,9,1.14,2247.69,115.5,1,Short Videos,Networking,Netflix,2.32,2.99
38,Other,UK,Retired,Married,3.17,6.81,2.9,5.82,1.75,YouTube,2.49,Smartphone,21.86,10GB,9,Moderate,2,5.66,6,5,2.42,1801.67,186.93,0,Short Videos,Entertainment,YouTube,1.95,2.7
23,Other,Canada,Student,Divorced,1.24,3.7,1.64,1.35,2.71,Instagram,5.59,Smartphone,65.62,10GB,3,High,8,5.18,9,1,0.35,6266.79,402.47,1,News,Networking,YouTube,0.04,2.73
50,Female,UK,Student,Single,6.26,6.47,1.73,6.02,0.14,TikTok,5.55,Smartphone,65.64,Unlimited,2,Low,7,4.77,4,5,2.91,3326.39,40.03,5,Short Videos,Education,Spotify,3.48,2.39
27,Other,India,Unemployed,Married,5.19,2.44,4.38,6.57,1.02,Twitter,11.36,PC,53.43,50GB,1,Low,7,8.63,3,8,1.33,9444.35,301.94,0,Series,Education,YouTube,2.79,2.99
14,Male,Germany,Student,Single,2.33,6.23,0.58,4.31,3.86,TikTok,2.06,PC,93.68,10GB,9,Low,9,8.3,5,2,1.33,9527.71,329.62,4,Series,News,YouTube,0.29,1.24
46,Other,India,Retired,Widowed,3.88,2.46,3.63,4.81,4.62,Instagram,4.86,Tablet,43.26,10GB,8,High,6,4.26,2,2,0.86,3047.14,77.99,5,News,Education,YouTube,1.59,2.46
22,Other,Germany,Student,Divorced,4.05,1.19,2.82,2.55,0.54,TikTok,4.49,PC,5.37,Unlimited,9,Moderate,2,7.5,4,6,1.04,4870.99,106.35,3,Movies,Education,YouTube,3.67,0.79
61,Other,Germany,Professional,Married,2.4,9.11,3.28,4.91,0.24,Facebook,8.88,PC,34.17,10GB,9,Moderate,4,7.69,6,5,2.15,9514.66,219.85,1,Short Videos,News,Amazon Prime,3.99,1.94
62,Female,UK,Retired,Married,5.9,2.89,2.26,1.13,0.9,Facebook,3.06,PC,30.76,50GB,2,Low,3,7.93,4,8,1.43,3480.54,382.53,1,Series,Education,Amazon Prime,0.25,2.69
60,Female,India,Retired,Widowed,2.8,0.88,1.61,2.77,1.51,YouTube,10.07,Smartphone,65.3,10GB,3,Low,6,6.47,8,3,1.73,3190.76,8.06,0,Short Videos,Entertainment,Amazon Prime,1.47,1.18
32,Male,UK,Unemployed,Single,6.69,5.75,2.28,1.74,1.46,Instagram,7.38,Tablet,59.85,50GB,4,Low,6,5.76,5,1,2.82,1014.96,97.48,3,Movies,Education,Amazon Prime,2.49,0.93
13,Other,USA,Student,Widowed,5.58,2.48,0.99,3.44,4.79,TikTok,4.76,Smartphone,81.37,50GB,8,High,4,8.75,9,7,1.0,1311.12,70.23,5,News,News,Netflix,1.95,0.53
61,Female,Australia,Retired,Married,5.81,6.94,2.63,1.49,0.17,TikTok,7.53,Smartphone,90.41,50GB,7,High,1,8.78,6,3,2.77,5964.57,429.19,1,News,Networking,YouTube,1.95,1.2
35,Male,Australia,Professional,Married,5.33,3.2,1.57,5.26,1.94,TikTok,8.55,Tablet,15.97,10GB,5,High,2,5.36,1,6,2.59,3050.93,85.73,4,Short Videos,Networking,YouTube,2.33,2.64
63,Female,UK,Professional,Married,7.48,5.01,3.56,6.66,2.47,TikTok,5.35,Tablet,48.69,Unlimited,8,High,9,8.29,2,8,0.45,2426.12,208.05,1,Series,News,Netflix,1.26,0.52
63,Male,Australia,Unemployed,Single,6.82,6.16,0.98,6.09,4.95,TikTok,7.77,PC,40.54,Unlimited,8,Low,9,7.03,5,7,2.09,1561.66,464.71,0,News,Entertainment,YouTube,0.45,1.95
57,Male,UK,Retired,Single,2.55,7.43,1.03,6.65,0.43,Facebook,6.81,Smartphone,17.06,Unlimited,2,Moderate,5,4.87,3,5,2.83,2888.93,489.82,3,News,Networking,Amazon Prime,0.74,0.79
28,Female,UK,Retired,Single,7.56,4.14,4.94,5.21,0.45,TikTok,3.1,Tablet,31.49,Unlimited,1,Moderate,8,8.75,4,2,2.99,5933.03,9.65,2,Movies,Education,Amazon Prime,1.77,0.0
33,Female,India,Unemployed,Divorced,2.57,0.9,3.04,3.75,2.14,TikTok,4.61,PC,68.65,50GB,2,High,1,6.02,5,1,2.04,7466.13,141.78,2,News,Education,Spotify,1.28,1.74
57,Other,Germany,Student,Married,3.89,2.2,4.16,3.14,3.39,Twitter,3.48,PC,22.72,10GB,8,Moderate,5,5.15,2,6,1.31,6189.89,103.37,3,News,Education,Spotify,1.91,1.27
29,Female,USA,Retired,Divorced,1.17,6.98,3.07,1.26,0.29,Facebook,10.15,Smartphone,71.91,50GB,5,Moderate,5,7.92,1,6,0.32,9523.44,376.33,1,Movies,Education,YouTube,0.74,1.59
21,Other,Australia,Retired,Widowed,5.06,9.23,2.46,5.54,3.1,Facebook,2.45,Tablet,89.34,10GB,5,High,4,8.19,4,2,1.57,8983.41,121.44,0,News,Education,YouTube,2.9,1.09
41,Other,Australia,Professional,Widowed,4.3,1.76,2.59,5.84,4.0,YouTube,3.31,PC,75.03,50GB,7,Low,6,5.17,2,5,2.32,9437.29,32.54,4,News,Networking,YouTube,3.01,1.04
61,Male,Australia,Student,Divorced,7.15,4.67,0.26,6.32,4.19,Twitter,10.49,PC,27.08,Unlimited,3,Moderate,5,4.4,5,4,2.24,7723.48,287.1,1,Short Videos,Education,Spotify,3.96,2.49
49,Female,USA,Student,Divorced,6.62,8.65,0.37,1.91,1.98,TikTok,2.25,Smartphone,13.95,50GB,8,Moderate,6,6.76,6,1,2.63,1054.16,12.96,4,Series,Networking,YouTube,3.23,1.09
42,Male,Australia,Unemployed,Divorced,6.49,7.69,2.71,0.81,1.64,TikTok,2.7,Tablet,45.6,50GB,5,Low,1,6.49,8,10,0.83,4418.74,323.57,5,Short Videos,Education,Spotify,1.57,1.12
18,Male,UK,Professional,Divorced,5.66,9.04,2.0,5.89,0.59,Facebook,9.84,Smartphone,20.51,10GB,1,High,6,7.62,8,5,0.56,6264.43,323.3,3,Short Videos,Entertainment,YouTube,2.52,2.9
44,Male,India,Student,Single,7.31,3.08,3.62,0.97,1.48,TikTok,8.58,PC,74.19,Unlimited,2,Moderate,4,8.18,9,2,0.79,9337.67,435.79,1,Series,News,Netflix,3.58,0.71
64,Male,Canada,Retired,Widowed,2.04,9.21,0.55,5.36,3.84,YouTube,2.83,Smartphone,16.66,50GB,5,Moderate,4,5.47,3,1,0.84,7354.07,218.48,1,Short Videos,Entertainment,Spotify,1.98,1.28
20,Other,Australia,Professional,Widowed,5.86,4.78,3.18,3.31,1.54,Twitter,11.38,PC,79.31,Unlimited,1,Low,9,5.84,4,3,1.8,4128.33,173.22,5,News,Education,YouTube,3.91,2.88
39,Female,Germany,Student,Married,5.32,2.35,1.24,6.59,1.5,TikTok,3.1,PC,18.62,Unlimited,3,High,6,5.12,3,9,2.82,4794.83,267.75,2,News,Education,Netflix,0.33,1.0
58,Male,Germany,Unemployed,Single,5.11,6.16,1.48,3.94,4.85,Twitter,9.21,Tablet,96.82,10GB,6,Low,3,6.49,1,7,2.32,9739.47,445.11,4,News,Education,Spotify,2.13,2.21
51,Other,Australia,Retired,Widowed,6.46,7.54,1.34,3.94,3.94,Twitter,9.14,PC,82.16,10GB,2,High,9,7.6,1,1,0.24,7074.06,196.73,2,Series,News,Netflix,2.29,0.18
49,Female,Canada,Retired,Widowed,2.61,7.48,0.31,3.95,2.81,TikTok,2.99,PC,67.34,50GB,5,Low,3,8.15,2,7,2.51,8878.8,68.04,1,Series,Networking,Amazon Prime,0.91,2.43
49,Other,Germany,Professional,Single,4.68,7.02,3.19,5.97,1.79,Facebook,4.42,Tablet,50.69,10GB,9,Moderate,1,5.64,3,4,0.5,4765.93,80.82,4,Short Videos,Education,Netflix,3.78,0.76
31,Other,UK,Unemployed,Single,2.6,3.06,1.22,2.81,0.21,TikTok,6.32,PC,85.73,10GB,3,High,9,6.12,2,1,2.31,8675.58,274.14,1,Series,News,Amazon Prime,2.86,0.34
28,Female,Australia,Student,Married,2.62,3.52,3.7,6.02,2.24,TikTok,10.27,PC,40.57,50GB,7,High,8,8.72,7,2,2.49,7302.53,334.67,1,Movies,Networking,Netflix,0.21,0.62
55,Female,Germany,Professional,Single,5.15,4.57,3.27,6.12,2.14,YouTube,11.96,Smartphone,83.8,50GB,8,Moderate,1,5.42,6,1,0.7,4550.6,66.75,5,Short Videos,News,Spotify,3.57,2.22
55,Female,USA,Retired,Married,5.55,8.97,3.2,1.29,4.13,Twitter,2.47,Tablet,99.65,Unlimited,5,Low,1,5.61,6,4,2.53,4747.76,314.17,1,Movies,News,Amazon Prime,2.4,2.98
58,Male,USA,Student,Single,2.53,8.75,2.48,2.11,4.66,TikTok,11.5,PC,42.13,50GB,8,Low,2,6.7,6,8,1.79,8272.5,488.21,5,News,News,Spotify,3.74,2.15
60,Other,India,Retired,Widowed,0.96,1.22,1.41,4.69,4.07,Twitter,11.21,Smartphone,71.82,50GB,3,Moderate,3,8.69,4,2,1.67,8587.52,76.53,2,News,Education,Amazon Prime,2.93,2.27
39,Other,USA,Unemployed,Divorced,6.63,6.05,1.64,6.47,0.34,Facebook,5.2,PC,60.66,50GB,1,Moderate,2,4.2,6,2,2.17,4142.58,254.02,2,News,News,Spotify,1.63,1.23
39,Male,Australia,Retired,Single,3.23,5.11,2.14,0.97,0.6,TikTok,5.54,Tablet,68.42,10GB,9,Low,6,8.65,8,4,0.42,4086.43,357.04,4,Short Videos,Entertainment,Netflix,1.94,1.58
54,Female,Germany,Unemployed,Married,5.19,2.73,3.74,3.12,1.2,Facebook,6.37,PC,50.91,50GB,5,Moderate,1,8.31,1,4,0.17,9994.31,409.7,5,Short Videos,News,Netflix,3.5,1.16
46,Male,Canada,Student,Widowed,5.41,1.1,1.1,2.31,0.0,Twitter,5.88,Tablet,10.94,50GB,6,High,2,4.35,3,4,0.77,8394.83,37.07,4,Movies,Networking,YouTube,1.27,2.59
49,Female,UK,Unemployed,Divorced,4.83,4.43,3.27,4.5,1.91,TikTok,3.4,Smartphone,59.82,Unlimited,2,High,6,7.71,6,3,1.81,8955.66,40.87,2,Series,Networking,Spotify,3.26,2.0
54,Male,India,Unemployed,Widowed,6.25,4.24,3.78,5.92,2.62,TikTok,6.36,Tablet,47.15,Unlimited,2,Moderate,8,6.81,6,2,0.58,1148.04,251.96,1,Short Videos,Entertainment,Spotify,3.85,1.08
59,Male,Canada,Student,Divorced,6.7,5.68,2.5,6.35,1.14,Facebook,3.09,Tablet,39.88,10GB,7,Moderate,8,7.93,1,1,0.63,626.9,409.86,0,Movies,News,Spotify,2.88,2.28
30,Female,Germany,Student,Widowed,6.08,2.12,1.05,6.03,2.44,TikTok,6.22,PC,23.74,Unlimited,1,Moderate,8,7.05,4,4,1.86,1960.79,114.45,5,Movies,Entertainment,YouTube,3.02,0.61
32,Other,India,Unemployed,Divorced,6.0,2.3,2.61,6.73,1.05,YouTube,4.87,Tablet,79.93,50GB,1,High,4,6.43,9,5,1.05,9220.9,373.94,3,News,Entertainment,YouTube,2.84,2.31
17,Female,USA,Professional,Divorced,5.09,7.08,4.31,6.7,0.75,TikTok,10.43,Smartphone,95.93,10GB,4,High,3,7.27,4,4,2.87,7310.39,212.74,5,Series,Entertainment,YouTube,3.59,1.89
43,Female,USA,Unemployed,Single,3.4,8.66,2.91,5.39,3.14,Twitter,11.09,Smartphone,60.2,50GB,8,Moderate,6,8.11,7,2,0.22,3091.78,407.36,0,Series,Networking,Amazon Prime,2.49,0.53
14,Other,Australia,Professional,Widowed,6.52,3.15,2.59,6.15,4.04,TikTok,3.98,Smartphone,33.78,10GB,7,Low,7,4.93,1,2,2.14,8078.27,343.66,0,Movies,News,Spotify,0.35,0.99
37,Other,Australia,Unemployed,Divorced,4.23,3.22,4.61,1.36,1.23,Instagram,7.25,Smartphone,80.52,Unlimited,9,Low,4,5.89,1,4,1.85,8335.37,441.62,4,Series,Networking,Amazon Prime,0.65,1.19
41,Male,Germany,Student,Divorced,4.56,8.08,2.09,5.59,3.81,YouTube,11.47,PC,35.43,50GB,7,Low,4,4.11,7,9,0.23,8647.74,393.29,4,News,Networking,Spotify,2.59,2.5
27,Male,UK,Student,Divorced,2.67,0.77,3.87,1.87,4.21,TikTok,5.7,PC,67.21,50GB,4,Moderate,1,6.95,5,3,1.76,1821.99,265.14,3,Movies,Entertainment,Amazon Prime,1.67,1.89
43,Female,UK,Professional,Married,4.03,8.6,4.83,2.45,0.27,Twitter,5.13,PC,72.0,10GB,5,Low,7,5.55,1,8,1.98,7645.61,245.52,3,Short Videos,News,YouTube,0.13,2.15
14,Other,UK,Student,Widowed,2.14,1.18,3.85,6.2,0.14,Twitter,9.0,PC,75.08,Unlimited,1,Moderate,4,7.26,8,2,0.75,4768.0,402.06,2,Movies,Entertainment,Netflix,2.89,0.64
14,Female,Canada,Professional,Divorced,3.21,5.73,3.94,4.33,1.72,Instagram,4.44,PC,29.4,10GB,1,Low,5,6.44,6,5,3.0,8123.52,311.71,2,News,Entertainment,Netflix,1.68,1.54
55,Other,Canada,Retired,Divorced,6.39,8.46,1.87,0.74,2.3,Instagram,2.27,Smartphone,69.54,Unlimited,7,Moderate,9,5.36,8,5,2.94,4036.54,112.96,3,Series,Entertainment,YouTube,1.35,2.06
31,Female,India,Unemployed,Widowed,7.48,6.65,3.44,0.93,4.18,Instagram,5.94,Smartphone,94.43,50GB,8,Low,9,8.7,2,1,2.01,6434.24,71.91,0,Series,Education,Netflix,0.51,0.25
19,Other,India,Unemployed,Single,3.28,3.18,4.26,5.09,1.4,Twitter,6.23,PC,37.96,50GB,9,Moderate,9,6.22,6,5,1.73,5335.58,369.17,1,Short Videos,Entertainment,Amazon Prime,2.81,1.4
40,Male,India,Retired,Married,3.59,8.01,3.45,5.49,0.95,Instagram,5.9,Tablet,43.4,10GB,1,Low,1,8.47,8,4,2.62,6350.38,467.97,2,News,Education,Spotify,1.79,2.33
53,Female,Australia,Professional,Widowed,3.72,3.81,4.32,5.23,3.29,TikTok,6.54,Tablet,51.87,10GB,8,High,8,6.08,4,6,0.56,5154.08,338.58,2,News,Networking,Amazon Prime,0.5,2.43
24,Other,India,Retired,Widowed,6.89,8.31,2.04,4.36,1.39,YouTube,2.92,PC,98.11,10GB,4,Low,4,8.74,5,2,2.67,6337.83,438.72,1,Series,Education,Amazon Prime,2.19,1.27
45,Male,USA,Unemployed,Single,2.43,9.29,4.69,4.47,2.6,Twitter,6.69,Tablet,19.17,10GB,9,High,8,6.2,3,1,0.74,8349.73,98.72,1,News,Networking,Netflix,3.81,1.03
17,Other,Germany,Professional,Widowed,0.76,9.12,3.04,2.44,4.66,YouTube,7.46,Smartphone,69.8,50GB,2,Low,9,7.7,6,1,0.98,5629.1,307.63,3,News,Entertainment,Spotify,1.68,1.04
15,Other,India,Professional,Widowed,0.56,1.37,4.03,3.37,0.02,Twitter,11.06,Smartphone,77.25,10GB,3,Low,7,7.69,7,2,1.99,1816.51,195.29,5,Movies,Education,Amazon Prime,1.41,0.29
40,Female,India,Unemployed,Widowed,5.41,4.94,1.6,0.97,4.44,Facebook,8.2,Smartphone,67.65,10GB,7,High,8,5.18,3,7,0.96,745.29,381.68,2,Short Videos,News,Netflix,0.91,1.13
41,Male,Australia,Unemployed,Single,0.64,8.56,0.93,1.4,4.61,Facebook,10.46,Smartphone,24.6,Unlimited,5,Low,1,4.31,7,6,1.09,1814.27,409.49,2,Short Videos,News,Netflix,2.16,1.84
46,Male,Australia,Unemployed,Divorced,0.53,2.39,1.52,2.93,0.42,Instagram,6.81,PC,90.46,50GB,7,Low,9,6.19,3,1,1.43,4112.03,497.4,5,Short Videos,Entertainment,Spotify,0.9,0.55
50,Male,India,Professional,Married,2.39,9.77,1.02,6.68,1.85,TikTok,9.65,PC,17.72,50GB,6,High,1,6.97,2,8,2.95,7137.25,295.82,0,Movies,Education,Amazon Prime,2.99,2.76
63,Other,Australia,Unemployed,Single,3.3,7.43,4.26,4.08,3.91,Instagram,6.96,PC,55.77,50GB,6,Low,6,8.53,3,5,2.31,2572.33,86.44,2,News,News,Amazon Prime,2.25,2.59
39,Male,Germany,Unemployed,Married,5.64,3.75,0.77,3.61,0.19,Twitter,8.64,Tablet,66.98,50GB,6,Low,4,4.63,1,7,1.5,9189.05,419.58,0,Short Videos,Networking,Spotify,1.41,0.94
29,Female,UK,Student,Married,6.8,3.06,2.24,5.01,0.98,Twitter,10.09,PC,60.93,Unlimited,2,Moderate,4,5.92,6,9,0.76,2465.27,328.05,2,Series,Networking,YouTube,0.48,0.69
54,Other,Canada,Student,Widowed,5.78,9.0,0.64,3.21,3.0,Facebook,8.91,Tablet,45.75,Unlimited,3,High,3,6.24,7,1,2.15,9802.87,326.25,0,Movies,News,YouTube,0.49,0.97
27,Male,Germany,Student,Married,3.25,6.63,1.7,3.37,1.54,YouTube,6.76,Smartphone,15.81,50GB,2,High,9,6.84,9,6,0.64,7674.04,259.41,4,Movies,Entertainment,Amazon Prime,1.77,0.93
35,Female,India,Unemployed,Married,3.3,8.45,3.74,1.15,1.4,Twitter,3.59,PC,64.01,50GB,1,Low,7,8.45,3,1,2.07,1364.97,115.47,5,Short Videos,News,YouTube,3.63,1.82
17,Male,Germany,Retired,Divorced,6.26,7.4,1.48,1.32,0.9,YouTube,8.67,Smartphone,53.43,Unlimited,3,High,1,7.38,2,8,1.85,2810.71,321.91,3,News,News,Netflix,3.31,2.37
14,Female,UK,Unemployed,Married,4.46,6.51,2.27,4.21,3.16,TikTok,2.24,PC,43.37,10GB,5,Moderate,1,4.17,1,1,2.4,9644.47,334.96,1,Movies,News,Netflix,0.69,2.61
63,Male,USA,Unemployed,Divorced,3.94,6.93,0.84,4.04,1.65,Twitter,9.9,PC,41.39,Unlimited,4,High,6,5.53,3,6,2.55,2720.45,264.61,3,Short Videos,Entertainment,Netflix,2.33,2.16
56,Male,USA,Student,Divorced,2.77,2.13,1.09,5.98,1.56,YouTube,11.34,PC,37.16,10GB,6,High,2,7.0,3,2,0.25,6286.75,383.14,0,Short Videos,Education,Netflix,2.78,2.11
49,Female,Germany,Professional,Single,5.93,9.93,2.93,0.9,4.72,Facebook,7.32,Smartphone,48.79,10GB,1,Low,8,6.58,5,7,1.81,873.08,78.89,2,Series,News,Amazon Prime,2.02,0.91
34,Male,Germany,Professional,Divorced,7.52,4.45,4.28,5.49,0.73,Instagram,5.04,PC,58.47,10GB,3,High,6,8.69,8,5,1.34,7870.91,422.21,1,Movies,Entertainment,Netflix,3.83,1.69
22,Male,India,Unemployed,Married,4.64,1.21,1.44,1.58,1.4,TikTok,9.33,PC,71.86,10GB,1,Moderate,5,4.01,9,6,1.6,537.32,409.28,4,Movies,News,YouTube,0.62,2.67
21,Female,Germany,Student,Single,2.88,6.79,1.84,6.13,1.82,Twitter,11.46,Smartphone,63.42,10GB,3,High,4,4.57,2,8,2.19,6031.3,131.78,2,News,Entertainment,Amazon Prime,3.38,1.58
26,Male,Australia,Unemployed,Single,1.87,8.72,1.67,5.23,0.2,Twitter,3.47,Smartphone,39.2,50GB,6,High,7,7.56,4,7,0.11,5690.66,447.73,2,Movies,Entertainment,Amazon Prime,3.16,0.6
41,Female,Australia,Unemployed,Widowed,4.18,0.99,3.93,2.1,0.75,YouTube,2.58,PC,79.23,Unlimited,5,Moderate,5,7.83,2,7,1.9,6672.0,187.45,1,Short Videos,Entertainment,Netflix,0.03,0.69
50,Other,UK,Retired,Widowed,0.93,7.75,3.61,2.65,1.95,Twitter,9.63,Tablet,37.75,Unlimited,2,Low,6,5.84,6,2,2.63,1318.4,316.19,2,News,Entertainment,Spotify,1.74,0.78
47,Male,Australia,Student,Divorced,3.37,2.22,1.47,2.1,3.18,TikTok,5.72,Tablet,5.55,Unlimited,7,Low,1,7.46,6,6,1.39,3364.77,223.24,4,Movies,Entertainment,Netflix,1.65,1.63
27,Other,Australia,Unemployed,Married,3.78,0.9,2.01,4.74,4.86,Instagram,7.46,Smartphone,13.51,10GB,7,Low,8,7.39,5,6,0.15,1885.7,138.71,1,News,Education,Spotify,3.53,2.18
62,Other,Germany,Professional,Single,2.33,2.33,4.14,3.75,4.01,TikTok,5.08,Smartphone,6.69,Unlimited,9,Low,1,8.73,1,2,1.06,6165.45,211.96,3,Short Videos,Entertainment,Spotify,1.23,1.68
51,Female,USA,Retired,Divorced,6.51,0.9,1.94,3.34,4.09,Facebook,11.55,Smartphone,22.63,50GB,2,Low,2,8.43,1,3,0.73,6760.18,164.1,4,Movies,News,YouTube,3.61,0.99
41,Female,Australia,Retired,Divorced,1.56,1.06,2.66,1.33,0.33,Facebook,7.9,Smartphone,81.43,Unlimited,2,High,7,5.45,2,2,2.05,9689.92,394.98,3,Movies,Networking,YouTube,2.65,2.59
44,Male,UK,Unemployed,Single,7.78,1.79,3.17,2.34,1.27,Instagram,3.39,Tablet,55.76,10GB,3,High,5,6.97,8,8,1.08,4733.89,271.59,0,Short Videos,News,YouTube,1.51,2.71
34,Female,India,Unemployed,Divorced,1.33,5.56,0.79,5.95,3.47,Instagram,9.08,Smartphone,32.19,10GB,7,Low,7,5.04,4,9,1.94,828.78,260.94,1,Movies,Entertainment,Amazon Prime,0.09,0.55
25,Male,USA,Retired,Divorced,7.94,1.41,1.15,2.92,4.46,TikTok,4.34,Smartphone,89.71,Unlimited,6,Low,5,6.55,2,2,2.54,9068.23,285.47,3,Short Videos,Networking,Amazon Prime,3.85,2.35
31,Other,USA,Unemployed,Married,5.86,4.6,4.32,3.77,4.84,Twitter,2.07,PC,5.64,Unlimited,3,High,4,8.34,1,3,2.54,1856.52,421.24,3,Series,Entertainment,Spotify,0.32,1.66
52,Female,Germany,Professional,Widowed,4.02,5.19,3.27,5.64,2.6,Twitter,11.04,Smartphone,27.79,50GB,8,High,1,6.85,5,4,2.62,3043.48,312.96,2,News,Education,YouTube,3.02,2.14
13,Other,USA,Professional,Single,6.03,3.65,2.52,1.51,2.9,YouTube,7.4,Tablet,92.82,50GB,7,Moderate,2,6.42,8,3,1.04,4515.09,123.08,2,Series,Education,Amazon Prime,1.56,2.49
19,Female,Australia,Student,Single,6.43,7.36,0.48,3.56,3.3,Facebook,2.33,PC,60.53,50GB,2,High,8,5.52,5,2,2.19,9645.15,330.27,5,Series,Education,Netflix,2.91,0.54
15,Other,USA,Unemployed,Widowed,6.51,3.11,2.37,1.73,4.91,Twitter,10.12,PC,95.71,50GB,7,High,1,4.72,1,2,1.78,6177.78,365.11,4,News,Education,YouTube,2.69,2.93
15,Male,India,Student,Divorced,6.16,6.29,3.37,1.59,0.29,Twitter,9.82,PC,90.44,10GB,8,Moderate,1,7.36,2,2,0.23,1497.76,149.15,0,News,Networking,Amazon Prime,1.05,1.37
57,Male,UK,Student,Widowed,0.54,4.29,2.57,5.3,0.7,Facebook,7.73,PC,73.01,50GB,9,Low,9,5.75,4,1,0.13,5514.81,68.06,3,Movies,Education,Netflix,3.58,1.01
49,Female,Canada,Professional,Widowed,2.26,4.38,1.12,5.74,4.95,Twitter,10.47,PC,92.34,50GB,9,High,6,7.08,3,5,2.67,9187.69,185.31,5,Movies,News,Spotify,2.65,2.48
37,Other,Germany,Unemployed,Widowed,6.31,8.17,3.42,1.0,1.9,Instagram,4.61,PC,28.48,50GB,7,Low,7,7.88,7,2,2.14,943.74,25.35,2,Movies,Education,Netflix,2.22,2.93
18,Other,UK,Professional,Married,5.99,0.79,4.05,4.85,4.28,Twitter,9.75,PC,81.09,50GB,3,Moderate,2,5.61,1,2,1.84,8445.43,272.98,1,News,Entertainment,Spotify,3.96,1.45
38,Other,UK,Professional,Widowed,2.85,6.76,0.76,6.86,3.27,Facebook,11.63,Tablet,99.63,50GB,5,Low,6,4.6,5,6,2.34,2202.22,387.96,0,Series,Education,Spotify,2.99,1.04
37,Female,India,Student,Widowed,7.49,7.68,1.36,6.87,4.57,Instagram,10.89,Smartphone,68.39,Unlimited,9,High,6,6.01,7,2,0.39,2924.59,67.83,5,Movies,Education,Amazon Prime,1.77,0.85
22,Male,Germany,Professional,Widowed,0.8,7.43,0.7,1.37,4.19,TikTok,9.4,Smartphone,52.58,10GB,3,Low,7,4.31,9,6,2.98,8320.65,206.38,2,Series,Networking,YouTube,2.63,0.29
35,Other,Canada,Retired,Married,2.25,3.8,0.56,1.14,2.88,Twitter,8.94,Smartphone,72.6,10GB,9,Low,3,7.66,7,1,1.91,8028.37,252.63,5,Short Videos,Education,Netflix,3.81,2.77
33,Female,USA,Student,Divorced,7.14,8.29,4.1,1.16,3.17,Instagram,11.2,Tablet,13.06,50GB,9,Moderate,9,4.98,1,4,0.43,6239.41,470.07,5,Short Videos,Entertainment,Netflix,0.69,0.95
45,Male,USA,Unemployed,Single,2.89,2.36,0.4,5.56,1.87,YouTube,3.87,PC,86.19,10GB,3,Low,1,7.33,4,8,1.3,8629.15,98.25,3,Movies,Networking,Netflix,1.92,0.39
46,Female,Canada,Unemployed,Divorced,7.81,4.47,4.89,4.93,2.6,YouTube,9.33,Tablet,48.23,Unlimited,1,Moderate,5,5.34,8,7,0.05,1558.41,300.91,4,Short Videos,Networking,Spotify,2.9,0.06
15,Female,Germany,Retired,Divorced,4.39,0.79,4.99,0.95,2.37,TikTok,11.28,Tablet,8.54,10GB,9,High,6,5.06,5,7,2.75,7432.75,46.92,1,Short Videos,Education,Spotify,0.58,1.69
32,Female,UK,Unemployed,Married,2.15,0.63,2.04,3.79,4.26,TikTok,2.25,Smartphone,65.1,10GB,1,Low,5,5.62,6,4,2.51,2462.66,107.04,5,Movies,Education,Amazon Prime,1.25,1.39
45,Other,Germany,Retired,Single,3.3,4.2,2.09,6.15,2.21,Facebook,2.22,PC,35.67,Unlimited,1,Moderate,5,7.42,6,8,2.49,4474.15,23.11,0,Series,Networking,YouTube,2.11,2.92
39,Other,Germany,Retired,Divorced,7.99,4.78,0.61,4.3,1.3,TikTok,9.76,Smartphone,80.87,50GB,1,High,4,4.16,6,1,0.34,9500.92,451.34,1,News,Networking,Spotify,0.77,1.55
57,Female,UK,Unemployed,Married,4.62,8.67,2.4,7.0,3.1,Facebook,4.27,Smartphone,22.64,10GB,5,High,4,7.31,5,1,1.71,4002.41,305.51,4,Movies,Networking,YouTube,3.7,1.89
47,Female,USA,Unemployed,Widowed,5.04,9.27,2.45,6.93,1.25,Facebook,4.72,PC,62.65,Unlimited,3,Low,7,5.47,9,9,1.61,9384.42,265.04,4,Movies,Education,Spotify,1.14,0.22
21,Male,Australia,Professional,Widowed,2.72,7.43,0.31,4.2,3.52,Twitter,5.17,Smartphone,16.07,10GB,8,High,9,5.95,5,3,2.63,1094.34,354.85,3,News,Entertainment,Netflix,3.53,2.08
16,Female,Germany,Professional,Divorced,2.29,6.48,4.86,2.46,2.51,YouTube,9.77,Smartphone,51.48,50GB,7,High,4,4.94,9,8,0.95,1279.81,2.58,0,Short Videos,News,Netflix,1.49,2.39
46,Female,Germany,Unemployed,Married,3.29,8.36,1.24,3.73,1.03,Instagram,7.54,Smartphone,81.57,Unlimited,1,High,2,8.43,7,4,0.02,8393.31,395.36,0,Movies,Entertainment,Netflix,0.44,2.43
14,Female,India,Retired,Divorced,4.4,2.11,3.48,0.74,3.28,TikTok,4.09,Tablet,87.05,50GB,5,High,6,4.94,4,8,0.65,7459.56,405.09,3,Short Videos,Education,Netflix,1.16,2.98
43,Male,India,Professional,Widowed,4.51,9.02,3.0,4.03,3.76,YouTube,8.85,Smartphone,76.8,50GB,9,Low,5,4.29,1,2,2.95,595.32,289.24,4,News,Entertainment,YouTube,3.31,2.83
61,Female,Australia,Professional,Married,7.5,3.58,4.83,5.55,4.81,Instagram,6.18,Tablet,35.44,50GB,9,High,9,8.96,1,4,1.8,9781.47,182.87,2,Short Videos,Entertainment,Netflix,0.64,0.67
42,Female,Australia,Student,Divorced,3.47,1.4,1.82,6.43,2.14,YouTube,7.53,Smartphone,43.89,10GB,3,High,3,7.2,4,1,2.91,3142.97,281.96,1,Series,Networking,Spotify,2.62,0.44
33,Female,Canada,Professional,Single,4.09,6.67,1.62,0.88,2.78,Facebook,8.1,Smartphone,24.25,50GB,4,Low,3,6.57,5,4,0.4,3468.65,79.49,2,Movies,Entertainment,Amazon Prime,2.16,1.58
46,Female,Canada,Unemployed,Single,6.78,2.91,2.92,5.6,2.54,Instagram,9.25,PC,35.88,10GB,6,Low,3,5.62,4,9,2.75,1274.46,205.28,3,Series,Education,Spotify,1.68,2.39
36,Other,Australia,Student,Widowed,7.08,4.88,1.63,6.12,3.89,Instagram,2.73,PC,14.71,10GB,8,Low,7,7.36,7,5,1.32,2629.36,158.64,5,Movies,Entertainment,Spotify,3.92,0.13
41,Other,UK,Professional,Single,5.67,7.62,4.17,2.08,2.85,Twitter,4.55,PC,52.31,50GB,3,High,7,4.25,2,9,0.18,8062.16,234.55,5,Series,Entertainment,Spotify,3.77,0.69
61,Other,USA,Professional,Widowed,1.97,3.14,4.59,3.89,4.69,Facebook,9.2,Tablet,73.08,Unlimited,2,Low,6,6.35,9,3,0.11,2695.45,492.11,1,Movies,News,YouTube,0.69,0.44
33,Male,Canada,Retired,Married,1.44,1.77,2.49,1.32,3.62,TikTok,9.98,Smartphone,5.49,10GB,6,High,6,8.04,1,5,0.14,4582.37,197.05,5,Series,Entertainment,Spotify,1.2,2.24
62,Male,UK,Professional,Divorced,2.08,5.13,3.13,4.73,1.74,Facebook,7.36,PC,73.03,Unlimited,1,Moderate,6,4.72,5,5,1.94,4907.43,231.6,1,Series,Education,YouTube,3.6,1.08
60,Other,Canada,Retired,Single,4.57,6.42,3.44,4.3,1.65,Facebook,8.83,PC,32.27,50GB,3,High,9,8.61,4,3,0.85,784.39,171.21,3,News,Entertainment,YouTube,1.03,2.51
23,Male,India,Retired,Single,0.94,7.47,3.34,1.4,4.72,Twitter,8.42,Smartphone,22.94,10GB,6,Moderate,8,7.53,8,7,1.77,9055.99,494.32,1,Series,Education,Amazon Prime,1.03,1.46
16,Other,USA,Professional,Widowed,3.59,2.1,4.19,4.65,3.91,Instagram,11.83,Smartphone,65.47,50GB,5,Low,2,8.34,8,3,0.69,988.24,129.52,0,News,Networking,YouTube,3.53,0.55
18,Female,India,Professional,Married,5.28,1.57,3.44,5.71,3.96,Instagram,9.22,Tablet,23.43,10GB,4,High,1,7.3,6,9,1.07,1743.67,369.47,3,Movies,Education,Netflix,1.04,1.52
13,Female,USA,Unemployed,Widowed,6.25,7.12,3.08,2.79,3.45,Twitter,2.66,Smartphone,49.06,Unlimited,6,Low,1,7.13,5,5,2.43,9516.03,405.26,1,Short Videos,Entertainment,Amazon Prime,3.62,1.98
17,Other,Australia,Student,Single,5.73,5.73,1.76,1.09,4.94,TikTok,10.78,PC,88.32,Unlimited,1,High,9,5.93,1,8,0.77,6833.79,331.49,3,Short Videos,Networking,Netflix,1.27,0.87
48,Female,USA,Professional,Single,1.1,1.0,1.34,4.42,1.9,TikTok,8.8,Smartphone,5.18,10GB,9,Moderate,6,4.78,2,5,0.4,9506.79,481.23,5,Short Videos,Entertainment,Amazon Prime,3.94,2.36
16,Male,USA,Unemployed,Divorced,3.54,9.64,0.22,3.18,2.96,TikTok,8.52,Tablet,48.04,Unlimited,1,Moderate,4,5.54,3,5,2.07,7567.37,79.91,3,Short Videos,Networking,Amazon Prime,2.87,2.34
29,Male,Australia,Unemployed,Widowed,2.45,3.59,0.71,3.04,4.22,Twitter,2.37,Tablet,53.79,10GB,5,Moderate,1,7.24,3,2,1.25,4245.32,141.39,0,Short Videos,News,Netflix,3.43,2.86
56,Male,Germany,Unemployed,Widowed,7.98,7.65,4.59,3.44,3.44,Instagram,5.05,PC,80.7,Unlimited,4,Moderate,4,5.76,7,7,0.54,9219.57,182.17,2,Series,Education,Spotify,1.19,0.6
14,Male,USA,Retired,Single,3.38,0.81,4.34,4.31,1.86,YouTube,4.77,PC,59.08,Unlimited,2,Low,3,8.13,2,2,0.08,3912.93,203.2,4,Short Videos,Education,Amazon Prime,2.32,2.56
55,Male,Canada,Student,Married,4.16,7.39,3.51,2.63,4.63,YouTube,5.93,PC,56.8,50GB,7,Low,2,4.96,5,9,0.04,1661.34,305.23,3,Short Videos,Networking,Amazon Prime,2.71,2.2
27,Other,Germany,Professional,Married,6.61,5.94,0.82,3.91,1.11,Instagram,3.35,Smartphone,36.15,Unlimited,4,Low,6,4.7,1,5,0.69,3789.24,468.92,2,Series,News,Spotify,1.29,1.98
19,Female,USA,Unemployed,Single,2.62,9.37,4.14,1.93,3.52,Facebook,2.59,PC,9.88,50GB,1,High,2,7.24,3,5,2.45,8550.17,290.61,2,News,Education,YouTube,1.96,2.97
49,Female,India,Retired,Single,4.46,9.99,4.88,6.57,3.03,Facebook,10.04,Tablet,10.08,10GB,3,High,4,6.45,4,2,1.02,3347.31,188.67,1,Short Videos,News,Netflix,2.8,0.36
45,Female,Germany,Student,Divorced,2.31,3.37,2.9,3.62,1.15,YouTube,3.85,Tablet,56.68,50GB,2,High,8,8.39,9,2,1.05,2726.05,37.47,5,Series,News,Spotify,0.71,0.58
58,Male,Canada,Student,Widowed,5.5,7.95,2.83,6.78,2.84,Facebook,3.15,Smartphone,49.47,10GB,4,Low,4,4.21,3,7,2.19,8626.52,126.92,1,News,Entertainment,YouTube,0.01,2.72
51,Female,Germany,Student,Single,0.95,2.32,2.59,5.97,1.82,Facebook,11.93,Smartphone,65.76,Unlimited,3,Low,6,8.41,9,9,2.2,4066.58,343.7,3,Movies,Networking,YouTube,2.09,0.66
54,Male,Canada,Professional,Single,6.94,5.18,1.81,4.53,0.17,TikTok,11.98,Tablet,11.41,50GB,8,High,1,5.68,3,9,2.22,3793.97,30.96,5,News,Networking,Spotify,2.44,0.47
27,Male,Australia,Student,Single,4.88,0.57,4.24,1.69,4.18,Instagram,7.1,Tablet,41.95,10GB,6,High,1,5.85,6,6,0.0,7012.81,5.53,3,Short Videos,Networking,Netflix,2.03,0.74
22,Other,Canada,Student,Widowed,5.56,3.59,0.59,0.99,1.79,YouTube,4.55,Tablet,60.63,10GB,5,Moderate,2,8.52,8,7,1.3,5580.0,178.7,2,Series,Networking,Spotify,3.31,2.59
52,Female,Canada,Unemployed,Widowed,0.68,1.28,2.79,1.36,4.43,YouTube,3.02,Smartphone,12.08,10GB,5,Low,6,8.01,9,8,0.22,1190.98,304.38,3,Movies,News,Amazon Prime,0.43,0.28
54,Other,India,Unemployed,Widowed,7.51,5.08,4.26,5.32,4.23,Instagram,8.36,PC,40.46,Unlimited,9,High,1,7.59,3,6,0.73,6425.14,392.1,3,Movies,News,Amazon Prime,2.12,0.15
64,Male,Australia,Unemployed,Married,0.88,9.99,0.71,3.97,1.84,YouTube,7.11,Tablet,11.67,Unlimited,6,Low,5,6.55,8,7,2.5,4926.08,42.84,0,Series,Education,Netflix,3.5,1.83
34,Other,Germany,Retired,Divorced,1.4,3.81,1.87,2.25,4.4,YouTube,3.94,Tablet,18.89,10GB,3,High,2,7.4,5,4,0.45,6885.74,345.14,3,Series,Entertainment,Netflix,0.12,1.81
32,Female,India,Student,Divorced,6.55,1.48,3.95,1.15,0.32,Twitter,5.31,PC,37.06,50GB,6,Low,6,5.76,6,6,1.96,9506.49,438.93,5,News,Networking,Amazon Prime,3.45,0.57
53,Female,Australia,Professional,Married,2.61,1.77,4.46,2.02,0.28,Instagram,6.55,PC,12.27,50GB,1,Low,9,4.43,6,7,2.69,2494.7,337.69,4,Movies,Entertainment,Amazon Prime,1.5,2.24
30,Male,Canada,Student,Widowed,0.5,0.52,0.77,1.42,0.18,Instagram,11.57,PC,76.65,50GB,8,Low,3,7.79,6,3,0.04,7235.79,300.77,1,Series,Education,Spotify,0.25,2.05
61,Female,Australia,Retired,Divorced,7.54,8.1,1.22,6.06,4.65,TikTok,5.99,PC,98.15,Unlimited,3,High,8,7.96,8,9,0.07,7578.25,235.84,3,Series,Networking,Spotify,0.86,2.47
57,Other,UK,Student,Single,7.88,2.02,3.51,4.02,1.78,Twitter,8.71,PC,55.95,10GB,8,Low,5,7.84,3,9,2.39,1275.08,154.17,1,Movies,Entertainment,Netflix,3.75,0.46
35,Female,Australia,Unemployed,Married,2.32,0.69,3.63,6.27,3.62,Twitter,7.72,Smartphone,98.24,10GB,9,Low,1,5.34,1,7,1.05,664.32,102.35,0,Movies,Networking,Netflix,1.73,0.12
52,Male,Canada,Unemployed,Widowed,7.8,8.74,2.2,1.94,0.58,Facebook,7.34,PC,23.14,Unlimited,1,High,3,8.71,3,7,0.58,1723.5,247.55,0,News,News,YouTube,1.79,0.24
52,Female,UK,Student,Widowed,5.2,1.17,2.69,2.6,4.43,Facebook,4.62,PC,47.56,50GB,1,Low,2,6.39,9,9,2.71,6744.74,40.16,1,News,News,YouTube,3.73,1.35
18,Other,Canada,Professional,Divorced,4.66,0.72,4.67,6.67,1.69,Facebook,3.86,Smartphone,94.43,50GB,8,Moderate,1,4.45,4,3,0.67,6367.25,489.67,5,Short Videos,Networking,YouTube,3.36,0.5
59,Female,UK,Professional,Single,2.29,4.25,2.77,5.98,1.96,Facebook,9.58,Tablet,9.4,Unlimited,9,Moderate,6,4.03,7,3,2.67,2882.81,190.04,0,Series,News,YouTube,1.33,0.68
39,Other,Canada,Unemployed,Married,4.05,9.03,4.61,1.63,1.28,YouTube,11.93,Tablet,78.2,10GB,3,Low,2,4.99,7,6,1.71,2439.19,414.94,2,News,Networking,YouTube,0.92,0.3
55,Female,UK,Retired,Widowed,0.84,6.53,0.92,6.53,3.9,Facebook,6.33,Smartphone,28.97,Unlimited,1,Low,7,7.76,7,5,0.51,8427.48,158.76,1,Movies,Entertainment,Spotify,0.95,2.17
29,Female,India,Professional,Married,6.29,1.98,2.22,2.67,0.78,Facebook,7.52,Tablet,47.02,10GB,6,Moderate,2,8.97,1,3,2.35,3978.5,359.01,0,Series,Entertainment,Spotify,3.61,2.68
59,Male,Canada,Unemployed,Single,6.79,2.07,2.22,2.51,4.98,Instagram,4.18,Smartphone,94.4,10GB,9,High,8,8.85,7,6,2.49,5778.23,18.46,0,Series,Networking,YouTube,3.8,0.89
33,Male,India,Student,Widowed,7.61,7.33,2.8,1.46,0.9,Twitter,10.65,Tablet,64.75,Unlimited,1,Moderate,4,5.04,9,2,0.1,3593.12,49.55,0,Series,Networking,YouTube,3.25,0.1
13,Other,UK,Student,Married,6.29,8.5,0.28,5.66,4.23,YouTube,5.36,Tablet,36.86,10GB,6,High,4,4.87,6,9,1.43,9686.58,189.46,0,Short Videos,Networking,Netflix,0.61,2.85
60,Other,Canada,Retired,Divorced,6.34,1.81,2.91,2.36,3.92,Twitter,8.73,PC,19.82,50GB,2,Moderate,3,8.05,3,4,1.51,555.85,393.86,2,Movies,Networking,Spotify,2.89,2.9
17,Male,Australia,Unemployed,Single,3.4,6.99,3.47,3.11,2.13,Twitter,7.25,Tablet,61.39,50GB,8,Moderate,1,7.0,4,4,2.71,3289.49,266.54,1,Series,Entertainment,YouTube,3.67,1.29
29,Other,India,Retired,Divorced,2.95,5.21,1.49,0.59,0.09,Twitter,5.54,Tablet,84.66,10GB,2,Moderate,3,7.3,5,4,1.56,8278.13,26.41,4,News,Networking,YouTube,1.62,0.4
62,Other,Canada,Professional,Divorced,5.19,8.74,4.57,0.7,3.58,Twitter,2.51,PC,64.18,50GB,9,Moderate,2,5.6,3,7,0.25,3838.18,178.03,5,News,News,Netflix,1.78,0.49
62,Male,Canada,Professional,Married,4.72,2.26,3.7,3.64,2.73,Instagram,2.71,PC,38.07,50GB,6,High,2,8.61,3,7,0.56,2285.94,302.68,2,Short Videos,News,YouTube,1.63,2.01
42,Other,Canada,Retired,Widowed,4.43,6.61,2.86,6.91,2.49,Twitter,10.42,Smartphone,98.22,10GB,9,Low,1,4.35,9,1,1.76,9756.56,156.51,0,Short Videos,News,Spotify,2.89,2.98
45,Female,Canada,Professional,Married,1.5,8.23,3.68,6.51,4.99,Facebook,5.12,Smartphone,56.02,Unlimited,3,High,6,5.04,4,8,1.13,2666.59,183.98,1,Short Videos,News,Amazon Prime,2.01,0.09
36,Female,Germany,Retired,Married,3.18,5.36,0.84,1.99,3.67,Twitter,7.66,PC,88.53,Unlimited,7,Low,9,7.85,2,1,1.78,4017.15,77.29,1,Series,Education,Netflix,0.54,1.54
28,Female,Germany,Professional,Single,2.86,6.88,0.28,4.55,2.32,TikTok,9.02,PC,38.59,Unlimited,3,High,1,5.67,8,2,2.46,7552.15,292.9,3,Movies,News,Spotify,0.93,2.97
30,Other,UK,Student,Married,1.76,8.65,4.23,2.78,2.27,TikTok,2.21,PC,13.16,Unlimited,4,High,4,8.51,1,4,2.15,8696.3,77.27,2,Movies,Entertainment,YouTube,3.62,1.3
47,Other,Canada,Retired,Widowed,3.41,9.13,1.8,5.39,2.91,YouTube,10.01,Tablet,39.52,Unlimited,2,Low,9,6.89,1,5,2.7,6062.09,477.66,3,Movies,Entertainment,Amazon Prime,3.68,1.87
52,Male,Canada,Retired,Married,0.96,7.12,2.47,1.22,4.37,Instagram,5.53,Smartphone,91.66,Unlimited,3,Low,2,8.03,5,5,1.8,2007.92,437.27,1,Series,Networking,YouTube,2.41,2.83
54,Male,Canada,Unemployed,Single,3.28,1.34,0.97,1.29,2.25,TikTok,9.33,Smartphone,46.95,Unlimited,5,Low,9,8.03,9,3,2.7,739.32,1.65,2,Movies,News,Spotify,0.72,0.26
54,Female,Germany,Unemployed,Widowed,2.66,1.25,4.19,4.22,2.48,Twitter,6.02,PC,97.02,50GB,4,Low,8,6.01,7,7,2.29,1410.6,125.82,1,News,Networking,Amazon Prime,2.89,2.48
17,Male,USA,Professional,Divorced,2.65,3.58,3.37,6.22,4.71,Instagram,8.69,Tablet,99.14,Unlimited,3,Low,3,6.41,7,4,1.39,6935.92,157.31,5,Short Videos,News,Spotify,3.32,0.07
38,Male,Canada,Unemployed,Single,1.23,3.5,4.69,6.56,4.82,Instagram,5.35,Tablet,22.03,10GB,1,Moderate,7,6.1,9,9,0.12,8090.44,216.04,0,Short Videos,Networking,Amazon Prime,2.38,2.22
15,Other,Germany,Student,Widowed,3.64,5.91,4.83,2.57,1.18,YouTube,7.74,Tablet,98.49,Unlimited,2,Low,3,6.34,2,1,2.53,4998.23,217.26,0,Short Videos,Networking,Netflix,2.31,1.02
41,Other,USA,Unemployed,Divorced,7.07,5.87,4.2,3.41,4.78,Twitter,10.24,PC,51.13,50GB,8,High,5,8.29,6,6,0.99,7124.74,370.66,5,Movies,Entertainment,Spotify,1.79,0.9
35,Other,UK,Unemployed,Married,7.52,8.21,0.68,4.15,2.79,YouTube,11.34,Tablet,17.01,10GB,8,Low,3,4.73,4,6,1.13,2736.97,119.28,2,Movies,Entertainment,Netflix,1.2,0.66
59,Male,Australia,Professional,Widowed,7.91,1.66,4.49,5.12,0.95,Facebook,4.15,Tablet,72.64,Unlimited,9,Low,2,8.64,3,9,1.82,5107.52,26.82,0,Short Videos,Entertainment,Netflix,3.26,1.3
31,Female,USA,Student,Single,5.05,5.42,1.73,4.08,4.79,Twitter,6.77,PC,50.71,10GB,5,High,8,7.24,2,6,1.65,7945.99,217.99,1,Short Videos,Networking,Netflix,2.85,0.31
19,Other,Germany,Unemployed,Single,7.86,7.22,4.63,5.25,4.68,Twitter,2.78,Tablet,56.58,Unlimited,2,High,7,6.31,5,1,1.57,8646.73,438.56,1,Movies,Entertainment,Spotify,2.72,1.36
20,Male,India,Unemployed,Divorced,3.37,6.47,4.31,2.92,4.38,Facebook,3.69,Smartphone,40.58,Unlimited,3,Low,5,6.86,5,3,2.9,5998.07,199.28,1,Movies,Education,Amazon Prime,2.14,0.84
52,Male,Germany,Student,Widowed,2.1,6.76,3.67,1.46,1.1,YouTube,10.92,PC,11.09,10GB,8,High,1,4.53,5,3,2.66,4217.45,475.08,0,Short Videos,Networking,Spotify,1.74,0.91
45,Male,Germany,Student,Divorced,0.6,3.88,3.12,3.95,1.19,YouTube,3.0,PC,75.1,50GB,5,Moderate,9,6.98,6,3,2.8,2313.99,222.83,1,Short Videos,Networking,YouTube,3.43,1.59
18,Female,Australia,Professional,Married,4.18,4.76,0.61,1.65,3.91,Twitter,10.23,PC,11.06,Unlimited,9,Moderate,9,8.12,5,8,1.76,1625.9,412.42,2,Movies,Entertainment,Netflix,0.75,1.48
17,Male,Australia,Unemployed,Single,1.13,3.94,2.54,6.34,2.42,Instagram,11.02,PC,8.67,Unlimited,5,Moderate,6,7.63,5,1,1.06,564.15,298.52,5,Short Videos,Entertainment,Amazon Prime,2.98,1.95
49,Female,Canada,Student,Divorced,5.63,5.62,4.13,6.88,4.12,Instagram,5.66,PC,84.51,50GB,3,Moderate,6,8.87,6,3,1.41,706.95,82.12,3,News,Education,YouTube,0.07,2.95
16,Female,Australia,Unemployed,Single,3.6,2.26,3.08,2.05,0.22,YouTube,6.47,Smartphone,38.88,Unlimited,1,Low,6,7.93,4,3,0.19,7580.77,423.75,4,News,Entertainment,Amazon Prime,3.82,1.27
55,Male,UK,Unemployed,Married,3.08,3.86,3.71,5.69,1.44,Instagram,5.25,Tablet,15.87,10GB,6,High,4,5.82,9,2,1.62,6186.65,344.24,1,Short Videos,Entertainment,YouTube,1.72,2.09
49,Other,Canada,Professional,Widowed,4.75,3.06,4.96,2.96,1.86,Twitter,2.62,Tablet,43.87,Unlimited,4,Low,5,8.7,1,3,2.66,2365.55,240.05,2,Movies,Education,Amazon Prime,2.71,1.31
17,Other,Canada,Professional,Single,1.97,3.37,1.29,3.84,0.03,YouTube,6.41,PC,89.08,50GB,2,High,5,4.62,1,8,2.1,4688.17,423.75,0,Series,Networking,Spotify,3.04,0.12
17,Male,Australia,Unemployed,Married,4.43,8.34,3.05,3.95,1.97,Facebook,5.99,Smartphone,62.12,10GB,2,Moderate,1,6.59,9,1,1.84,8420.91,380.46,2,News,Entertainment,YouTube,1.98,1.13
64,Male,Canada,Professional,Single,4.44,8.22,4.52,3.94,1.01,YouTube,2.69,Smartphone,29.64,Unlimited,7,High,8,7.82,9,4,1.72,766.54,34.17,2,Series,Entertainment,Amazon Prime,3.07,1.61
32,Female,Australia,Unemployed,Divorced,2.61,2.56,4.29,0.78,4.16,TikTok,11.66,Smartphone,13.46,Unlimited,8,Low,8,8.54,7,3,0.28,4884.41,169.82,4,Series,Entertainment,Spotify,2.58,2.24
32,Male,India,Unemployed,Single,5.9,1.05,3.5,1.91,1.72,TikTok,11.99,PC,92.43,Unlimited,1,Low,8,8.03,9,2,2.19,913.68,103.28,5,Short Videos,Education,YouTube,3.36,2.85
55,Female,India,Unemployed,Widowed,5.36,4.69,3.53,2.37,2.18,TikTok,7.57,Smartphone,87.58,10GB,5,Low,3,5.78,2,2,1.99,2489.99,457.7,4,Short Videos,News,Spotify,3.4,0.66
62,Male,USA,Professional,Married,2.33,9.17,2.48,2.63,3.66,YouTube,10.36,PC,97.78,Unlimited,4,High,6,8.13,1,5,1.86,7986.06,419.33,4,Movies,News,Amazon Prime,1.9,1.9
64,Male,Canada,Student,Single,6.61,8.58,1.49,5.3,3.38,TikTok,9.31,PC,44.92,Unlimited,2,Low,2,5.16,2,3,1.8,5878.26,261.98,2,Movies,Entertainment,Amazon Prime,3.33,1.62
52,Female,India,Professional,Single,1.1,7.83,0.45,6.1,2.24,Facebook,2.36,Tablet,54.55,Unlimited,6,High,7,4.22,4,9,1.71,6854.8,36.81,0,Short Videos,Education,Amazon Prime,1.42,0.57
32,Other,Australia,Student,Widowed,4.35,2.43,2.12,6.32,2.01,Twitter,10.52,PC,69.29,10GB,7,Low,1,8.0,6,6,0.71,4574.01,303.14,5,News,Entertainment,YouTube,3.22,2.84
17,Male,USA,Student,Single,6.56,7.66,3.56,5.17,1.98,Instagram,11.48,Tablet,32.91,50GB,6,Low,9,5.35,3,6,2.84,2389.39,354.94,1,Series,Education,Amazon Prime,0.67,0.58
53,Female,Australia,Student,Widowed,5.25,6.65,2.58,0.95,0.87,Twitter,9.77,Tablet,46.56,10GB,7,High,7,8.32,5,4,1.14,4497.84,488.45,1,News,Entertainment,Netflix,3.62,2.77
42,Male,Canada,Retired,Divorced,4.07,1.19,1.84,4.0,0.05,TikTok,5.6,Tablet,44.16,Unlimited,6,Moderate,7,4.43,8,8,1.65,5868.23,17.67,0,Short Videos,Education,Spotify,2.82,0.6
35,Other,India,Student,Single,3.43,4.05,2.38,3.87,1.24,YouTube,4.58,Smartphone,7.85,10GB,1,Low,8,4.66,5,7,2.23,1582.81,331.54,0,Movies,Networking,YouTube,1.62,1.99
60,Female,USA,Unemployed,Single,2.72,4.33,4.95,4.9,0.06,TikTok,9.6,PC,70.88,50GB,4,Moderate,9,4.56,1,3,1.24,5126.43,379.56,1,News,Education,Amazon Prime,1.67,1.94
18,Male,India,Professional,Widowed,2.8,7.13,1.01,3.54,4.02,Twitter,2.81,Tablet,81.08,50GB,9,Low,2,5.22,5,2,0.42,6569.52,153.23,4,Movies,Networking,Amazon Prime,1.55,1.24
38,Male,Canada,Unemployed,Single,4.87,7.56,0.45,5.16,0.92,Twitter,4.29,Tablet,26.27,50GB,2,Low,7,8.79,8,3,0.63,6012.68,261.7,4,Movies,Entertainment,YouTube,1.94,1.89
13,Other,USA,Student,Widowed,3.52,5.62,2.71,4.87,3.83,YouTube,3.08,Smartphone,96.48,50GB,1,High,1,5.6,2,5,2.83,6987.17,23.62,4,Short Videos,Entertainment,Spotify,2.02,1.11
37,Female,India,Professional,Married,7.13,3.54,2.17,6.87,2.29,TikTok,11.6,Smartphone,30.33,Unlimited,1,Moderate,3,4.26,2,2,2.39,9302.92,191.37,1,Series,News,Spotify,0.02,2.89
15,Other,Canada,Professional,Widowed,6.13,7.88,3.39,4.2,1.19,TikTok,2.44,Smartphone,23.37,50GB,9,Low,7,5.3,9,4,2.86,1877.18,160.8,1,Movies,Entertainment,YouTube,1.08,0.16
19,Other,UK,Student,Married,7.44,5.05,3.05,1.79,3.53,YouTube,4.41,Smartphone,11.24,Unlimited,9,Moderate,9,8.15,8,5,0.41,9989.29,225.28,0,Movies,Networking,YouTube,0.19,0.97
19,Female,Canada,Unemployed,Divorced,2.28,9.63,3.11,2.65,4.88,YouTube,8.51,PC,79.07,10GB,6,High,2,6.63,9,1,0.85,8433.89,6.74,4,Movies,News,Netflix,1.55,2.23
46,Other,USA,Retired,Divorced,1.7,2.93,3.51,2.64,1.63,Instagram,9.12,Smartphone,58.51,10GB,3,Low,5,6.49,3,9,0.97,7586.64,110.65,4,Movies,Education,Spotify,1.74,1.64
51,Male,USA,Unemployed,Divorced,7.69,9.28,2.99,1.57,4.12,YouTube,9.93,PC,98.87,10GB,4,Low,5,6.8,1,8,0.75,3784.39,360.27,0,Short Videos,News,Netflix,1.55,0.67
43,Male,Canada,Student,Single,2.98,4.96,3.32,4.31,0.36,TikTok,7.12,Smartphone,74.27,50GB,3,Moderate,7,4.79,7,9,1.04,1379.39,287.5,2,Series,Networking,Spotify,2.69,2.89
63,Other,USA,Retired,Divorced,0.99,8.58,0.34,3.38,3.8,Twitter,10.02,PC,27.54,50GB,5,Low,8,5.7,2,4,0.34,3709.93,387.86,2,News,Networking,Netflix,1.63,2.87
32,Male,Australia,Professional,Married,3.66,6.04,4.45,4.43,4.82,TikTok,2.36,PC,63.13,Unlimited,8,High,9,4.78,4,4,2.62,2453.71,368.83,3,News,News,Amazon Prime,0.32,1.02
27,Other,India,Professional,Divorced,3.89,7.12,3.04,1.69,0.74,YouTube,7.4,PC,42.88,10GB,9,Moderate,9,6.21,1,7,0.15,5474.85,40.26,5,Movies,Education,YouTube,1.42,1.73
58,Female,Australia,Unemployed,Married,7.56,5.55,1.0,6.77,1.95,Twitter,10.89,Smartphone,21.5,50GB,3,Moderate,5,8.2,5,3,2.75,9142.67,395.86,0,News,Entertainment,YouTube,3.63,1.19
24,Male,Australia,Retired,Single,4.47,1.64,4.53,1.38,1.06,YouTube,3.58,Tablet,44.48,50GB,3,Moderate,3,5.67,9,8,2.32,6960.36,334.89,3,News,Education,Amazon Prime,3.4,1.18
63,Other,Germany,Professional,Married,3.44,6.91,0.48,1.31,3.66,YouTube,9.57,Smartphone,78.67,50GB,3,High,7,6.85,3,3,1.26,715.98,358.39,0,News,Entertainment,Spotify,3.41,0.49
13,Female,USA,Professional,Married,4.23,7.97,0.93,2.79,3.31,Instagram,9.87,Tablet,38.64,Unlimited,1,Low,7,7.18,9,7,1.51,5779.54,283.25,4,Short Videos,Networking,Amazon Prime,3.05,0.02
63,Other,Canada,Student,Married,5.79,3.24,4.95,5.89,0.72,TikTok,2.74,PC,56.45,10GB,8,Low,5,6.56,4,1,0.62,5471.04,85.83,2,News,News,Netflix,3.33,0.17
15,Male,India,Professional,Single,5.01,6.86,2.29,4.66,4.7,Twitter,10.46,Smartphone,46.1,Unlimited,1,Moderate,9,4.76,3,3,1.55,6143.62,405.17,2,Movies,Networking,Amazon Prime,3.78,2.78
59,Other,Australia,Professional,Divorced,5.92,7.02,0.25,3.49,0.93,TikTok,4.1,Smartphone,52.6,Unlimited,9,Low,5,6.3,5,3,1.84,7241.22,49.86,3,Movies,Education,Netflix,2.55,1.47
40,Male,Australia,Retired,Married,4.47,9.11,1.37,6.59,3.34,TikTok,7.41,Smartphone,43.04,10GB,5,Low,8,5.06,7,9,1.14,9009.91,76.73,3,News,Entertainment,Amazon Prime,3.82,2.44
64,Male,Canada,Professional,Single,2.76,6.46,2.18,0.9,1.99,Facebook,7.51,Tablet,46.47,10GB,4,Moderate,6,8.05,8,6,0.23,3223.84,97.76,4,Movies,News,YouTube,2.15,0.84
16,Female,Germany,Unemployed,Widowed,4.03,8.27,1.37,3.07,0.71,Twitter,9.67,Tablet,28.13,Unlimited,3,Low,5,4.17,2,8,1.98,3120.18,22.23,2,Movies,Education,Amazon Prime,2.88,2.86
41,Female,Canada,Unemployed,Single,0.73,4.94,2.3,1.7,3.95,Facebook,3.34,Tablet,83.1,10GB,5,Low,3,5.47,2,6,1.72,1299.33,181.85,0,Movies,Entertainment,Amazon Prime,0.95,0.51
63,Male,Canada,Retired,Divorced,7.79,2.71,4.9,5.8,0.96,Twitter,8.85,PC,5.47,10GB,7,Low,2,5.86,1,4,2.44,7131.21,173.62,4,Movies,Education,Spotify,1.1,0.75
40,Other,Germany,Unemployed,Single,3.04,9.99,1.02,5.95,3.07,Twitter,6.06,Tablet,99.96,50GB,9,High,7,4.56,6,4,0.41,9736.19,275.29,1,News,Education,Spotify,3.99,2.21
45,Female,Australia,Retired,Married,5.71,7.79,0.89,5.64,4.37,Facebook,9.76,Tablet,26.49,50GB,4,Low,3,7.12,5,6,2.28,3482.01,53.79,3,Series,Education,Spotify,2.82,1.98
49,Male,India,Student,Single,7.05,5.03,0.61,3.74,1.42,TikTok,8.13,PC,70.46,Unlimited,9,Low,7,6.78,9,4,0.38,3088.3,144.06,2,News,News,Amazon Prime,2.01,1.93
36,Male,Germany,Professional,Married,5.63,7.7,0.53,6.04,0.31,Twitter,4.21,Smartphone,45.22,Unlimited,5,Low,2,8.31,6,4,0.81,8531.45,63.57,0,News,News,Spotify,3.97,2.95
45,Other,Australia,Retired,Widowed,5.46,3.23,0.56,5.56,4.67,TikTok,7.0,Tablet,62.61,50GB,8,Low,7,7.1,1,4,0.35,6990.24,305.07,1,Short Videos,Entertainment,Amazon Prime,0.94,0.52
43,Male,Canada,Professional,Divorced,6.3,9.11,3.02,1.84,0.13,YouTube,9.92,Tablet,25.72,10GB,8,Moderate,1,6.46,9,8,1.66,1352.93,74.01,4,Movies,News,Spotify,2.76,2.21
59,Male,Germany,Professional,Single,6.95,1.93,0.63,2.9,3.41,Twitter,2.03,Smartphone,67.42,10GB,9,Moderate,5,6.24,3,6,1.85,2163.02,429.25,2,Series,Entertainment,Netflix,1.33,0.36
15,Female,USA,Unemployed,Married,3.03,4.88,1.99,5.86,2.01,YouTube,8.14,Smartphone,96.28,Unlimited,7,Low,6,4.92,2,2,1.19,4151.34,284.67,4,Movies,Entertainment,Amazon Prime,2.6,0.77
27,Female,Canada,Student,Widowed,1.37,6.23,3.66,0.7,1.4,Instagram,3.33,Smartphone,8.24,50GB,4,High,3,7.79,9,6,0.66,2112.31,274.2,5,Series,News,Netflix,0.34,2.89
62,Male,India,Retired,Single,2.61,4.69,2.23,6.0,0.87,YouTube,10.15,Tablet,12.33,Unlimited,1,Moderate,5,5.35,4,3,1.27,6172.41,426.17,2,Series,Education,Amazon Prime,3.56,0.59
59,Female,USA,Retired,Married,4.91,8.19,1.27,0.62,4.27,Facebook,6.03,Tablet,68.97,Unlimited,1,High,4,5.6,6,4,1.67,1092.16,424.67,1,News,Networking,Amazon Prime,2.96,2.48
36,Female,UK,Retired,Divorced,3.62,8.18,1.32,0.52,2.41,Instagram,4.7,Tablet,75.01,Unlimited,1,High,9,4.76,6,5,0.69,3160.3,491.87,2,Movies,Networking,Netflix,1.82,2.61
45,Male,Canada,Unemployed,Divorced,3.3,2.28,2.55,1.5,4.23,TikTok,10.06,Smartphone,58.39,10GB,7,High,7,8.68,1,9,2.48,9783.28,215.05,3,Series,Networking,Spotify,2.85,0.34
27,Male,India,Student,Single,6.64,1.84,4.58,1.45,1.93,Facebook,10.32,Tablet,97.28,Unlimited,4,High,1,6.77,5,7,2.27,3654.36,442.69,1,News,News,Netflix,0.29,2.2
22,Female,UK,Retired,Widowed,6.18,3.73,4.54,2.01,4.91,TikTok,2.19,Tablet,94.43,50GB,3,Moderate,8,4.91,5,4,1.99,3565.05,167.05,1,Short Videos,Networking,Netflix,1.45,0.67
37,Other,UK,Unemployed,Divorced,4.06,9.24,4.34,1.38,2.31,Instagram,11.7,Smartphone,78.92,Unlimited,2,High,6,4.25,7,7,2.78,1593.89,336.53,2,Series,Education,Netflix,0.83,1.03
31,Other,UK,Student,Married,1.5,6.18,4.77,6.35,3.18,Instagram,10.75,PC,94.33,10GB,6,Low,4,6.15,9,2,0.94,9415.26,336.79,2,News,News,YouTube,0.99,1.06
43,Female,Germany,Unemployed,Widowed,0.72,7.79,3.15,6.05,3.36,Facebook,4.76,PC,98.45,10GB,4,High,1,7.16,3,6,0.23,6733.01,218.71,1,Movies,Entertainment,Amazon Prime,1.4,2.8
17,Other,USA,Professional,Married,2.34,2.24,1.48,2.17,2.54,YouTube,5.74,PC,30.12,Unlimited,7,Moderate,6,8.24,7,1,0.16,3872.38,410.02,1,News,Networking,Netflix,2.08,2.43
63,Female,USA,Student,Single,4.0,8.87,3.56,5.64,2.95,TikTok,7.91,Smartphone,43.64,10GB,6,Low,9,8.46,2,5,2.57,9906.5,118.36,2,News,Networking,YouTube,2.03,2.36
64,Female,India,Professional,Married,3.9,8.46,1.77,2.15,0.56,Twitter,8.78,PC,63.6,10GB,5,Low,7,8.67,9,1,1.34,6625.18,65.64,3,Short Videos,Entertainment,Netflix,0.46,0.15
49,Other,UK,Unemployed,Single,3.73,4.34,1.71,5.36,0.35,Facebook,6.32,Smartphone,26.84,50GB,8,High,9,6.92,5,4,2.49,9664.14,213.75,3,Short Videos,Networking,Amazon Prime,2.25,0.26
40,Male,UK,Student,Widowed,3.94,7.32,2.34,4.78,0.24,Facebook,3.23,PC,7.06,50GB,4,Moderate,9,5.89,3,1,2.71,3263.48,339.05,0,News,News,Netflix,0.92,0.12
29,Male,Australia,Retired,Married,2.43,5.59,2.5,2.63,3.69,TikTok,5.69,Tablet,14.12,Unlimited,8,High,7,5.29,2,8,2.62,6801.9,31.95,1,Short Videos,Networking,Spotify,3.26,2.86
55,Female,Germany,Retired,Married,4.33,6.46,0.56,6.09,2.07,TikTok,4.96,Smartphone,58.31,50GB,2,High,9,6.77,9,3,0.0,7456.01,332.03,1,Movies,Education,YouTube,1.35,2.77
48,Male,India,Unemployed,Married,1.81,6.06,1.48,1.81,1.49,Facebook,3.48,PC,93.0,Unlimited,3,Low,1,6.87,7,5,1.63,5991.69,127.82,2,Movies,Education,Amazon Prime,2.78,0.94
21,Female,Germany,Unemployed,Widowed,2.5,1.3,2.91,0.72,1.03,TikTok,11.86,Smartphone,99.43,50GB,4,Moderate,6,4.95,4,9,1.82,5647.2,271.76,3,Short Videos,News,Netflix,1.83,0.08
60,Other,India,Student,Divorced,1.0,5.97,1.86,3.91,1.86,YouTube,2.11,Smartphone,78.94,50GB,8,Low,1,8.82,6,5,2.69,4190.76,139.51,1,Series,Entertainment,Netflix,1.68,0.29
55,Male,USA,Unemployed,Married,0.56,4.47,3.47,1.91,1.35,YouTube,4.65,Tablet,55.31,50GB,4,Low,4,5.07,8,1,0.82,1710.27,352.28,3,News,Entertainment,Amazon Prime,3.13,1.87
62,Female,USA,Professional,Married,2.58,5.02,0.89,2.54,2.97,YouTube,7.45,PC,72.5,10GB,5,Moderate,7,5.03,1,9,0.8,7701.68,326.6,2,Short Videos,Networking,Spotify,0.8,0.75
50,Male,Germany,Unemployed,Married,6.6,7.27,4.72,4.72,4.84,YouTube,9.36,Smartphone,72.8,10GB,8,High,5,4.9,8,1,2.81,3508.67,356.62,0,Movies,Entertainment,Amazon Prime,1.92,1.12
44,Male,Canada,Unemployed,Married,4.12,2.29,0.92,4.61,4.45,Facebook,11.63,Tablet,5.72,Unlimited,3,Low,3,4.64,6,1,1.74,3729.92,271.6,4,Short Videos,Networking,Spotify,2.45,2.42
34,Male,Canada,Unemployed,Widowed,1.29,3.78,3.12,0.97,1.88,YouTube,8.78,PC,84.38,50GB,3,High,2,8.05,3,4,1.06,1555.91,223.11,2,Series,Networking,Spotify,1.43,0.3
61,Male,USA,Professional,Divorced,4.23,9.68,1.39,4.0,1.68,Twitter,2.44,PC,88.81,50GB,8,Low,1,7.49,6,5,0.52,6640.3,326.63,2,Series,Education,Amazon Prime,2.33,2.64
58,Female,Canada,Unemployed,Widowed,5.98,6.81,4.09,4.42,2.57,Instagram,9.33,Smartphone,52.38,10GB,7,Low,3,6.48,3,5,1.9,9850.1,28.06,4,Series,Entertainment,YouTube,0.51,1.66
15,Other,India,Retired,Married,3.52,2.83,0.95,4.32,3.91,Facebook,7.21,Tablet,15.43,10GB,9,High,4,5.23,7,9,0.25,7529.18,177.07,0,Series,Entertainment,YouTube,2.84,1.95
14,Male,Canada,Student,Single,2.08,2.04,0.25,2.47,1.2,YouTube,3.19,Tablet,7.92,50GB,8,Low,5,8.03,7,4,2.11,6339.21,34.42,5,Short Videos,Education,YouTube,3.33,2.04
32,Female,UK,Retired,Single,1.91,2.97,3.37,1.8,0.85,Facebook,6.67,Tablet,93.01,Unlimited,4,High,8,5.39,9,5,1.73,6634.26,193.74,0,Series,Entertainment,Netflix,1.92,1.56
55,Female,UK,Student,Single,0.64,1.57,2.82,4.84,1.82,TikTok,11.04,Smartphone,85.27,Unlimited,8,Low,5,6.28,1,2,1.84,4985.07,220.97,4,Movies,Networking,Netflix,2.4,2.21
64,Female,Germany,Unemployed,Married,7.81,7.05,3.38,6.94,2.03,Instagram,11.08,Tablet,15.93,10GB,7,Low,6,7.36,5,3,0.9,4578.2,332.77,3,Movies,Networking,YouTube,0.17,1.36
20,Female,UK,Retired,Widowed,3.34,7.16,1.62,5.94,0.14,Instagram,8.49,PC,67.98,50GB,3,Moderate,4,4.55,2,6,1.53,3032.19,428.03,1,Short Videos,Networking,YouTube,2.23,1.41
43,Male,Australia,Student,Single,2.26,8.29,4.34,4.94,3.11,Twitter,4.55,Tablet,92.19,10GB,2,High,9,6.66,4,1,1.87,911.65,204.78,3,Movies,Entertainment,Netflix,1.26,2.01
32,Female,Australia,Student,Widowed,7.64,5.76,2.93,3.68,2.86,Instagram,8.62,Tablet,38.44,10GB,4,Moderate,4,5.47,3,5,2.18,3777.9,217.31,4,Movies,Entertainment,Spotify,0.68,0.3
63,Female,UK,Retired,Married,3.54,0.84,3.52,5.68,0.28,Facebook,6.0,PC,88.34,10GB,7,High,6,5.59,5,9,2.67,2403.38,99.99,0,News,Entertainment,Netflix,2.7,2.97
56,Other,India,Student,Divorced,7.38,5.45,4.71,4.96,4.91,Twitter,10.54,PC,15.96,Unlimited,1,Low,7,5.14,1,1,0.41,8052.99,373.63,0,News,Entertainment,YouTube,2.22,2.6
56,Other,UK,Retired,Married,1.16,0.77,2.8,6.21,3.82,TikTok,6.4,Tablet,34.01,50GB,8,Moderate,7,4.9,5,9,0.21,5206.29,454.15,5,News,Networking,Amazon Prime,1.91,1.43
37,Male,USA,Professional,Married,7.71,0.56,0.65,2.23,0.4,Instagram,10.78,PC,73.28,50GB,6,Low,7,4.01,9,7,2.55,3170.97,217.96,3,News,News,Amazon Prime,3.74,2.55
34,Male,Australia,Professional,Divorced,7.14,2.58,0.48,5.19,0.11,YouTube,5.96,Smartphone,48.88,50GB,7,High,8,4.81,2,3,1.72,9955.35,373.62,4,Series,Networking,Netflix,2.1,0.22
27,Female,Germany,Unemployed,Single,5.36,8.48,4.96,2.34,0.32,Instagram,7.98,Smartphone,6.78,50GB,6,High,6,4.24,7,1,1.43,4351.81,166.52,3,News,Education,Spotify,3.24,1.52
15,Male,UK,Retired,Divorced,6.55,2.48,4.66,1.83,2.1,Instagram,6.12,Tablet,18.91,Unlimited,2,Moderate,9,7.87,5,7,2.26,7645.1,141.34,3,Movies,Entertainment,Amazon Prime,0.78,0.06
57,Female,Canada,Student,Widowed,4.14,3.0,4.9,5.93,3.24,YouTube,6.71,Tablet,86.94,Unlimited,6,Low,1,6.45,8,6,1.25,7106.95,109.88,5,Movies,Education,YouTube,1.76,1.38
55,Female,Australia,Student,Single,1.65,2.54,4.1,3.44,3.2,TikTok,10.1,PC,63.0,10GB,9,Moderate,5,6.49,6,2,1.34,2915.79,420.65,4,Short Videos,Networking,Amazon Prime,3.44,2.84
64,Other,UK,Professional,Divorced,3.83,2.55,4.27,1.53,2.2,Instagram,3.84,PC,13.64,10GB,8,Low,8,6.56,1,7,2.27,5422.22,484.7,5,Movies,Education,Netflix,0.39,0.96
64,Male,Canada,Student,Divorced,2.34,7.1,4.57,2.9,3.15,TikTok,11.01,PC,37.4,10GB,6,High,1,8.94,9,1,1.8,8724.59,492.89,0,Series,Education,Netflix,1.05,1.48
41,Female,Australia,Professional,Divorced,5.03,9.83,0.45,3.89,0.65,Instagram,3.8,PC,80.74,10GB,5,Low,2,6.59,2,5,0.95,5668.97,214.54,5,Series,Education,Netflix,3.0,1.33
52,Female,Germany,Student,Divorced,5.46,7.0,4.26,1.15,3.35,Twitter,6.87,PC,47.46,10GB,1,Moderate,8,8.41,6,2,0.92,6210.27,8.06,2,News,Networking,YouTube,1.14,1.24
62,Male,USA,Professional,Single,3.72,7.94,1.02,6.13,1.95,Facebook,11.49,PC,85.44,50GB,5,High,3,8.68,2,1,0.11,4558.64,52.58,4,News,Entertainment,Amazon Prime,3.01,0.7
57,Female,UK,Professional,Widowed,2.08,1.39,3.68,4.04,1.15,TikTok,5.69,PC,90.57,Unlimited,6,Low,8,6.54,5,6,2.12,6700.73,390.4,0,Series,Networking,Netflix,0.48,0.08
25,Other,Germany,Retired,Married,4.95,7.2,3.36,5.65,2.11,TikTok,9.85,Tablet,48.28,Unlimited,9,High,9,6.69,7,3,2.94,4939.56,404.1,2,Movies,Education,YouTube,0.52,2.42
36,Male,Australia,Professional,Single,2.32,4.37,1.23,0.86,1.8,Instagram,2.18,PC,23.18,10GB,4,High,1,7.68,4,1,0.54,9569.37,443.21,2,Movies,Entertainment,Spotify,3.39,0.42
19,Other,India,Professional,Widowed,6.31,4.88,0.9,1.2,0.4,YouTube,10.85,Tablet,87.56,Unlimited,7,High,2,4.23,5,9,1.35,2411.18,164.74,1,Series,Entertainment,Spotify,2.19,0.19
62,Other,Germany,Unemployed,Widowed,0.62,9.02,1.48,5.44,1.42,Twitter,4.02,PC,78.29,Unlimited,4,Moderate,5,6.32,3,3,1.13,3383.82,248.74,3,Movies,Networking,YouTube,0.32,0.63
44,Male,India,Retired,Widowed,4.16,7.9,0.36,3.89,4.72,Twitter,6.09,Smartphone,22.45,10GB,9,Low,2,5.82,7,3,1.27,1799.42,138.79,3,Series,Networking,Netflix,2.13,2.67
24,Other,USA,Retired,Divorced,7.44,5.59,2.04,5.38,0.62,Instagram,6.87,PC,91.8,Unlimited,1,Low,2,8.53,6,8,2.78,4116.46,63.69,0,Short Videos,Entertainment,YouTube,3.69,2.69
47,Male,Canada,Professional,Single,5.83,5.59,4.86,5.23,3.82,Facebook,2.55,Smartphone,45.2,Unlimited,2,Low,4,6.92,2,2,1.69,4085.84,257.29,4,Movies,News,YouTube,1.3,2.8
45,Male,Canada,Unemployed,Widowed,3.84,0.99,1.05,4.71,5.0,YouTube,9.37,PC,79.98,10GB,8,Moderate,2,7.42,7,9,0.68,6236.95,26.87,0,Short Videos,News,YouTube,0.58,1.88
31,Male,Australia,Retired,Divorced,1.14,7.65,4.41,3.42,1.14,YouTube,2.13,Tablet,38.02,10GB,4,High,8,4.28,6,4,0.14,9926.45,430.48,1,Movies,Education,YouTube,1.86,2.28
18,Other,Australia,Retired,Divorced,7.54,2.85,3.51,2.85,1.86,YouTube,9.16,Smartphone,40.12,Unlimited,6,Moderate,9,4.6,4,4,2.01,6839.75,268.09,1,Series,Entertainment,Amazon Prime,2.5,1.45
47,Female,Germany,Professional,Divorced,7.62,3.06,3.59,4.98,3.61,YouTube,3.27,Smartphone,48.02,Unlimited,3,High,8,7.3,8,5,0.74,4984.33,39.62,1,Series,Networking,Amazon Prime,2.48,2.31
40,Female,Germany,Retired,Married,6.06,8.21,3.17,5.96,0.79,Instagram,9.5,Tablet,78.07,Unlimited,7,Moderate,6,7.63,6,4,1.76,3226.81,346.9,1,Movies,Entertainment,Spotify,0.91,0.68
53,Male,UK,Unemployed,Widowed,5.03,2.97,2.68,6.05,0.05,Facebook,6.76,Smartphone,64.25,50GB,6,Low,2,8.33,7,6,1.2,659.18,478.14,0,Movies,Entertainment,Amazon Prime,3.66,2.85
40,Other,USA,Retired,Divorced,5.27,3.88,4.5,3.94,0.8,Instagram,9.68,Smartphone,82.84,50GB,5,Low,2,6.86,3,3,2.52,6016.61,98.79,1,Short Videos,Entertainment,Amazon Prime,0.75,2.21
57,Other,Canada,Retired,Single,4.24,4.27,0.23,6.86,1.28,Instagram,4.11,Smartphone,51.63,50GB,6,Moderate,2,8.46,9,3,0.22,8883.89,290.08,0,News,News,Netflix,2.86,2.36
41,Female,India,Professional,Divorced,1.81,1.29,3.47,0.66,2.02,Facebook,9.29,Smartphone,84.87,10GB,9,Moderate,9,8.11,7,8,2.51,3494.38,485.5,4,Short Videos,Networking,YouTube,2.46,0.09
42,Female,USA,Unemployed,Married,5.49,4.67,1.42,5.66,3.12,Facebook,4.87,Tablet,25.15,Unlimited,6,Moderate,8,6.35,9,7,2.66,5213.97,101.32,4,News,News,YouTube,3.15,0.9
58,Female,Australia,Unemployed,Divorced,1.27,9.54,3.84,4.19,2.67,YouTube,8.88,PC,81.28,50GB,3,High,3,5.43,9,5,1.15,6561.07,466.54,5,News,Networking,Amazon Prime,2.34,1.52
33,Female,UK,Professional,Single,6.21,3.23,1.7,4.57,2.16,TikTok,6.93,Tablet,94.3,50GB,1,Low,6,8.62,7,1,0.09,2952.69,279.25,5,Series,Education,YouTube,1.59,1.82
19,Female,Australia,Student,Divorced,3.77,6.78,2.91,0.93,4.87,Instagram,11.44,Tablet,37.75,50GB,7,Low,2,4.92,4,4,2.87,9766.35,156.56,5,Movies,Networking,Netflix,1.95,0.06
14,Male,Canada,Student,Widowed,5.13,1.9,1.95,2.23,4.91,Instagram,5.29,Smartphone,59.15,Unlimited,1,Moderate,5,6.55,1,7,2.61,1514.91,412.1,5,Series,Education,YouTube,1.71,2.62
52,Other,Australia,Retired,Married,5.85,2.19,0.51,4.85,4.72,YouTube,2.35,PC,34.54,10GB,8,Moderate,7,8.8,4,3,2.11,2450.43,231.0,3,Movies,Entertainment,YouTube,2.02,2.6
45,Other,Germany,Student,Divorced,5.7,1.41,2.6,0.61,4.88,Twitter,2.95,PC,61.45,10GB,8,High,9,4.17,6,2,0.01,7380.59,480.54,5,Movies,Networking,Netflix,0.46,1.98
49,Other,Canada,Unemployed,Single,3.37,2.58,1.47,1.74,0.84,Instagram,9.61,PC,21.61,Unlimited,9,Moderate,4,6.9,3,1,1.48,7624.36,292.92,2,Movies,Education,Netflix,1.93,1.88
24,Other,India,Unemployed,Divorced,3.93,1.58,3.25,2.55,4.08,TikTok,10.94,Smartphone,40.33,10GB,1,Low,5,8.69,3,6,0.49,1035.69,354.41,1,News,Networking,Spotify,0.66,1.58
20,Other,Australia,Unemployed,Widowed,1.25,6.63,4.04,2.34,4.01,Twitter,3.13,Tablet,27.05,50GB,8,Moderate,4,8.37,1,4,0.62,8954.61,495.8,5,Short Videos,Entertainment,Netflix,1.78,0.94
13,Female,USA,Retired,Married,0.89,9.48,1.73,1.59,1.53,Facebook,10.87,Smartphone,26.22,50GB,7,Low,3,7.26,9,1,1.82,9042.5,27.56,2,Movies,News,Spotify,1.74,2.46
31,Male,Canada,Unemployed,Married,6.08,4.14,4.94,2.31,0.95,Facebook,11.73,PC,57.09,Unlimited,3,High,8,7.82,9,5,2.05,2152.8,105.36,1,Series,Education,Netflix,3.45,2.24
43,Male,USA,Unemployed,Married,6.24,5.28,3.45,1.88,1.67,Twitter,7.81,PC,52.09,50GB,8,High,4,5.89,4,8,1.62,6537.49,167.16,5,Series,News,Spotify,3.38,1.97
33,Other,USA,Unemployed,Married,3.77,2.82,4.06,3.21,1.58,Twitter,4.18,Tablet,27.2,10GB,6,Low,6,7.46,5,4,2.25,7840.01,59.02,4,News,Entertainment,Spotify,0.04,2.64
35,Male,Australia,Retired,Widowed,5.98,4.39,4.86,2.54,4.01,Instagram,11.01,PC,56.82,10GB,4,High,7,7.3,9,4,2.18,7545.48,128.33,3,Series,Entertainment,Amazon Prime,0.85,1.98
60,Other,Canada,Retired,Widowed,5.22,1.68,3.84,0.77,0.85,Facebook,2.8,Smartphone,7.38,Unlimited,6,High,6,8.27,6,9,0.13,1877.94,1.58,5,Movies,News,Netflix,3.23,0.08
31,Other,Germany,Retired,Divorced,6.28,3.87,3.37,3.74,4.61,Facebook,8.2,PC,36.6,10GB,8,Moderate,3,7.73,1,3,2.83,4989.26,492.63,1,News,Education,Spotify,3.66,1.2
39,Other,Australia,Professional,Divorced,3.33,7.2,0.62,3.41,1.13,TikTok,7.06,Smartphone,95.9,10GB,1,Low,4,4.19,6,7,1.96,2971.61,311.48,4,News,News,Spotify,1.86,1.93
53,Other,USA,Student,Widowed,0.68,8.25,2.88,5.36,1.77,YouTube,2.84,Smartphone,94.38,10GB,7,Moderate,3,8.03,1,6,1.56,2235.34,472.83,5,Movies,Entertainment,Amazon Prime,2.61,1.26
33,Male,Germany,Student,Married,0.84,1.01,4.88,3.5,0.89,Facebook,4.07,Smartphone,5.2,50GB,1,Low,1,8.63,3,4,0.3,1239.69,35.66,2,Series,Networking,Spotify,0.63,1.37
45,Other,Australia,Student,Widowed,0.71,5.6,3.85,3.51,3.14,YouTube,10.69,Tablet,63.04,10GB,8,Low,1,8.52,1,2,0.37,5031.61,328.02,2,Movies,News,Netflix,3.48,0.81
57,Other,UK,Retired,Widowed,0.51,3.8,4.16,0.95,0.91,Twitter,6.31,PC,19.17,Unlimited,6,Moderate,3,4.3,6,7,2.54,8727.23,308.15,4,Short Videos,Education,Netflix,3.27,0.08
62,Male,Germany,Professional,Single,4.27,9.3,1.22,3.75,4.02,YouTube,3.59,PC,44.8,50GB,5,Low,2,6.21,7,1,2.74,8185.09,271.66,0,Movies,Networking,Spotify,2.93,1.45
20,Other,Australia,Retired,Single,7.09,7.38,2.07,5.17,4.86,Facebook,4.79,Tablet,78.85,10GB,4,Moderate,1,5.14,1,4,0.89,5701.98,215.95,2,Movies,Networking,Netflix,3.23,0.97
61,Male,Australia,Retired,Divorced,6.85,7.84,4.61,3.31,0.63,Instagram,6.79,Smartphone,27.24,50GB,2,High,2,4.87,6,5,0.09,8133.11,271.42,0,Short Videos,News,Amazon Prime,2.17,0.87
38,Other,USA,Student,Single,4.39,9.26,4.52,6.3,1.89,Twitter,10.09,Tablet,7.17,Unlimited,2,High,9,8.04,5,5,2.71,1979.34,387.75,3,Short Videos,News,Spotify,0.26,0.77
26,Female,Australia,Unemployed,Single,3.71,5.44,4.89,1.32,3.96,Instagram,3.63,Smartphone,36.68,Unlimited,3,High,1,7.79,7,8,2.19,4724.32,29.63,3,News,Entertainment,YouTube,1.96,1.52
36,Female,UK,Retired,Divorced,5.15,8.18,1.78,6.28,3.45,Facebook,2.98,Smartphone,21.86,10GB,5,Low,1,5.26,6,9,2.15,6519.38,189.25,0,News,Entertainment,Netflix,3.5,2.93
63,Male,Canada,Professional,Single,3.38,2.69,4.38,1.96,2.45,TikTok,11.21,Smartphone,37.7,Unlimited,9,Moderate,7,6.49,4,6,0.88,1053.15,227.9,3,Series,Education,YouTube,0.82,2.51
38,Male,USA,Unemployed,Married,3.08,9.87,4.97,6.57,3.79,YouTube,10.3,Smartphone,80.46,50GB,9,Low,7,5.2,5,7,1.03,6821.91,421.51,4,News,Education,YouTube,0.52,1.71
30,Male,India,Professional,Married,2.82,9.06,2.89,5.08,1.3,Twitter,8.75,Tablet,51.41,50GB,3,Moderate,9,5.78,5,3,1.88,8510.2,243.68,3,News,Education,YouTube,1.72,1.01
45,Female,UK,Student,Single,3.36,2.72,2.6,0.97,2.11,Twitter,5.73,Tablet,65.62,50GB,4,Moderate,1,7.82,4,7,0.88,9712.31,200.45,0,News,Networking,Netflix,3.92,2.87
25,Other,Germany,Professional,Married,6.94,4.59,4.71,3.19,3.8,YouTube,5.48,PC,51.24,50GB,7,Low,2,7.22,8,1,0.33,6184.65,142.43,3,Series,News,Spotify,1.36,1.5
16,Other,India,Professional,Widowed,7.66,6.96,3.83,4.62,4.93,TikTok,5.09,Smartphone,49.58,10GB,1,High,8,4.95,5,4,1.2,3906.01,310.61,1,Movies,Networking,YouTube,2.47,2.65
19,Male,USA,Professional,Widowed,1.63,6.13,1.91,6.67,1.49,Facebook,11.91,Smartphone,97.43,50GB,8,Low,2,8.72,5,3,0.99,5311.52,113.55,5,Short Videos,Networking,Netflix,1.72,2.13
19,Male,India,Student,Single,4.51,7.57,3.37,2.11,2.8,Facebook,2.4,Smartphone,35.17,10GB,7,Moderate,5,8.24,1,9,1.0,8133.54,118.9,0,Movies,Education,YouTube,3.99,1.37
20,Male,Canada,Unemployed,Married,6.62,8.82,1.58,2.65,3.41,Instagram,5.29,PC,75.57,Unlimited,3,Low,7,4.33,7,6,0.84,3276.63,58.52,2,Movies,Education,Netflix,2.42,1.42
20,Male,USA,Professional,Divorced,2.03,9.59,4.78,6.75,0.89,Twitter,11.06,Tablet,93.95,50GB,2,Low,6,7.02,8,4,1.02,4084.57,97.61,2,Movies,News,Netflix,2.1,0.23
46,Other,India,Professional,Widowed,5.46,7.54,1.2,4.64,1.08,Twitter,2.36,Smartphone,95.14,50GB,2,High,7,7.13,6,3,1.79,2159.55,133.17,5,News,Education,YouTube,1.32,1.58
22,Female,India,Retired,Single,2.33,4.99,1.03,5.8,4.69,TikTok,9.35,Tablet,70.64,10GB,9,High,8,8.32,6,3,0.2,8926.62,330.37,5,Movies,Networking,Amazon Prime,2.37,0.03
30,Other,USA,Student,Married,3.26,7.03,3.62,5.83,2.22,Facebook,8.89,PC,91.87,Unlimited,6,High,4,7.62,7,4,0.68,2806.38,161.45,2,News,Education,Amazon Prime,3.68,0.2
59,Other,Australia,Professional,Widowed,0.99,5.73,1.08,5.68,2.86,Twitter,5.67,Smartphone,36.93,50GB,8,Moderate,7,6.36,3,8,1.4,9420.98,379.78,3,News,News,Amazon Prime,0.99,1.18
37,Other,India,Unemployed,Single,3.55,8.34,4.05,1.42,4.11,TikTok,5.19,PC,75.94,50GB,7,Moderate,4,4.9,9,6,2.41,1722.47,427.52,2,Series,Entertainment,Spotify,3.52,2.32
47,Other,Australia,Student,Married,2.59,6.13,3.26,1.31,0.81,Facebook,4.75,Tablet,75.61,50GB,7,Low,7,4.3,2,4,1.39,5081.32,166.46,0,Series,Education,Amazon Prime,2.28,2.06
21,Other,USA,Professional,Widowed,2.16,5.91,4.75,4.36,2.29,Instagram,8.6,Tablet,54.91,Unlimited,4,High,9,4.99,6,9,2.75,1851.58,236.99,2,Series,News,Amazon Prime,3.45,1.38
23,Female,Australia,Professional,Single,3.9,8.88,3.61,4.81,1.1,YouTube,4.68,PC,32.94,Unlimited,6,High,3,6.11,2,6,2.16,5720.25,87.79,5,Series,Education,Amazon Prime,0.06,1.6
15,Male,Australia,Professional,Widowed,0.91,9.05,4.8,1.64,3.18,Facebook,11.5,Tablet,41.23,Unlimited,4,High,7,7.32,2,1,1.73,1263.74,151.65,2,Short Videos,Networking,Netflix,1.53,2.48
21,Female,Germany,Student,Single,7.46,7.68,2.96,1.28,3.26,Instagram,8.41,Tablet,87.31,Unlimited,1,Low,1,8.27,9,1,1.78,7616.63,322.38,5,Short Videos,Entertainment,Spotify,3.29,2.84
27,Female,Australia,Student,Married,7.01,1.56,2.58,3.83,0.43,YouTube,6.95,PC,77.67,Unlimited,9,High,1,7.91,2,1,2.32,3387.22,123.61,2,Short Videos,Entertainment,YouTube,1.32,2.76
22,Female,Canada,Student,Divorced,1.95,1.73,4.95,1.7,2.86,Facebook,8.87,Tablet,44.88,10GB,3,High,5,4.54,4,9,2.89,2656.86,380.15,3,News,Entertainment,Amazon Prime,2.19,0.88
17,Female,India,Unemployed,Widowed,5.8,2.41,4.82,4.54,4.38,Instagram,9.73,PC,9.04,10GB,8,Low,1,7.04,9,2,0.82,4633.57,292.56,4,Movies,Education,YouTube,0.24,1.33
19,Male,Canada,Professional,Married,2.87,2.73,3.47,5.31,2.64,TikTok,2.05,Smartphone,61.69,10GB,4,High,7,7.59,9,9,0.36,3285.18,434.84,1,News,Education,YouTube,2.37,1.22
36,Other,Australia,Student,Widowed,5.78,8.88,3.45,0.78,4.58,Instagram,8.36,Tablet,62.07,10GB,2,Low,9,5.26,9,4,2.18,5747.26,131.13,5,Short Videos,Networking,Spotify,0.3,1.72
23,Female,UK,Student,Divorced,2.26,7.19,0.92,4.95,2.8,Facebook,6.81,PC,19.06,50GB,1,Moderate,3,4.26,6,1,1.62,4274.02,434.44,0,News,News,YouTube,3.76,2.08
31,Male,UK,Unemployed,Divorced,5.68,4.5,2.4,1.74,2.25,TikTok,9.66,Smartphone,33.08,10GB,7,High,1,4.77,1,6,1.97,7274.7,157.2,0,News,Entertainment,Netflix,1.33,2.01
39,Other,USA,Professional,Married,7.26,1.48,0.72,1.17,2.28,Instagram,2.43,Smartphone,75.53,10GB,1,Moderate,9,4.94,9,7,0.46,8683.15,441.55,1,Movies,Networking,Spotify,3.05,0.21
48,Other,USA,Professional,Married,1.52,5.28,0.3,6.84,4.37,Facebook,6.89,Smartphone,25.44,Unlimited,7,Moderate,7,5.6,1,9,1.31,5264.9,221.24,1,Series,Education,YouTube,1.21,0.12
15,Male,Canada,Retired,Widowed,0.98,7.9,0.68,2.13,1.85,Facebook,2.82,Smartphone,88.03,50GB,8,High,9,8.16,3,4,1.56,8479.52,442.26,4,Short Videos,Education,Netflix,2.04,2.84
54,Other,USA,Retired,Widowed,6.16,5.96,2.61,2.0,1.01,Instagram,10.94,Tablet,11.23,10GB,5,Low,5,4.88,5,3,2.65,1127.59,263.9,5,Short Videos,Entertainment,YouTube,3.39,2.85
45,Male,UK,Student,Single,3.14,6.48,1.18,3.85,1.9,TikTok,10.28,Smartphone,73.69,Unlimited,9,Low,3,6.58,9,6,0.95,5132.31,403.26,3,Series,Entertainment,Netflix,0.22,1.91
17,Female,UK,Professional,Single,2.08,1.28,4.61,4.82,4.15,Twitter,7.16,Tablet,61.06,10GB,1,High,1,5.68,2,2,0.37,5375.17,434.49,3,News,Entertainment,Spotify,0.01,0.58
58,Male,Australia,Unemployed,Divorced,6.42,1.56,4.87,3.45,2.13,TikTok,2.49,PC,91.71,Unlimited,3,Moderate,7,5.65,6,6,2.88,6190.02,1.94,5,Series,Networking,Netflix,2.56,0.96
60,Other,UK,Professional,Single,6.37,6.19,0.28,3.79,3.34,Twitter,11.5,PC,53.31,50GB,9,High,5,4.98,6,2,0.7,8226.73,280.07,4,News,Education,Netflix,3.33,2.91
16,Male,USA,Professional,Widowed,4.58,2.72,1.78,5.99,2.3,Instagram,8.54,Smartphone,71.13,10GB,3,Moderate,1,6.86,5,3,1.36,5311.19,445.51,0,Short Videos,Education,Spotify,3.32,0.42
27,Male,USA,Unemployed,Married,7.7,8.8,1.52,6.7,4.32,TikTok,11.98,PC,97.23,10GB,9,High,8,5.07,4,9,1.77,9591.14,334.51,2,Series,Entertainment,Netflix,3.69,2.18
54,Female,Canada,Professional,Divorced,2.93,7.59,3.88,1.58,1.6,TikTok,5.18,PC,22.94,Unlimited,6,Moderate,1,7.47,9,3,1.12,8412.62,423.02,0,Short Videos,News,YouTube,0.17,2.64
51,Male,Germany,Professional,Married,3.1,3.96,3.46,0.51,4.88,Twitter,6.4,Smartphone,86.66,50GB,3,Moderate,8,8.47,1,8,1.54,8869.7,365.29,4,Short Videos,Entertainment,YouTube,0.21,0.77
22,Female,Germany,Unemployed,Single,6.54,9.19,4.58,5.55,3.54,Instagram,5.45,PC,81.01,50GB,2,Low,7,5.94,3,2,2.87,8340.07,163.79,1,Series,Education,Spotify,1.93,1.49
23,Male,India,Retired,Married,4.27,5.76,1.97,4.58,4.83,YouTube,10.13,Smartphone,50.38,10GB,9,Low,9,7.07,6,4,1.18,3754.42,256.48,3,News,Networking,YouTube,1.07,0.68
32,Male,USA,Student,Single,6.53,7.1,2.59,0.78,1.78,TikTok,9.11,Smartphone,10.7,10GB,1,High,2,5.89,8,7,0.66,4590.5,359.03,0,Movies,News,Amazon Prime,3.17,0.68
38,Female,UK,Professional,Divorced,3.1,4.87,2.44,4.61,2.57,Twitter,3.51,Tablet,55.33,10GB,3,Low,2,5.65,4,2,1.44,4799.59,495.16,2,Movies,Entertainment,YouTube,3.23,2.2
45,Other,UK,Retired,Single,1.52,4.16,0.28,0.84,1.02,Facebook,10.0,PC,5.48,50GB,7,Low,5,7.83,7,6,2.94,7871.67,348.38,0,Movies,Education,Spotify,3.4,0.89
32,Other,Germany,Student,Single,1.49,2.0,4.0,3.3,0.45,Instagram,6.95,PC,30.74,50GB,5,High,5,7.03,4,1,1.74,9441.99,51.37,0,Series,Networking,Amazon Prime,0.23,2.08
37,Other,Canada,Unemployed,Widowed,2.43,7.64,1.72,2.38,4.0,Facebook,8.72,PC,74.62,50GB,7,Low,2,8.95,3,5,0.66,6148.56,461.58,3,Series,News,Amazon Prime,0.73,1.12
51,Male,India,Unemployed,Single,4.15,8.31,0.22,1.53,3.93,Instagram,10.06,Smartphone,23.79,Unlimited,3,High,9,5.82,7,9,2.53,1022.69,242.9,0,Series,Entertainment,Amazon Prime,0.09,2.41
14,Other,UK,Student,Divorced,5.28,2.17,1.36,3.11,3.48,TikTok,5.61,Smartphone,87.2,10GB,6,Low,3,7.92,6,1,0.63,8829.01,199.74,3,Short Videos,Education,Netflix,2.97,1.42
26,Male,USA,Professional,Married,2.52,1.83,1.5,4.43,2.22,Instagram,10.24,Tablet,75.0,Unlimited,5,Low,5,6.19,6,3,2.07,4798.33,334.22,0,News,Education,Spotify,0.24,0.09
50,Female,Australia,Student,Divorced,6.8,5.78,4.64,2.21,2.1,Facebook,11.09,Tablet,68.88,50GB,4,Moderate,6,4.43,3,4,0.41,8052.89,457.47,5,Short Videos,Networking,Spotify,3.53,1.35
59,Female,UK,Retired,Widowed,2.39,6.93,4.14,5.17,1.36,Twitter,3.26,Tablet,88.05,Unlimited,4,Moderate,5,8.41,9,4,2.52,8280.4,23.57,5,Short Videos,News,Netflix,1.86,2.97
39,Other,India,Unemployed,Divorced,2.71,5.62,0.8,6.16,4.96,YouTube,9.27,Tablet,89.6,Unlimited,3,High,3,4.49,7,8,0.73,729.44,405.45,1,Short Videos,News,YouTube,0.02,1.62
40,Female,Germany,Professional,Married,2.61,3.27,1.5,6.43,4.58,YouTube,4.29,Tablet,37.27,10GB,6,Moderate,5,8.47,8,1,2.83,9637.43,221.25,2,Short Videos,Networking,Amazon Prime,0.68,2.68
18,Male,India,Unemployed,Widowed,3.34,9.6,0.39,0.93,2.72,Facebook,11.58,Smartphone,82.3,10GB,9,High,7,4.44,7,2,0.12,9492.04,133.89,3,Series,Entertainment,Spotify,3.06,1.22
36,Other,Canada,Professional,Single,5.1,9.76,4.47,6.25,0.64,TikTok,10.8,Tablet,7.67,10GB,7,High,2,4.27,4,9,1.35,2085.22,310.89,1,Movies,News,Spotify,0.67,0.61
40,Male,India,Student,Single,4.18,8.14,2.64,0.72,0.15,TikTok,3.47,PC,25.11,Unlimited,7,Moderate,7,8.01,5,8,0.9,3738.08,239.88,3,Short Videos,Education,Amazon Prime,0.75,2.54
25,Female,Australia,Retired,Married,3.42,2.08,1.42,3.61,3.24,Instagram,10.61,Tablet,36.17,10GB,4,Moderate,3,8.08,3,7,2.15,798.67,195.71,3,Movies,News,Netflix,3.56,1.63
27,Male,Germany,Retired,Married,4.16,4.1,3.17,4.19,3.53,Facebook,6.9,Smartphone,69.91,50GB,1,Low,2,7.32,4,8,2.01,9877.88,122.58,2,Short Videos,Networking,YouTube,3.73,2.91
32,Male,UK,Unemployed,Divorced,5.93,5.98,2.39,4.78,2.28,Facebook,8.27,PC,66.46,10GB,8,High,7,4.84,7,5,0.12,1414.24,317.85,0,Series,Education,YouTube,2.24,2.49
14,Male,USA,Retired,Single,3.43,5.73,1.15,4.52,1.81,Facebook,7.8,Smartphone,27.07,Unlimited,3,High,6,6.96,7,5,0.91,6718.14,203.23,5,Movies,Networking,Netflix,0.46,0.57
29,Other,Australia,Professional,Married,5.79,1.3,0.53,1.77,3.15,Twitter,4.79,Smartphone,87.24,Unlimited,6,High,1,5.23,1,5,0.2,8836.78,235.3,5,Short Videos,Entertainment,Netflix,2.51,0.54
24,Female,Germany,Student,Divorced,1.07,0.66,3.93,1.88,3.74,Instagram,8.25,Smartphone,33.02,10GB,8,High,4,5.62,7,1,1.1,4553.41,262.78,3,Series,Networking,Spotify,0.22,2.82
30,Male,UK,Retired,Single,6.07,2.29,3.32,4.15,1.55,TikTok,8.42,Tablet,63.83,50GB,9,Moderate,5,5.04,6,1,1.48,1924.79,113.2,5,Short Videos,News,Spotify,1.01,1.63
19,Male,Canada,Unemployed,Single,3.29,7.98,3.56,0.64,4.45,TikTok,4.23,Tablet,84.76,50GB,7,Moderate,3,6.14,6,2,2.53,3525.73,92.27,1,Movies,Education,Netflix,1.67,0.53
59,Other,India,Student,Widowed,0.76,1.66,4.14,1.34,1.14,YouTube,4.18,Smartphone,31.12,10GB,4,Moderate,1,4.56,3,3,0.53,4027.84,494.82,2,Movies,Education,YouTube,3.32,2.79
43,Female,Canada,Unemployed,Single,5.26,0.74,0.37,3.31,4.09,Instagram,6.99,Tablet,45.62,10GB,6,Moderate,5,4.72,4,4,1.48,3876.35,102.04,4,Series,Entertainment,Spotify,3.16,1.5
48,Female,Canada,Student,Divorced,3.77,8.8,3.91,4.06,3.92,Instagram,11.53,PC,81.86,10GB,4,Low,5,4.74,3,1,2.48,5075.06,417.63,3,News,News,Netflix,3.46,0.64
54,Other,USA,Professional,Widowed,0.81,3.56,4.97,5.56,4.38,Instagram,2.74,Smartphone,32.29,10GB,7,Moderate,4,4.71,2,7,0.3,530.9,389.0,2,Short Videos,News,Spotify,2.44,0.72
38,Other,UK,Professional,Single,1.22,8.32,0.52,2.74,0.08,Twitter,2.65,Smartphone,35.2,Unlimited,7,Moderate,4,6.0,6,8,0.27,6458.64,305.29,3,News,Networking,Netflix,3.34,2.22
17,Other,Australia,Professional,Married,6.99,9.85,3.12,4.9,3.32,TikTok,4.16,Smartphone,13.64,10GB,5,High,1,5.84,1,9,0.78,9099.1,337.41,3,Series,Networking,Amazon Prime,0.16,1.98
40,Male,India,Professional,Married,4.67,8.81,1.45,1.96,2.54,Instagram,8.92,PC,83.62,50GB,3,High,2,7.78,8,9,2.27,3925.31,188.37,3,News,Education,Amazon Prime,2.04,2.36
43,Female,Australia,Student,Single,4.85,9.14,0.73,6.46,2.99,TikTok,7.61,PC,98.96,10GB,8,High,6,6.54,5,9,1.24,8957.69,429.42,4,News,Education,Amazon Prime,2.28,2.54
51,Male,UK,Retired,Married,1.16,6.42,0.34,2.16,1.05,Twitter,11.24,PC,6.98,Unlimited,1,Low,5,5.2,1,4,2.24,3800.0,229.66,5,Short Videos,Education,YouTube,2.59,1.4
35,Other,Canada,Unemployed,Widowed,5.54,7.07,3.48,3.3,3.2,YouTube,11.96,PC,57.32,10GB,8,Low,5,7.86,3,8,2.88,3626.56,348.06,5,Short Videos,Entertainment,Amazon Prime,1.07,2.98
19,Female,Germany,Unemployed,Divorced,4.91,6.63,4.94,3.38,2.08,Instagram,4.57,PC,16.28,50GB,4,Low,1,7.78,6,5,2.21,7806.49,423.68,0,Short Videos,Education,Netflix,2.68,1.97
27,Male,India,Retired,Divorced,4.03,8.11,0.84,1.7,1.75,YouTube,5.04,Smartphone,15.89,10GB,9,Moderate,6,8.29,2,3,1.54,7338.78,223.21,5,Short Videos,News,Netflix,2.56,1.07
31,Female,India,Unemployed,Widowed,1.32,7.71,0.46,6.77,2.33,Twitter,6.84,Tablet,65.0,50GB,8,Moderate,1,7.11,9,4,2.68,2539.88,314.55,1,Short Videos,Entertainment,Netflix,2.62,2.48
46,Female,Australia,Student,Married,3.05,3.73,2.35,2.87,1.67,TikTok,3.74,PC,16.27,50GB,3,High,3,6.98,3,3,2.05,1525.87,80.65,0,Series,Networking,Netflix,1.7,2.31
42,Female,Germany,Unemployed,Divorced,0.74,4.87,2.72,4.74,2.53,YouTube,7.94,Smartphone,78.84,50GB,6,Low,7,7.09,6,2,2.02,5889.7,390.7,4,Series,Education,Netflix,3.29,1.54
31,Male,Canada,Student,Single,7.76,8.02,3.15,1.58,1.86,YouTube,3.74,Smartphone,80.67,50GB,2,Low,8,7.97,8,7,1.16,7741.25,351.48,3,Series,Networking,Netflix,1.23,2.47
64,Female,USA,Professional,Widowed,7.07,2.05,1.64,1.76,0.96,TikTok,5.59,PC,54.2,Unlimited,2,High,1,7.38,6,8,1.72,4050.78,498.82,1,News,Entertainment,Netflix,0.1,1.74
44,Female,USA,Professional,Single,6.02,4.58,2.8,6.61,0.54,Instagram,5.76,PC,92.04,Unlimited,5,High,2,6.33,5,4,0.44,7679.44,167.24,5,Movies,News,Netflix,2.97,1.11
25,Male,Australia,Professional,Single,3.0,4.77,0.24,4.87,3.76,TikTok,3.79,PC,82.32,50GB,7,Low,6,5.93,2,9,1.67,9011.06,353.92,2,Movies,Education,YouTube,0.81,0.45
18,Female,Australia,Unemployed,Single,3.44,1.65,2.58,2.98,1.58,YouTube,10.77,Tablet,24.25,Unlimited,4,Moderate,7,7.26,2,7,1.62,9395.28,208.33,2,News,Education,Netflix,1.9,0.05
20,Other,Canada,Professional,Married,3.35,9.99,1.82,2.71,1.71,Facebook,3.23,Tablet,20.09,50GB,1,Low,4,6.11,8,5,1.12,1225.71,149.56,4,Movies,News,Spotify,0.26,2.3
25,Male,UK,Retired,Married,1.96,8.09,2.94,5.5,0.14,Twitter,7.33,Smartphone,50.98,50GB,1,Moderate,6,6.45,8,1,1.12,9103.53,336.18,0,Movies,News,Netflix,2.39,1.37
21,Female,Canada,Student,Single,6.65,8.36,3.9,2.33,3.66,Facebook,11.85,Tablet,45.09,50GB,8,Moderate,6,6.67,1,4,2.39,5245.39,100.7,2,Series,Education,Amazon Prime,1.69,1.58
22,Other,Canada,Professional,Divorced,0.81,0.5,2.79,5.79,2.46,Facebook,9.49,PC,42.05,Unlimited,7,Moderate,1,6.04,2,5,0.12,873.35,472.48,0,Short Videos,Networking,Amazon Prime,3.36,2.01
27,Female,Canada,Retired,Single,3.41,6.71,3.74,3.68,1.52,Facebook,9.94,PC,38.45,10GB,2,Low,6,6.21,4,9,1.84,8656.77,283.95,5,Movies,Entertainment,Amazon Prime,0.53,0.04
22,Male,Canada,Retired,Married,0.76,1.65,3.87,6.29,0.78,YouTube,7.64,Smartphone,61.18,Unlimited,3,High,4,5.04,9,9,0.15,6581.15,255.49,5,Series,Education,Netflix,3.25,1.82
59,Male,Australia,Unemployed,Widowed,1.22,0.96,3.73,1.93,1.92,YouTube,11.41,Tablet,56.74,10GB,3,Moderate,9,5.24,2,2,0.18,5143.49,454.74,3,Series,Education,Spotify,0.02,2.57
17,Male,Australia,Unemployed,Divorced,3.6,5.45,4.08,3.38,3.93,TikTok,3.77,Smartphone,91.63,Unlimited,5,High,2,4.61,1,1,2.73,5233.1,285.89,5,News,Networking,YouTube,3.98,2.6
40,Other,Germany,Unemployed,Single,7.88,7.18,3.54,1.69,2.61,YouTube,10.65,Smartphone,24.67,10GB,1,Moderate,2,7.94,6,8,2.95,4875.23,136.73,4,News,News,YouTube,1.79,1.4
34,Other,Germany,Unemployed,Married,1.99,1.7,1.29,2.05,0.26,Facebook,9.53,Tablet,73.45,50GB,2,Low,3,8.42,2,9,2.78,5992.72,205.03,2,Series,Education,Amazon Prime,1.81,0.17
64,Male,Canada,Retired,Single,3.51,2.43,2.18,1.93,2.73,Twitter,6.44,PC,93.43,10GB,4,Moderate,6,6.23,5,5,0.72,6279.54,395.29,4,Movies,Networking,Amazon Prime,3.15,2.32
18,Other,Canada,Unemployed,Widowed,6.68,2.61,2.73,6.86,4.73,Instagram,4.99,Tablet,63.77,10GB,5,High,3,6.97,9,9,1.03,8517.59,112.19,0,Series,Networking,Spotify,0.79,2.69
33,Male,USA,Retired,Widowed,4.58,10.0,4.59,3.26,3.25,TikTok,11.62,Tablet,15.07,10GB,5,Low,7,4.74,8,7,0.07,2503.48,215.75,3,News,Networking,Netflix,3.36,1.71
63,Female,Canada,Unemployed,Widowed,2.85,5.14,3.74,2.1,1.95,YouTube,5.96,Tablet,57.15,10GB,8,Moderate,1,7.83,5,7,2.73,8546.54,305.85,1,Short Videos,Networking,Netflix,3.67,1.35
58,Male,India,Unemployed,Widowed,3.61,6.99,1.97,3.63,4.63,Twitter,4.58,Smartphone,74.74,50GB,2,High,4,5.34,5,2,0.15,5228.49,499.9,2,Short Videos,News,Netflix,2.15,1.24
55,Other,UK,Unemployed,Divorced,3.41,5.22,3.39,1.57,1.41,YouTube,5.18,Tablet,75.68,50GB,1,High,3,4.56,2,7,0.34,5108.37,364.99,3,News,Networking,Amazon Prime,1.48,0.41
26,Female,USA,Professional,Married,4.89,5.27,2.41,3.3,2.69,YouTube,5.76,PC,87.76,Unlimited,6,Low,5,5.19,9,4,0.01,3686.43,391.44,3,Short Videos,News,Amazon Prime,2.95,0.19
21,Male,India,Unemployed,Married,2.1,9.33,2.15,3.87,2.88,Facebook,5.59,Smartphone,96.19,Unlimited,7,High,5,8.31,1,7,2.98,1513.28,473.97,0,Series,Networking,Amazon Prime,0.53,0.34
47,Other,Australia,Retired,Widowed,2.36,1.19,1.25,4.01,1.97,YouTube,6.43,Smartphone,66.34,10GB,8,Low,7,6.9,1,7,0.18,5903.13,440.55,2,Movies,Education,Amazon Prime,2.4,0.41
61,Other,Australia,Retired,Single,5.56,5.89,1.26,0.5,4.31,Twitter,10.42,Tablet,64.58,10GB,4,Low,8,6.45,9,6,0.91,2119.3,460.92,3,Series,Education,Netflix,0.04,2.6
41,Other,Germany,Retired,Widowed,0.99,9.29,3.18,2.79,3.84,Instagram,8.6,Smartphone,47.72,10GB,6,High,2,4.83,2,7,0.96,3673.86,198.63,1,Short Videos,Education,Amazon Prime,3.22,2.87
42,Female,UK,Professional,Married,3.18,5.6,4.3,6.77,3.56,Instagram,6.45,Tablet,30.5,10GB,7,Moderate,2,8.16,1,7,1.34,7222.13,98.06,1,News,News,YouTube,0.44,2.52
27,Male,Australia,Unemployed,Widowed,4.11,5.75,4.19,1.81,4.28,Facebook,10.31,Smartphone,6.21,10GB,4,Low,9,4.17,6,8,0.82,9485.45,313.27,4,News,News,YouTube,1.28,0.38
53,Male,Germany,Retired,Single,4.17,2.95,0.73,6.76,0.37,Twitter,3.25,PC,18.34,10GB,6,Moderate,8,6.2,8,8,0.18,8497.56,437.99,2,Movies,Education,Spotify,1.15,2.01
22,Female,UK,Retired,Married,2.38,9.1,0.57,2.42,3.93,Facebook,8.88,Smartphone,53.54,Unlimited,9,High,7,7.69,9,3,2.68,5839.92,432.06,4,Movies,Networking,Netflix,3.25,1.61
29,Male,Germany,Student,Widowed,2.73,9.36,1.23,2.01,0.44,Facebook,9.05,Smartphone,26.56,Unlimited,5,High,5,5.97,4,9,1.9,1736.92,315.55,0,Series,Education,Amazon Prime,3.09,2.95
35,Female,Canada,Unemployed,Divorced,7.72,5.13,3.07,5.69,2.62,Twitter,11.18,Tablet,18.97,Unlimited,2,Low,7,7.11,5,7,2.33,1228.98,72.66,1,Series,Education,YouTube,3.5,0.09
39,Female,USA,Unemployed,Divorced,5.78,9.28,3.63,2.75,3.34,Facebook,4.47,Tablet,63.35,Unlimited,7,Moderate,6,7.97,9,3,0.77,1548.04,194.09,3,Movies,Networking,Spotify,1.06,0.48
25,Female,UK,Student,Single,5.99,8.05,4.81,5.77,4.75,Twitter,4.95,PC,94.25,50GB,6,Low,7,6.83,3,6,2.37,9648.35,380.04,4,Series,Entertainment,Netflix,2.49,0.26
18,Male,Canada,Professional,Widowed,7.9,2.59,3.61,6.6,1.0,Twitter,4.01,PC,44.25,50GB,2,Low,9,7.06,6,8,2.23,4365.18,93.29,0,Short Videos,Entertainment,Netflix,1.94,0.32
44,Male,Germany,Professional,Widowed,2.8,5.0,3.16,0.99,4.14,Instagram,7.03,Tablet,48.96,Unlimited,7,Moderate,3,7.31,8,8,0.31,1349.9,382.23,4,Series,News,YouTube,1.44,1.09
28,Male,Germany,Student,Widowed,6.87,4.51,3.95,1.86,0.17,Instagram,2.2,Smartphone,26.65,10GB,5,Moderate,7,6.61,9,6,1.36,9847.11,325.04,2,Series,Entertainment,YouTube,1.58,1.15
43,Male,India,Student,Divorced,7.12,9.77,4.75,2.85,3.73,TikTok,10.02,Tablet,72.97,10GB,7,Moderate,6,6.66,8,2,1.68,2178.45,378.6,5,Movies,Networking,YouTube,2.99,1.2
21,Other,USA,Professional,Single,2.55,8.79,3.75,0.64,4.2,TikTok,7.01,PC,17.44,10GB,6,Moderate,8,5.63,6,7,2.83,6220.46,267.79,1,News,News,Amazon Prime,0.28,2.59
38,Female,Australia,Unemployed,Divorced,5.63,3.76,2.9,0.63,3.13,YouTube,7.29,Tablet,15.59,Unlimited,4,Low,2,7.83,2,5,1.47,7498.4,435.74,3,Short Videos,Entertainment,YouTube,1.75,1.74
40,Other,Germany,Student,Single,6.1,9.79,1.27,6.3,3.81,YouTube,2.41,Tablet,44.6,10GB,3,High,2,6.6,8,6,2.14,2116.44,383.81,2,News,Entertainment,Netflix,0.54,2.48
15,Female,India,Student,Divorced,7.05,6.46,0.6,5.73,2.95,YouTube,10.2,Tablet,90.76,10GB,6,High,4,6.95,6,8,2.27,2990.19,68.78,3,News,Entertainment,Spotify,1.18,1.75
30,Female,Australia,Student,Widowed,7.73,7.8,4.61,3.67,1.26,Facebook,11.58,Tablet,52.27,50GB,9,High,8,7.92,8,1,1.49,5837.01,308.64,0,Series,Networking,YouTube,0.16,1.8
19,Female,UK,Unemployed,Divorced,7.32,7.99,1.23,0.62,3.48,TikTok,8.7,Smartphone,15.98,10GB,4,High,3,5.25,6,7,2.67,1083.29,463.69,0,Movies,Entertainment,YouTube,1.62,2.52
16,Other,UK,Student,Divorced,2.22,9.87,0.75,2.91,2.75,Facebook,6.05,PC,61.5,Unlimited,2,Moderate,5,6.87,2,1,2.02,5412.99,343.07,5,Movies,Entertainment,YouTube,3.84,2.13
64,Other,Canada,Retired,Divorced,4.34,1.45,3.85,1.4,3.53,Instagram,10.32,Smartphone,64.08,10GB,6,Low,1,7.57,7,8,2.41,8137.1,428.81,1,Movies,Education,Amazon Prime,0.36,1.44
29,Female,Australia,Student,Married,5.75,2.97,2.13,2.7,4.68,TikTok,8.76,Smartphone,85.64,50GB,5,High,2,4.05,7,5,0.06,4211.64,96.38,4,Short Videos,Education,Amazon Prime,1.88,0.64
55,Male,Canada,Retired,Married,1.71,5.65,2.09,5.94,4.22,Instagram,2.02,Tablet,82.97,50GB,5,High,7,7.06,9,2,1.09,8974.78,110.11,1,Series,Entertainment,YouTube,0.21,1.18
26,Male,Australia,Professional,Single,7.96,1.43,0.78,4.95,4.63,Facebook,5.8,PC,14.45,10GB,3,Low,2,8.48,8,6,0.02,3680.44,320.21,4,Series,Education,YouTube,1.89,1.98
48,Other,UK,Professional,Divorced,6.68,8.86,3.87,5.85,2.5,YouTube,3.68,PC,53.92,50GB,5,Low,4,6.22,1,5,2.37,802.4,265.31,2,Short Videos,News,YouTube,2.67,2.26
52,Male,Australia,Student,Widowed,6.53,4.87,0.89,1.73,1.58,TikTok,6.23,PC,45.6,50GB,2,Moderate,1,7.55,5,2,0.66,5840.67,60.94,3,Series,Networking,Spotify,3.63,2.97
43,Female,Australia,Retired,Single,1.61,1.74,3.28,6.57,2.53,Twitter,2.5,PC,58.87,10GB,8,Moderate,7,6.93,1,1,2.45,3655.21,39.79,5,News,Education,YouTube,2.07,1.16
37,Female,India,Student,Single,1.58,2.12,3.51,1.07,2.53,Facebook,9.69,Tablet,17.02,50GB,3,Moderate,4,5.49,4,9,1.6,8705.94,124.69,3,News,Entertainment,Netflix,3.32,0.78
34,Other,USA,Unemployed,Widowed,3.15,9.04,3.59,5.59,2.51,Facebook,2.04,PC,27.22,Unlimited,1,High,4,6.25,9,5,2.75,1151.95,113.65,1,Series,Education,Amazon Prime,1.27,0.14
31,Male,UK,Unemployed,Divorced,3.82,1.8,2.59,2.67,4.63,TikTok,5.07,PC,45.52,50GB,7,Moderate,3,7.33,6,9,1.0,9308.98,161.92,4,News,Networking,Spotify,2.8,1.53
61,Other,USA,Professional,Married,1.97,6.72,3.99,6.9,4.24,Facebook,9.47,Tablet,37.3,10GB,2,Low,3,8.7,8,2,1.12,6135.15,390.87,0,Movies,Entertainment,Netflix,1.6,2.99
56,Male,UK,Unemployed,Married,4.8,6.6,3.55,3.15,1.07,Instagram,2.05,Smartphone,52.7,50GB,5,Low,2,4.27,9,7,1.84,6077.48,93.91,4,News,News,Spotify,2.8,1.39
63,Other,India,Professional,Married,5.52,8.63,3.21,6.36,0.44,Facebook,5.89,PC,43.8,10GB,2,Moderate,8,7.33,8,3,0.84,5423.35,338.04,0,Series,News,Spotify,1.17,1.32
19,Other,Australia,Unemployed,Married,3.07,2.76,4.88,4.03,2.52,Facebook,7.02,Tablet,88.84,10GB,6,Low,3,7.98,3,8,1.93,3350.7,341.83,2,Short Videos,Education,Netflix,1.94,2.0
51,Female,India,Retired,Married,7.93,5.18,2.44,4.11,2.4,Facebook,3.3,Smartphone,16.27,50GB,2,Low,8,7.38,2,2,1.47,6402.07,351.82,2,Short Videos,News,Amazon Prime,2.62,2.98
61,Male,Canada,Retired,Divorced,2.85,5.87,3.5,4.41,0.7,Twitter,6.75,Tablet,19.68,Unlimited,2,Low,9,7.85,3,5,0.78,9166.97,2.87,1,Short Videos,Entertainment,YouTube,2.55,1.85
22,Male,Australia,Retired,Widowed,1.46,2.25,3.78,3.52,3.61,YouTube,8.34,Tablet,89.14,Unlimited,3,Low,1,4.11,4,8,1.65,8857.12,201.8,1,Short Videos,Networking,Netflix,0.77,1.3
16,Other,India,Professional,Married,4.85,7.7,4.07,5.87,1.71,Facebook,10.53,PC,6.91,10GB,9,High,5,5.86,7,8,1.61,8405.61,29.91,5,Short Videos,Entertainment,Netflix,3.49,0.44
51,Other,USA,Professional,Married,3.03,3.25,4.59,1.49,0.48,Facebook,6.48,PC,48.42,50GB,5,High,3,4.02,6,6,2.09,6735.4,154.67,1,Movies,Networking,Spotify,0.7,0.73
42,Other,Germany,Student,Married,5.55,2.55,1.76,3.97,3.42,Twitter,2.26,PC,33.6,10GB,7,Moderate,5,6.36,5,9,1.34,1166.09,258.05,1,Short Videos,News,Netflix,0.03,1.9
56,Male,Australia,Unemployed,Single,5.81,1.2,2.33,3.88,3.92,TikTok,9.01,Smartphone,75.07,10GB,9,Low,9,7.31,8,1,2.1,6318.46,119.75,0,Series,Networking,Netflix,1.18,0.67
20,Female,Canada,Professional,Divorced,2.46,3.73,3.54,4.01,3.36,YouTube,4.9,Tablet,11.47,50GB,6,Moderate,6,6.73,9,5,2.43,2051.02,334.66,4,Series,News,Spotify,2.63,1.09
54,Female,India,Professional,Widowed,1.24,0.79,1.63,0.91,2.96,YouTube,11.9,Smartphone,69.61,10GB,6,Moderate,4,7.14,4,5,2.76,2309.41,181.23,1,News,Entertainment,Amazon Prime,1.94,2.7
23,Male,Canada,Student,Single,6.58,0.72,3.43,5.2,3.63,YouTube,5.11,PC,7.26,10GB,5,Low,5,5.64,9,2,2.19,7990.09,277.96,1,Movies,News,Netflix,3.14,1.55
21,Other,Germany,Unemployed,Widowed,4.98,9.58,3.86,2.23,4.45,TikTok,5.0,PC,58.96,Unlimited,5,Low,2,8.23,1,3,2.67,4557.6,376.3,3,News,Education,Amazon Prime,3.86,0.91
21,Male,Canada,Student,Divorced,1.07,1.55,1.07,1.1,1.2,Facebook,5.02,Tablet,69.51,50GB,2,Moderate,8,8.55,4,7,1.55,7878.9,191.49,5,Series,Networking,Spotify,0.34,1.15
55,Other,UK,Retired,Widowed,7.8,6.0,4.29,0.7,2.4,Instagram,7.59,Tablet,37.47,50GB,7,High,4,7.1,7,1,0.72,5094.6,398.93,5,Series,Networking,Spotify,2.88,2.07
47,Female,UK,Professional,Divorced,6.96,2.34,0.22,4.7,3.18,TikTok,11.54,PC,67.88,50GB,6,Moderate,1,4.17,8,9,2.34,3643.62,135.02,2,News,Entertainment,Spotify,3.22,0.88
40,Other,UK,Retired,Married,4.43,4.68,1.78,4.39,2.5,Instagram,8.89,PC,71.9,50GB,3,Low,3,4.98,8,6,0.09,876.64,474.31,4,Short Videos,Entertainment,Netflix,1.13,1.92
31,Other,USA,Student,Married,5.7,9.73,4.22,1.46,0.01,Instagram,10.65,PC,33.4,50GB,6,Low,1,5.15,2,2,1.69,6007.85,485.62,5,Short Videos,Education,YouTube,0.5,1.06
58,Female,Canada,Retired,Divorced,2.93,6.57,4.15,2.63,4.58,Instagram,11.5,PC,74.4,Unlimited,5,High,1,6.17,9,7,1.17,4716.6,453.99,3,Short Videos,Education,Netflix,2.81,0.4
33,Female,Canada,Student,Single,4.46,3.23,0.65,5.31,0.51,TikTok,3.89,Tablet,26.45,Unlimited,2,Moderate,8,7.32,6,9,2.09,2000.54,214.25,5,Short Videos,News,Netflix,1.99,2.91
55,Female,UK,Student,Married,0.6,1.48,0.24,3.14,3.32,Instagram,10.38,PC,67.47,10GB,6,High,6,4.83,2,3,2.49,4249.45,242.27,0,News,News,Spotify,1.71,0.21
35,Other,Australia,Unemployed,Divorced,0.79,6.07,4.28,5.92,2.19,Twitter,9.19,Tablet,76.14,10GB,4,High,2,6.83,4,3,1.12,1774.04,222.33,5,News,Networking,YouTube,0.39,2.97
32,Female,Canada,Retired,Widowed,3.64,9.96,3.56,4.93,1.88,YouTube,5.67,Tablet,89.81,10GB,2,Low,5,4.44,5,5,0.38,6649.27,412.38,3,Movies,Entertainment,Spotify,2.78,2.19
37,Female,Australia,Retired,Married,6.3,2.53,1.31,4.34,1.03,Facebook,2.48,Tablet,97.96,10GB,7,Low,7,4.66,4,7,0.06,6055.81,150.82,4,Series,Education,Amazon Prime,2.24,0.67
28,Other,India,Student,Widowed,7.97,4.89,4.26,5.02,4.78,TikTok,6.85,Tablet,86.91,50GB,6,Moderate,7,7.86,3,8,2.13,3519.44,80.64,0,Short Videos,News,Spotify,2.26,2.47
51,Female,Australia,Professional,Widowed,7.3,6.52,0.48,4.82,2.88,TikTok,10.04,PC,15.78,10GB,1,Moderate,5,6.38,1,1,2.76,3075.85,494.01,1,Series,News,Netflix,0.1,1.07
39,Female,Australia,Student,Divorced,1.58,8.78,2.78,6.68,4.13,Facebook,2.7,PC,50.01,Unlimited,9,Low,3,5.65,2,5,0.67,817.58,250.32,1,News,Entertainment,Netflix,2.28,0.5
25,Male,India,Professional,Widowed,7.83,3.19,2.86,5.28,2.77,Twitter,8.56,Tablet,68.45,10GB,2,Moderate,4,5.2,4,7,1.55,9094.2,146.52,1,News,News,YouTube,1.22,2.43
59,Female,Canada,Professional,Single,6.88,1.86,1.83,5.94,4.64,Twitter,10.4,Tablet,80.11,10GB,8,High,2,7.55,8,8,2.25,3968.68,346.57,4,News,News,Spotify,2.04,0.22
32,Male,USA,Student,Single,7.6,8.58,4.29,2.5,0.89,Twitter,7.57,Tablet,45.65,Unlimited,6,Moderate,2,6.96,6,6,0.84,7956.34,119.13,3,Short Videos,News,Amazon Prime,3.78,0.12
41,Male,Canada,Retired,Divorced,6.67,2.23,1.03,4.81,0.07,Twitter,6.44,Smartphone,9.56,50GB,6,Low,7,6.57,3,1,1.29,7540.98,260.69,3,News,Networking,YouTube,0.29,2.01
60,Male,USA,Student,Widowed,1.73,5.98,3.6,0.81,2.88,Instagram,2.04,Tablet,66.51,Unlimited,6,Low,1,7.55,8,1,2.4,6732.06,166.45,4,Series,Education,Netflix,3.02,1.3
45,Male,Canada,Unemployed,Divorced,2.47,3.86,2.45,5.32,3.68,Instagram,6.55,Smartphone,18.59,Unlimited,9,Low,7,5.8,5,5,0.76,7333.68,226.28,5,Movies,News,Amazon Prime,3.53,0.1
19,Other,UK,Professional,Widowed,1.94,9.68,3.29,4.19,4.86,Facebook,8.59,Tablet,60.05,10GB,1,High,5,4.38,4,1,0.44,5590.96,136.65,3,Movies,News,YouTube,0.79,0.42
61,Female,UK,Student,Married,3.88,9.95,4.03,3.11,0.3,YouTube,5.59,Tablet,82.65,Unlimited,9,Moderate,1,8.09,9,9,3.0,1130.29,129.35,2,News,Networking,YouTube,0.74,0.69
45,Female,UK,Retired,Divorced,1.16,1.47,3.58,3.85,1.38,YouTube,8.68,Smartphone,74.51,10GB,9,Moderate,9,4.75,8,3,2.53,3945.61,41.09,1,News,Networking,Netflix,2.18,1.42
30,Other,UK,Unemployed,Widowed,6.51,7.58,0.64,4.32,3.04,Instagram,2.57,PC,77.49,Unlimited,7,Moderate,5,8.97,7,1,0.25,3587.65,185.46,0,Movies,Entertainment,Amazon Prime,2.66,2.35
20,Male,India,Professional,Divorced,5.4,8.74,3.74,2.61,1.09,Facebook,11.07,PC,22.59,10GB,7,Moderate,6,5.67,3,7,1.54,3053.67,270.97,4,News,Education,Spotify,1.24,1.37
54,Female,UK,Student,Divorced,2.64,6.89,0.32,4.02,4.13,Facebook,9.3,PC,20.83,Unlimited,3,Low,7,4.59,5,5,2.04,7321.63,471.96,3,Movies,Networking,YouTube,2.2,0.05
45,Female,India,Retired,Divorced,4.03,9.44,4.75,2.89,3.66,Instagram,8.99,Smartphone,15.22,50GB,7,Moderate,9,8.55,8,5,1.43,918.87,335.34,1,Series,News,Netflix,4.0,1.95
40,Other,Germany,Unemployed,Single,3.4,0.71,4.52,3.3,4.29,Twitter,7.55,Smartphone,18.32,Unlimited,9,High,9,6.89,7,5,2.49,6511.29,60.82,5,Short Videos,Entertainment,Netflix,3.82,0.85
59,Female,Germany,Unemployed,Single,5.94,6.89,1.67,4.84,4.48,Facebook,7.98,Smartphone,33.53,Unlimited,4,High,4,4.7,7,1,2.08,5662.51,74.81,0,Short Videos,Entertainment,YouTube,3.04,1.59
54,Male,USA,Student,Widowed,1.48,9.67,1.34,6.35,0.92,Instagram,4.36,Tablet,73.11,10GB,7,Low,7,6.18,2,1,1.14,2433.97,11.76,1,Movies,Education,Netflix,2.67,0.36
20,Female,Germany,Student,Divorced,7.37,6.24,3.27,1.72,3.18,Instagram,6.76,PC,17.09,50GB,2,Low,8,4.29,9,4,2.01,3063.77,29.38,4,Movies,Entertainment,Netflix,3.13,0.62
29,Male,Canada,Retired,Married,1.63,7.3,2.9,5.06,4.64,Facebook,7.46,Smartphone,55.9,Unlimited,4,High,3,5.87,5,5,1.12,9002.7,494.79,0,Short Videos,News,Spotify,3.81,0.91
25,Other,USA,Professional,Married,4.78,8.8,1.08,5.69,4.31,Instagram,4.69,Smartphone,79.86,10GB,8,High,3,7.73,4,2,0.4,3421.21,382.88,1,Movies,News,Amazon Prime,2.33,2.61
51,Female,USA,Professional,Widowed,7.53,9.18,3.24,3.19,1.01,TikTok,2.8,Tablet,47.05,50GB,2,Low,4,6.11,3,5,2.91,1473.73,74.06,5,Movies,Entertainment,Netflix,0.03,0.8
14,Male,Germany,Retired,Single,3.71,9.56,3.77,2.26,1.19,Instagram,2.14,PC,87.32,50GB,4,Moderate,4,8.83,6,4,0.51,1698.41,428.55,1,Series,Entertainment,YouTube,2.07,1.22
42,Female,India,Student,Married,2.95,7.84,3.82,0.68,2.79,Twitter,4.3,Tablet,12.94,10GB,9,Low,5,8.39,6,6,0.03,2271.71,481.75,2,Short Videos,Networking,Netflix,3.65,2.47
52,Other,USA,Professional,Married,4.38,6.6,2.99,6.5,2.03,YouTube,2.41,Tablet,14.08,10GB,7,Moderate,5,5.32,3,7,2.86,8988.47,241.6,5,Series,Education,Spotify,3.14,1.44
58,Male,India,Professional,Married,7.86,4.99,1.54,4.39,3.71,Instagram,9.55,Smartphone,56.38,50GB,4,Moderate,4,6.89,2,5,2.87,1262.67,482.38,0,News,Education,Spotify,2.04,2.64
30,Male,India,Retired,Married,0.63,7.15,4.18,1.22,3.64,YouTube,4.49,Tablet,99.44,10GB,9,Low,2,6.84,1,5,2.24,3318.92,254.9,1,Series,Entertainment,Netflix,0.39,2.87
55,Male,Australia,Student,Married,7.18,2.95,1.25,2.94,4.14,YouTube,9.09,Tablet,29.24,10GB,2,Moderate,3,7.8,8,8,2.11,5151.2,99.04,1,Movies,Education,Spotify,3.09,0.07
18,Male,Germany,Student,Married,4.4,9.53,4.09,2.7,4.34,Twitter,9.96,PC,18.54,50GB,9,Low,6,7.95,3,3,1.67,1967.95,4.73,4,Series,News,YouTube,0.02,0.79
57,Other,Canada,Retired,Divorced,7.54,9.25,1.47,2.78,2.05,Facebook,5.39,PC,81.64,Unlimited,1,High,6,6.85,5,6,2.5,2001.93,407.4,2,Series,News,Spotify,0.69,2.72
19,Other,Germany,Unemployed,Married,7.12,4.47,4.02,6.92,1.44,Twitter,6.88,Tablet,90.23,10GB,3,Moderate,9,4.15,8,9,2.1,8682.07,177.99,3,News,News,YouTube,3.48,0.26
33,Male,USA,Retired,Widowed,2.11,5.02,0.86,5.95,0.21,Facebook,5.29,PC,53.19,10GB,5,Moderate,6,6.49,9,3,0.41,3654.64,371.14,3,News,Networking,Netflix,2.22,1.12
54,Male,Australia,Unemployed,Widowed,2.96,2.81,3.59,6.3,0.22,Facebook,2.68,Smartphone,78.22,50GB,2,Moderate,4,6.85,7,2,0.71,9699.42,288.96,3,Movies,News,Spotify,3.4,0.05
20,Female,Australia,Student,Married,5.07,3.13,2.63,4.68,4.87,TikTok,4.75,Smartphone,77.32,50GB,7,High,4,5.4,9,2,2.46,8908.04,112.55,1,Short Videos,News,Amazon Prime,0.08,2.75
24,Male,Canada,Unemployed,Married,1.1,8.47,0.55,6.31,1.15,Instagram,4.92,Tablet,74.46,10GB,6,Low,9,8.22,9,3,0.23,4018.33,471.99,5,Short Videos,News,Amazon Prime,3.47,2.69
50,Male,Australia,Professional,Married,6.35,2.67,4.13,6.1,3.98,Facebook,3.78,PC,43.44,Unlimited,5,High,6,5.73,2,5,1.47,3617.5,190.67,3,Short Videos,News,YouTube,3.12,2.35
50,Other,Australia,Student,Divorced,4.29,5.57,2.77,6.34,3.38,YouTube,9.72,Tablet,6.08,10GB,3,Low,3,6.1,7,6,0.16,9248.54,199.18,1,Short Videos,Networking,Spotify,2.56,2.77
46,Other,Canada,Unemployed,Divorced,4.52,7.11,0.62,2.99,3.72,Instagram,4.1,PC,99.85,Unlimited,9,High,3,4.15,7,2,0.14,2328.87,118.96,1,News,Networking,Netflix,1.28,0.74
49,Male,Germany,Student,Single,5.26,3.13,2.76,3.21,2.11,TikTok,8.26,Smartphone,59.37,Unlimited,8,Low,5,6.57,2,5,2.68,2550.87,136.52,2,News,Entertainment,Netflix,2.58,2.43
41,Other,UK,Unemployed,Divorced,2.6,3.94,4.33,5.63,2.66,TikTok,11.96,Smartphone,48.02,Unlimited,4,High,1,7.05,9,1,0.24,5338.56,52.6,4,Short Videos,Education,Spotify,1.14,1.05
26,Male,Germany,Student,Divorced,6.51,7.58,4.05,5.98,4.28,Twitter,9.59,Tablet,12.81,Unlimited,2,Moderate,3,8.11,6,1,0.75,2672.81,298.15,5,News,Networking,Amazon Prime,3.17,2.13
30,Other,UK,Unemployed,Married,7.63,7.58,2.5,5.71,2.26,YouTube,10.8,Tablet,36.45,50GB,7,High,8,4.88,2,6,2.45,3142.69,217.06,0,Series,Education,Amazon Prime,0.46,0.35
22,Male,Germany,Unemployed,Married,3.42,4.39,1.35,4.59,2.63,TikTok,11.59,Tablet,8.19,Unlimited,9,Low,7,5.67,1,2,2.56,5357.73,462.0,3,Series,Entertainment,Amazon Prime,3.46,0.49
60,Other,Germany,Retired,Widowed,3.64,9.63,4.01,6.07,4.02,Instagram,8.59,Tablet,43.37,10GB,6,Low,5,4.16,9,9,2.12,1834.05,448.86,2,Short Videos,News,Spotify,0.58,1.19
43,Female,Australia,Student,Divorced,4.29,1.6,1.23,3.32,3.11,Facebook,8.03,PC,92.96,10GB,6,Moderate,3,8.76,6,4,0.3,9480.39,3.7,3,Short Videos,Entertainment,Amazon Prime,0.53,0.45
33,Female,India,Student,Single,4.34,0.96,1.45,0.93,4.76,TikTok,6.68,Tablet,70.19,Unlimited,5,Low,6,6.43,5,8,1.03,786.35,100.35,4,News,Networking,Netflix,3.65,0.92
37,Female,UK,Professional,Married,6.44,0.71,2.12,5.55,2.51,YouTube,11.0,PC,36.75,10GB,1,Low,8,7.09,5,8,1.5,1734.53,110.92,3,Movies,Education,Spotify,1.95,2.17
62,Other,Australia,Professional,Widowed,2.98,9.88,4.46,6.64,1.1,Facebook,10.45,Tablet,88.14,Unlimited,5,Moderate,7,7.52,5,1,1.52,5250.8,140.73,2,News,Entertainment,Netflix,1.76,1.1
20,Female,Germany,Unemployed,Widowed,7.42,7.13,4.57,4.5,3.03,TikTok,11.58,Smartphone,54.27,Unlimited,3,High,6,7.14,4,3,2.6,536.92,359.21,3,Series,Networking,Spotify,0.27,0.98
43,Female,India,Student,Divorced,5.44,7.8,4.22,3.12,1.49,Twitter,7.16,PC,6.97,Unlimited,4,Moderate,6,7.27,8,1,0.76,8484.74,384.64,4,Short Videos,News,Netflix,2.37,0.61
39,Female,Germany,Retired,Single,2.59,6.03,3.61,0.76,4.61,Twitter,2.77,Smartphone,20.14,Unlimited,7,Moderate,6,7.03,7,7,2.87,4432.19,240.75,0,News,Entertainment,Spotify,3.12,1.62
44,Male,UK,Retired,Widowed,7.18,8.61,4.28,3.26,1.92,Instagram,3.4,Smartphone,50.91,Unlimited,6,High,8,7.93,4,1,0.05,7478.1,354.89,1,Movies,Networking,Netflix,1.75,2.61
13,Male,USA,Unemployed,Married,3.69,2.95,0.69,5.85,1.71,Instagram,3.48,PC,73.26,Unlimited,1,High,7,4.87,7,1,1.82,2889.44,194.22,4,Series,Networking,Netflix,1.47,1.2
58,Female,Canada,Student,Divorced,6.17,8.93,2.49,1.6,4.32,YouTube,2.35,PC,71.19,Unlimited,3,Low,6,8.76,7,3,0.53,9472.39,391.93,1,Series,Networking,YouTube,1.76,2.41
61,Female,Canada,Student,Divorced,3.48,2.2,3.26,5.83,1.7,TikTok,7.05,Tablet,14.2,10GB,1,Low,7,5.13,7,2,1.77,7803.06,131.71,1,News,Education,Netflix,3.84,0.57
42,Male,Australia,Unemployed,Married,3.43,1.66,2.18,1.02,2.61,Instagram,11.62,PC,44.23,10GB,9,High,1,5.81,7,3,1.27,1741.24,193.64,4,News,Networking,Amazon Prime,2.77,1.45
49,Male,Canada,Retired,Married,3.88,8.97,3.61,2.77,1.32,Twitter,9.41,Tablet,71.27,Unlimited,1,Moderate,6,7.09,5,1,1.6,7218.89,272.49,3,News,Entertainment,Netflix,2.34,2.91
60,Other,India,Retired,Widowed,4.23,2.59,0.38,6.93,4.3,Twitter,5.46,Smartphone,13.78,Unlimited,8,High,7,6.71,7,1,2.05,2829.52,214.34,0,Series,Education,Spotify,2.08,2.8
49,Other,USA,Unemployed,Single,6.98,7.11,0.38,5.24,1.27,Facebook,8.38,Smartphone,17.9,10GB,2,Low,8,4.87,7,2,1.47,6894.72,442.22,2,Movies,Networking,Amazon Prime,2.23,1.23
20,Male,UK,Professional,Widowed,4.74,4.97,0.31,3.22,3.88,Instagram,2.84,PC,84.22,Unlimited,7,Low,4,8.18,4,9,0.71,6154.03,216.78,0,News,Education,Amazon Prime,0.33,0.98
42,Female,USA,Professional,Single,2.26,6.44,0.42,0.6,0.3,TikTok,8.85,Tablet,67.42,Unlimited,3,Low,8,6.87,7,7,1.5,3177.98,15.69,3,Series,Education,Netflix,3.91,0.29
44,Male,Australia,Unemployed,Widowed,4.18,5.46,4.59,3.71,2.0,Instagram,11.92,Smartphone,40.11,Unlimited,2,Low,7,5.15,9,4,0.61,6699.73,48.38,1,Movies,Education,Netflix,0.9,2.38
35,Male,Canada,Student,Single,3.43,10.0,1.08,2.46,1.03,Twitter,3.86,Tablet,43.38,50GB,3,Moderate,6,7.82,5,3,0.13,7580.29,139.59,4,Movies,News,Spotify,0.3,2.84
51,Other,UK,Retired,Married,1.04,6.82,3.37,4.15,0.11,YouTube,9.25,Smartphone,51.83,Unlimited,6,Low,2,5.31,2,2,1.8,3841.26,425.08,3,Short Videos,Networking,YouTube,2.64,0.03
61,Female,India,Unemployed,Single,3.61,3.5,1.4,1.38,0.65,TikTok,10.51,Tablet,69.06,50GB,7,Low,4,7.36,6,1,2.26,8304.39,493.34,1,Movies,Entertainment,Netflix,2.33,1.27
61,Other,Australia,Unemployed,Divorced,6.04,2.75,1.32,5.45,1.82,Twitter,6.3,PC,87.68,50GB,9,Low,8,5.24,5,1,0.11,5073.65,163.63,4,Movies,Networking,Amazon Prime,2.62,0.7
36,Female,Canada,Retired,Married,6.64,7.6,1.58,5.12,0.43,Facebook,11.9,Smartphone,12.19,50GB,9,Low,9,7.46,7,4,2.09,2910.17,224.55,2,Short Videos,Education,YouTube,1.1,2.21
18,Male,UK,Student,Married,6.62,5.4,2.8,2.8,2.85,TikTok,5.31,Smartphone,50.75,50GB,4,High,8,8.53,3,5,2.52,1406.87,279.02,5,Series,Entertainment,Spotify,2.76,0.54
64,Female,USA,Unemployed,Widowed,4.31,5.23,3.81,0.7,4.48,YouTube,9.08,Tablet,70.74,50GB,5,High,4,8.63,4,8,1.93,5494.17,248.48,3,Series,Entertainment,YouTube,3.95,2.9
56,Male,UK,Retired,Divorced,2.97,3.26,2.64,1.34,2.63,Instagram,2.4,Smartphone,21.02,10GB,9,Low,8,8.94,9,1,0.34,1123.23,29.82,1,News,Networking,YouTube,0.04,2.99
19,Other,UK,Student,Single,6.97,8.73,1.42,4.59,4.18,Facebook,6.66,Tablet,81.92,10GB,2,Low,7,8.08,5,6,2.22,1901.93,266.7,4,Short Videos,News,Amazon Prime,3.36,0.52
60,Male,USA,Retired,Single,3.37,1.15,0.58,3.16,3.58,Facebook,10.45,Smartphone,37.11,50GB,1,Low,3,8.88,3,5,1.88,3321.68,393.98,4,Series,News,Netflix,3.61,1.45
58,Female,UK,Retired,Divorced,5.89,2.06,2.92,5.07,0.51,Facebook,9.38,Tablet,60.72,Unlimited,3,Low,4,7.16,5,2,1.81,9197.35,487.27,3,Short Videos,Education,Netflix,1.57,2.82
39,Female,Germany,Student,Divorced,0.68,3.01,3.58,6.61,0.6,Twitter,4.32,Tablet,50.91,10GB,1,High,2,8.47,6,6,0.57,8461.57,23.67,2,Series,Education,Spotify,2.41,2.99
43,Female,Germany,Student,Single,7.45,9.09,1.34,3.77,4.54,YouTube,4.79,Smartphone,25.54,50GB,3,High,2,8.78,6,2,1.25,1280.31,353.24,5,Series,Education,Spotify,2.43,2.5
33,Female,Australia,Unemployed,Married,1.23,4.37,2.27,1.08,4.91,YouTube,3.46,Tablet,81.25,10GB,1,Low,8,6.56,3,7,2.61,8002.99,7.89,5,Short Videos,Education,Netflix,0.54,0.61
15,Male,Germany,Unemployed,Married,7.43,3.83,4.0,4.09,4.05,TikTok,11.5,Smartphone,39.8,Unlimited,1,Low,1,7.86,7,7,2.97,5091.42,198.47,0,Series,News,Netflix,0.36,0.43
30,Female,UK,Student,Married,7.29,0.74,4.21,4.28,4.37,Facebook,2.64,Tablet,67.99,Unlimited,4,Moderate,3,4.53,3,2,1.94,8798.22,34.7,1,Series,Education,Netflix,2.16,1.1
54,Other,UK,Unemployed,Married,4.89,0.61,3.15,0.93,4.46,Instagram,3.12,PC,71.67,Unlimited,5,Low,2,8.26,1,9,0.61,3588.46,427.37,4,News,Education,Spotify,2.6,0.56
13,Female,India,Retired,Divorced,5.98,3.91,0.48,6.04,0.92,Twitter,9.69,PC,83.74,Unlimited,2,High,9,6.21,2,8,0.77,4217.58,278.94,0,Series,News,Amazon Prime,3.03,2.2
30,Female,Germany,Retired,Divorced,4.51,3.69,1.49,2.98,0.71,Twitter,9.71,PC,48.94,10GB,1,High,8,8.73,5,6,1.95,5636.94,35.68,2,News,News,YouTube,0.7,0.1
33,Female,Canada,Retired,Widowed,6.59,9.55,2.54,5.3,1.63,Instagram,5.52,Smartphone,87.04,10GB,9,High,2,4.3,9,7,0.6,8546.75,318.91,3,Short Videos,Entertainment,Netflix,3.59,0.99
40,Male,Canada,Unemployed,Divorced,3.91,4.8,0.7,6.57,0.38,Facebook,10.2,Smartphone,63.4,Unlimited,7,High,8,4.0,5,1,2.74,5630.06,13.2,0,Movies,News,Amazon Prime,0.67,2.91
60,Other,USA,Professional,Single,1.06,7.33,2.03,2.14,1.44,Twitter,3.89,Smartphone,56.35,10GB,2,Moderate,8,4.03,3,1,0.83,849.16,331.68,3,News,Entertainment,YouTube,0.85,1.51
31,Female,Canada,Unemployed,Widowed,2.21,8.79,1.91,2.13,1.27,YouTube,11.12,Smartphone,51.6,10GB,8,Low,3,8.62,3,3,1.86,3338.36,127.83,5,News,Entertainment,Netflix,2.0,2.97
31,Male,Germany,Retired,Single,3.0,7.84,4.67,0.68,4.46,Facebook,9.65,Smartphone,22.49,10GB,6,Moderate,5,5.91,9,7,1.96,5714.4,142.51,3,Series,News,Netflix,0.63,1.84
51,Other,USA,Retired,Single,6.87,9.2,4.87,3.59,0.64,Twitter,3.11,Smartphone,78.65,50GB,8,Low,7,4.65,4,9,0.2,7703.2,285.44,3,Short Videos,Entertainment,YouTube,3.03,0.5
36,Male,USA,Unemployed,Divorced,2.1,9.13,4.03,3.81,0.17,Instagram,2.32,Tablet,59.55,50GB,9,High,5,6.76,9,9,0.31,6710.6,270.15,3,Movies,Entertainment,Spotify,0.97,2.54
24,Male,Germany,Student,Single,7.81,3.7,0.22,2.26,0.27,YouTube,7.64,PC,15.68,Unlimited,1,Moderate,8,4.77,3,7,2.51,9305.74,265.5,0,Movies,Entertainment,Amazon Prime,2.57,2.87
36,Male,UK,Student,Married,6.84,4.7,4.5,4.55,3.93,YouTube,11.8,Tablet,7.76,Unlimited,8,Moderate,5,4.1,9,5,1.93,9486.45,363.94,4,Short Videos,Networking,Netflix,2.26,2.96
20,Other,Canada,Retired,Single,3.74,5.98,3.62,6.28,0.98,TikTok,5.37,Smartphone,9.65,10GB,3,High,1,8.27,7,1,2.61,6407.03,46.42,0,News,Entertainment,Spotify,0.58,0.13
22,Female,Australia,Unemployed,Single,6.01,8.16,1.74,2.84,3.26,TikTok,5.29,Smartphone,56.61,50GB,8,Moderate,4,7.95,1,4,2.43,7377.14,469.2,4,News,News,Netflix,0.57,1.99
38,Female,USA,Student,Married,1.31,9.03,0.28,5.68,3.74,TikTok,10.93,PC,13.31,Unlimited,7,Low,7,5.54,5,2,3.0,6464.02,9.93,4,Movies,Education,Spotify,2.47,1.45
34,Other,USA,Retired,Single,6.85,7.44,2.09,1.81,4.33,YouTube,2.53,PC,23.07,50GB,2,Moderate,1,6.66,7,1,2.24,7080.35,429.97,1,Short Videos,News,Spotify,3.63,0.22
60,Other,India,Student,Divorced,2.4,0.99,2.54,3.31,0.52,Twitter,8.68,Smartphone,7.82,Unlimited,4,High,5,7.35,6,2,1.43,5005.62,377.2,3,Short Videos,Entertainment,Spotify,2.47,2.3
31,Other,India,Professional,Married,4.33,3.22,2.52,2.45,4.09,YouTube,4.24,Tablet,57.53,50GB,2,High,1,5.35,9,7,1.54,1927.98,98.78,0,Series,Education,Amazon Prime,0.79,2.83
43,Female,Germany,Professional,Single,3.05,1.99,2.49,6.98,2.51,TikTok,6.28,Smartphone,13.82,50GB,5,High,9,5.73,2,1,2.73,9124.5,491.13,5,Series,News,Amazon Prime,1.48,2.81
45,Female,Germany,Professional,Divorced,3.07,6.65,4.31,4.28,3.3,YouTube,2.43,PC,80.67,Unlimited,8,Low,9,5.15,7,8,2.07,5683.75,163.91,3,Short Videos,Education,Amazon Prime,2.5,1.04
13,Other,Germany,Professional,Single,2.54,6.22,2.77,4.39,0.97,Facebook,8.87,PC,88.44,50GB,5,High,7,8.7,1,1,0.33,2847.14,454.14,3,News,Networking,Netflix,3.65,1.56
47,Female,Germany,Professional,Widowed,0.95,9.22,3.61,6.12,4.89,Twitter,6.18,Smartphone,47.47,10GB,7,Moderate,3,6.84,1,4,1.89,6589.15,162.92,1,Movies,News,Amazon Prime,0.77,0.54
22,Female,Australia,Retired,Single,5.78,7.15,4.73,6.35,1.48,TikTok,10.99,Smartphone,64.32,10GB,6,High,2,6.96,4,6,2.0,4944.94,10.08,2,Series,Entertainment,YouTube,3.64,2.64
62,Female,UK,Retired,Divorced,4.51,2.12,1.14,1.61,0.6,Twitter,3.95,Tablet,67.67,10GB,8,High,1,6.35,1,8,1.17,2265.88,105.76,3,Series,Entertainment,Spotify,1.15,2.08
20,Other,UK,Retired,Single,2.34,3.27,4.81,6.21,2.89,YouTube,3.32,PC,47.57,50GB,2,Moderate,9,6.2,9,2,1.17,3316.22,323.99,0,Series,Networking,Spotify,0.19,0.6
34,Female,Canada,Unemployed,Widowed,3.72,6.47,0.21,4.38,0.85,YouTube,5.44,Smartphone,16.55,10GB,8,High,6,8.19,4,3,1.69,6430.42,32.29,5,Short Videos,News,Netflix,0.6,0.61
17,Female,Germany,Unemployed,Married,4.51,4.9,3.34,2.31,2.76,Twitter,6.17,PC,94.73,50GB,6,High,5,4.19,5,5,1.64,1063.12,225.86,0,Series,Education,Netflix,0.48,0.17
64,Female,India,Unemployed,Single,3.38,0.84,1.97,6.75,0.69,Instagram,4.14,Smartphone,91.85,Unlimited,1,Moderate,6,6.63,1,1,0.27,9975.18,14.23,5,News,News,YouTube,3.41,0.83
39,Female,USA,Unemployed,Married,3.98,7.42,0.98,3.33,3.02,Twitter,2.07,Smartphone,36.59,10GB,6,Moderate,6,8.64,4,5,2.7,3564.46,363.15,0,Series,Entertainment,Spotify,3.51,2.0
43,Other,Australia,Retired,Single,7.64,7.91,1.76,3.97,1.65,YouTube,5.21,PC,37.45,50GB,2,Moderate,6,4.39,3,4,2.26,9612.51,207.08,0,Short Videos,Networking,Amazon Prime,1.11,0.13
16,Other,Canada,Student,Single,5.58,8.24,2.83,5.12,0.4,Instagram,4.33,Tablet,55.8,50GB,6,Moderate,3,7.45,2,9,0.62,1965.43,198.68,2,Short Videos,News,Spotify,3.73,1.03
52,Other,USA,Retired,Divorced,2.44,6.22,3.04,6.69,0.02,Facebook,5.74,PC,61.57,Unlimited,4,Low,8,8.2,3,6,1.38,2836.79,10.71,4,Series,Networking,YouTube,3.82,1.97
23,Other,Canada,Unemployed,Divorced,1.43,7.59,4.07,5.93,1.15,Instagram,3.35,Tablet,90.45,50GB,3,Moderate,7,4.76,2,3,1.86,5472.59,433.86,0,Movies,Entertainment,YouTube,0.92,1.11
59,Female,Germany,Unemployed,Married,6.16,6.35,2.98,4.28,2.21,Twitter,3.21,Tablet,51.49,10GB,1,Low,1,8.99,5,7,2.63,7558.24,480.14,2,News,Networking,Netflix,1.35,2.69
23,Female,Canada,Student,Divorced,6.98,7.83,3.36,1.83,0.62,YouTube,6.35,PC,77.44,Unlimited,6,Low,3,8.36,1,2,0.77,8112.92,442.38,2,Movies,Networking,Spotify,2.9,1.86
22,Female,USA,Retired,Divorced,1.45,1.45,2.86,1.8,0.42,Facebook,5.32,PC,23.55,10GB,4,Low,1,7.22,9,4,2.39,4562.78,223.78,3,Movies,Education,Spotify,1.91,0.01
14,Female,India,Professional,Widowed,7.85,0.87,2.19,2.01,4.05,Facebook,6.05,Tablet,71.35,Unlimited,7,Low,4,5.94,7,3,1.27,5577.56,352.13,4,News,News,Netflix,0.54,1.2
37,Female,Australia,Unemployed,Divorced,1.23,0.86,0.59,1.84,4.11,TikTok,8.12,Smartphone,99.29,10GB,6,Moderate,4,5.08,3,2,1.77,503.66,79.72,0,Movies,News,YouTube,3.74,0.96
42,Other,Canada,Professional,Divorced,6.74,1.69,2.03,4.19,0.96,Facebook,3.47,Smartphone,57.14,10GB,9,High,2,4.78,7,8,0.46,3619.01,441.19,4,Movies,Entertainment,Spotify,1.94,1.8
16,Male,UK,Professional,Single,4.57,2.18,4.12,3.6,0.74,Facebook,9.93,Smartphone,79.74,10GB,6,Moderate,7,4.19,2,9,2.5,1310.34,254.95,2,Short Videos,News,Amazon Prime,0.57,2.08
53,Female,UK,Retired,Divorced,1.25,1.42,1.89,4.82,3.1,Twitter,4.2,Smartphone,89.81,Unlimited,2,Moderate,8,5.57,1,8,2.44,1865.69,104.64,1,Movies,Entertainment,Netflix,3.56,1.42
36,Male,Canada,Professional,Single,7.95,8.76,3.33,5.37,0.78,Facebook,8.33,Tablet,48.6,50GB,9,Moderate,8,8.46,7,1,1.01,2150.07,232.84,1,News,Education,Netflix,1.81,2.09
40,Male,UK,Student,Widowed,1.81,5.77,1.24,6.4,2.5,Twitter,7.38,PC,78.34,10GB,7,High,2,6.9,5,2,1.44,3564.77,126.28,2,Short Videos,Entertainment,Amazon Prime,1.05,2.72
35,Other,Germany,Student,Divorced,7.24,7.18,1.19,1.89,1.02,TikTok,7.01,Tablet,90.59,10GB,9,Low,3,7.05,6,2,1.89,9285.73,36.05,3,Movies,News,Netflix,3.5,1.41
33,Other,India,Professional,Widowed,2.45,5.11,0.39,5.04,3.01,Instagram,4.26,PC,60.24,50GB,9,Moderate,3,7.18,9,7,2.39,8397.69,66.33,0,Series,Education,YouTube,2.08,2.59
42,Other,UK,Professional,Married,5.58,9.14,1.33,4.45,1.79,Facebook,2.82,PC,23.76,10GB,3,Moderate,4,6.87,2,9,0.22,9859.69,369.25,5,News,News,Netflix,0.06,2.27
21,Other,Germany,Retired,Widowed,7.61,5.58,1.17,0.9,0.17,TikTok,6.23,Smartphone,26.08,Unlimited,6,Low,6,8.9,6,2,2.87,5471.1,194.92,4,Series,Education,Netflix,1.96,1.22
22,Other,Canada,Unemployed,Widowed,3.85,9.81,3.95,3.29,3.48,Facebook,3.45,Tablet,96.21,10GB,9,Moderate,4,6.1,2,1,0.25,5721.59,120.02,0,Short Videos,Education,Netflix,3.41,0.99
57,Female,Australia,Professional,Divorced,7.82,6.07,3.99,3.49,3.11,YouTube,9.26,Smartphone,78.24,10GB,9,High,9,8.07,2,9,0.8,2002.39,361.77,2,Movies,Entertainment,Spotify,3.1,1.48
62,Other,Germany,Retired,Divorced,1.92,8.98,2.32,1.74,1.24,Twitter,6.68,Tablet,22.53,10GB,2,Low,8,4.78,2,7,2.92,2401.88,74.93,2,Series,Entertainment,Spotify,2.06,0.26
32,Male,Germany,Student,Widowed,2.95,7.4,2.18,3.58,4.49,TikTok,10.89,Tablet,82.77,Unlimited,3,Low,7,8.23,4,8,1.15,9973.95,377.86,1,Series,Education,Netflix,0.49,0.13
27,Female,India,Professional,Married,1.36,5.16,1.45,0.59,5.0,TikTok,3.09,PC,43.33,50GB,9,High,7,8.64,3,4,2.02,1673.55,227.93,2,Movies,News,Spotify,2.65,0.94
46,Female,Germany,Student,Divorced,5.79,9.81,1.3,6.63,1.33,TikTok,8.79,Smartphone,67.73,Unlimited,4,Moderate,1,6.69,9,3,1.28,1363.97,324.86,1,Short Videos,News,Spotify,3.91,1.18
34,Male,UK,Unemployed,Married,6.82,4.4,0.68,0.79,1.94,Twitter,7.49,Tablet,56.52,Unlimited,9,Moderate,8,5.04,8,2,2.97,3982.95,81.15,5,Movies,Education,Netflix,1.63,2.24
14,Female,USA,Student,Single,3.19,3.18,0.9,3.11,1.05,YouTube,5.12,Tablet,63.29,50GB,3,Moderate,3,6.55,8,7,0.37,2720.32,290.22,2,News,Networking,Spotify,0.5,0.03
21,Female,India,Retired,Divorced,4.55,6.69,0.52,4.19,0.77,Instagram,5.41,Smartphone,89.33,Unlimited,8,Moderate,4,8.36,7,5,1.35,3378.15,224.78,3,Movies,Networking,Netflix,2.83,2.96
50,Other,Canada,Retired,Single,2.34,2.41,2.64,1.98,0.88,Twitter,4.65,Smartphone,80.39,10GB,9,High,4,7.9,6,6,2.37,6670.32,445.22,3,Movies,Entertainment,YouTube,0.38,1.84
47,Female,Canada,Retired,Single,1.82,7.24,4.69,4.89,3.6,Instagram,7.31,PC,16.65,50GB,8,Moderate,8,4.02,4,5,1.98,7119.83,422.83,0,Movies,Networking,Netflix,2.81,2.99
14,Male,Canada,Retired,Single,6.09,6.79,3.22,3.04,4.05,YouTube,4.69,Tablet,69.43,Unlimited,4,Moderate,5,4.72,3,3,2.98,2880.91,499.52,2,Short Videos,Education,Spotify,1.62,0.28
24,Male,Germany,Professional,Married,6.96,4.86,2.29,4.46,1.99,TikTok,5.29,PC,70.1,Unlimited,1,High,9,5.41,8,6,1.38,994.37,116.15,2,Movies,Education,YouTube,1.46,1.14
25,Male,USA,Retired,Divorced,2.84,5.61,4.43,2.78,1.86,Facebook,9.31,Smartphone,84.08,Unlimited,9,Low,1,6.24,5,5,0.02,4080.71,67.58,0,Series,Networking,YouTube,0.29,0.16
47,Male,Germany,Retired,Single,7.15,6.89,1.33,0.96,4.87,Instagram,3.96,Tablet,24.83,10GB,2,High,3,4.35,2,2,0.95,1366.38,364.2,2,Short Videos,Networking,Amazon Prime,1.14,1.18
14,Female,Germany,Student,Single,1.89,2.23,4.67,6.06,3.2,YouTube,6.69,Tablet,49.7,Unlimited,8,High,2,7.39,8,8,1.28,5366.48,426.7,5,Movies,Education,Spotify,3.51,1.96
18,Female,USA,Retired,Widowed,4.57,4.21,2.47,0.81,1.99,Facebook,7.92,Smartphone,26.92,Unlimited,2,High,7,4.36,4,5,2.52,5615.81,244.12,4,Series,Education,Netflix,1.42,0.9
54,Female,USA,Unemployed,Married,3.91,8.99,0.75,5.12,4.96,TikTok,11.33,Smartphone,37.33,Unlimited,4,Low,1,7.62,3,1,2.05,2319.29,164.05,2,Short Videos,News,Amazon Prime,1.36,1.69
22,Other,Germany,Professional,Single,1.55,4.14,1.24,6.39,4.97,Facebook,5.05,Tablet,93.29,10GB,8,Moderate,5,8.62,6,7,2.8,1537.08,177.1,0,Movies,Networking,Amazon Prime,1.8,2.8
46,Female,India,Unemployed,Single,6.08,5.97,2.9,6.25,0.94,YouTube,11.35,Smartphone,93.2,Unlimited,3,Low,6,5.95,2,6,2.9,944.06,332.83,1,Movies,Education,Spotify,0.39,0.06
25,Male,UK,Student,Single,6.33,9.11,1.2,5.11,2.09,YouTube,9.49,Smartphone,78.2,Unlimited,2,High,5,5.9,7,9,1.25,614.8,425.68,2,News,Networking,Spotify,0.11,2.94
18,Female,Canada,Student,Married,2.86,5.36,1.87,4.09,3.53,TikTok,9.85,Smartphone,81.28,10GB,5,High,4,8.7,6,9,0.01,3525.46,460.83,0,Short Videos,Entertainment,Spotify,1.54,0.68
25,Other,Australia,Professional,Married,5.3,4.17,4.52,4.63,2.76,YouTube,8.48,Tablet,65.18,Unlimited,7,Low,2,6.41,3,5,1.34,3815.66,389.63,3,Movies,Education,YouTube,0.76,2.79
50,Female,USA,Professional,Widowed,3.62,2.42,2.05,5.54,0.85,Twitter,8.8,PC,37.48,10GB,7,High,3,7.95,2,7,1.21,6683.55,136.01,5,Movies,Entertainment,Amazon Prime,0.07,2.42
57,Female,USA,Professional,Widowed,3.52,1.23,2.5,5.23,4.95,YouTube,7.57,Smartphone,61.58,50GB,2,Low,6,5.02,7,1,0.4,5395.69,454.9,1,Movies,Education,YouTube,3.57,1.35
56,Male,Australia,Retired,Widowed,3.1,2.2,4.92,5.83,3.91,Instagram,10.83,Smartphone,34.05,10GB,2,Low,2,6.49,8,6,1.91,1885.59,420.32,0,News,Education,Amazon Prime,3.12,0.23
33,Male,India,Professional,Widowed,3.28,7.87,3.2,1.62,2.54,Facebook,10.18,PC,43.54,Unlimited,2,Low,2,6.08,2,7,1.54,9325.24,81.34,1,Short Videos,Networking,YouTube,1.84,0.8
47,Female,Australia,Professional,Divorced,1.62,5.97,4.26,4.7,1.35,Instagram,9.7,Smartphone,92.02,50GB,4,Moderate,4,7.53,5,2,2.95,4847.0,52.78,5,News,Networking,YouTube,1.37,1.52
23,Male,UK,Retired,Married,3.88,9.57,2.28,1.87,3.29,Facebook,4.01,PC,36.78,Unlimited,6,Moderate,9,5.78,7,4,1.14,7805.15,125.71,1,News,Entertainment,Spotify,0.01,0.92
28,Male,USA,Retired,Widowed,7.61,4.35,3.74,3.99,4.81,Facebook,2.08,Smartphone,51.97,10GB,6,Moderate,8,8.45,5,8,1.23,1226.88,400.23,3,Series,Networking,Amazon Prime,0.18,0.81
59,Other,India,Unemployed,Widowed,2.76,9.3,1.82,2.43,2.03,YouTube,8.65,PC,42.35,10GB,5,Low,1,5.85,5,6,0.7,9358.63,373.78,2,Short Videos,Networking,Netflix,1.43,2.92
13,Male,USA,Student,Married,6.98,7.15,1.05,6.28,0.61,TikTok,10.21,Tablet,42.03,50GB,8,High,6,4.22,2,2,2.07,6307.4,433.35,4,News,Education,YouTube,1.65,1.06
17,Female,Germany,Unemployed,Widowed,4.91,9.85,1.27,3.93,2.2,Instagram,8.2,Tablet,32.0,Unlimited,4,Moderate,4,7.87,5,5,2.46,4759.79,242.07,0,Short Videos,Networking,Amazon Prime,0.51,0.62
23,Other,USA,Professional,Divorced,2.75,8.57,4.44,6.9,2.57,Facebook,3.89,PC,50.3,Unlimited,5,Low,8,7.57,7,8,0.86,5848.53,137.3,5,Series,Networking,YouTube,3.87,1.14
14,Female,Canada,Retired,Widowed,4.9,2.57,3.44,1.25,0.73,TikTok,4.59,Tablet,44.05,Unlimited,5,Low,9,4.75,2,1,0.64,7879.37,98.7,5,Short Videos,Networking,YouTube,0.03,1.52
22,Male,Canada,Unemployed,Divorced,6.89,2.3,3.75,6.58,0.65,YouTube,3.78,PC,56.38,50GB,4,Low,7,4.71,1,2,2.51,3824.0,360.18,3,Movies,Entertainment,Spotify,3.92,0.98
43,Other,Canada,Professional,Single,7.56,6.6,1.53,6.97,0.34,TikTok,8.99,PC,41.0,Unlimited,9,High,4,6.83,8,8,0.23,8001.39,25.07,0,Series,Networking,Spotify,3.21,1.95
34,Male,USA,Student,Divorced,7.36,4.93,0.75,0.97,1.67,Facebook,7.27,PC,84.38,50GB,6,Moderate,3,8.87,4,5,1.46,9088.06,107.14,3,Series,News,Spotify,0.8,1.32
59,Other,UK,Retired,Single,4.77,1.4,2.4,0.8,1.69,TikTok,2.11,PC,69.53,50GB,4,Low,2,6.6,9,8,0.42,7446.32,197.66,5,Movies,News,Amazon Prime,1.47,2.14
55,Female,Canada,Retired,Widowed,7.49,6.9,3.14,5.28,1.22,TikTok,3.16,Smartphone,70.88,50GB,9,High,3,6.74,8,3,2.96,1777.56,237.6,5,Movies,Education,Amazon Prime,1.76,0.32
30,Female,Australia,Retired,Widowed,7.16,8.77,0.59,6.62,2.18,Twitter,10.38,PC,15.83,10GB,6,High,9,8.61,8,9,0.66,1470.68,479.3,1,Short Videos,Networking,Netflix,1.75,0.73
26,Male,USA,Unemployed,Divorced,1.12,6.92,2.75,5.49,4.41,Facebook,4.7,Smartphone,35.64,10GB,6,High,8,6.97,8,3,2.38,6355.44,14.5,1,Movies,Networking,Amazon Prime,0.04,0.34
32,Female,UK,Retired,Single,1.71,1.02,1.49,6.01,4.2,Instagram,5.13,Smartphone,6.61,50GB,7,High,3,5.14,7,3,0.06,5084.78,93.09,3,Movies,Networking,Netflix,1.33,2.66
43,Female,Australia,Retired,Single,4.45,4.18,1.73,4.79,1.25,YouTube,8.17,Smartphone,45.02,50GB,9,High,8,4.33,8,1,0.05,4987.79,151.52,4,News,News,Netflix,0.73,0.23
26,Male,Canada,Student,Divorced,4.17,4.82,0.96,4.68,1.13,YouTube,7.22,Smartphone,17.04,50GB,1,Low,5,7.5,9,8,1.5,8695.78,235.1,1,Series,News,Netflix,0.99,1.38
45,Other,Canada,Professional,Divorced,7.01,3.21,4.64,6.08,2.09,Twitter,4.3,PC,96.5,10GB,2,Low,1,5.03,7,6,0.77,4110.37,391.04,0,News,Networking,YouTube,0.86,2.57
34,Male,India,Professional,Single,6.98,9.96,3.06,3.92,1.45,Facebook,3.53,Tablet,33.28,10GB,7,High,3,5.63,5,9,1.76,9281.95,215.65,3,Short Videos,Entertainment,Spotify,3.74,2.52
41,Other,UK,Unemployed,Divorced,3.64,6.78,1.77,4.61,4.46,TikTok,3.19,Smartphone,30.2,Unlimited,3,High,7,7.53,7,3,2.95,7789.13,363.72,5,Series,Education,YouTube,3.13,0.96
35,Male,Canada,Unemployed,Widowed,2.61,7.18,2.6,4.49,2.22,YouTube,6.8,PC,9.15,Unlimited,5,High,1,4.32,6,6,0.59,6747.44,465.18,1,News,Education,Amazon Prime,2.08,0.57
28,Female,USA,Professional,Widowed,6.21,0.63,1.63,3.24,1.18,Instagram,3.13,Smartphone,81.2,10GB,8,Low,7,7.28,3,2,2.0,5580.11,216.07,2,Short Videos,Networking,Netflix,0.24,0.47
62,Other,India,Retired,Divorced,2.75,3.15,4.86,2.01,1.67,Twitter,2.06,PC,76.76,50GB,5,Low,3,5.5,4,9,0.91,8263.14,161.18,0,News,News,Amazon Prime,2.13,1.16
52,Female,Canada,Unemployed,Married,5.83,9.0,2.2,1.64,1.53,Instagram,5.78,Smartphone,10.25,Unlimited,9,Moderate,3,6.33,5,1,2.58,6544.95,77.98,2,News,Education,YouTube,2.04,2.21
20,Male,Germany,Student,Widowed,0.89,0.64,4.95,5.05,2.75,TikTok,10.9,PC,73.27,50GB,7,High,9,6.15,9,5,1.72,9501.94,246.95,4,News,News,Spotify,0.51,1.58
58,Female,Canada,Professional,Divorced,4.04,5.56,2.33,5.0,0.39,Instagram,8.67,PC,58.15,Unlimited,9,Low,3,7.96,1,2,0.02,5936.94,134.34,0,News,News,Spotify,1.21,0.2
38,Other,UK,Professional,Divorced,2.31,7.77,0.21,1.23,3.55,Twitter,4.42,Tablet,19.4,Unlimited,3,Low,6,6.47,7,1,0.6,4849.18,224.43,4,Short Videos,Entertainment,YouTube,1.57,1.69
59,Female,Australia,Student,Widowed,6.53,9.66,3.08,3.29,2.33,Twitter,9.55,PC,96.87,10GB,4,Low,1,4.28,6,2,2.3,9635.27,314.17,5,Movies,Entertainment,Amazon Prime,1.39,1.67
54,Female,Australia,Retired,Widowed,6.55,2.96,3.2,5.76,1.12,Facebook,3.0,Smartphone,37.84,10GB,8,Moderate,5,6.28,3,7,2.95,4957.25,456.8,0,Short Videos,Education,Spotify,3.9,2.18
35,Female,Canada,Unemployed,Single,4.39,9.82,3.22,4.47,0.95,YouTube,5.24,Tablet,36.82,10GB,5,High,6,4.46,1,1,0.6,8687.03,434.38,4,Series,News,Spotify,0.76,1.27
14,Female,Germany,Professional,Widowed,1.08,6.94,2.09,5.02,4.11,TikTok,7.99,Smartphone,24.71,10GB,8,High,4,8.26,4,8,0.46,8078.41,159.01,0,News,Networking,Amazon Prime,0.6,1.63
26,Female,Australia,Professional,Single,5.79,6.0,4.67,4.88,2.26,YouTube,4.25,Tablet,71.53,50GB,6,Moderate,1,6.6,1,7,2.59,7205.71,359.47,2,Short Videos,Entertainment,YouTube,2.18,1.67
41,Other,UK,Retired,Single,1.77,6.57,0.86,6.03,1.99,Twitter,2.95,PC,96.65,Unlimited,9,High,6,5.22,3,1,1.26,5301.26,232.25,4,Short Videos,Education,Spotify,3.81,1.07
45,Other,Australia,Unemployed,Married,2.0,6.65,4.77,4.37,4.28,Instagram,6.02,PC,37.73,10GB,8,Moderate,7,5.0,5,8,0.6,5795.7,297.3,0,News,News,Netflix,0.9,0.59
26,Female,USA,Professional,Divorced,2.84,8.7,3.64,5.46,4.37,Facebook,4.65,Smartphone,73.15,10GB,2,Low,8,5.78,5,1,0.79,6874.58,245.48,5,News,News,Amazon Prime,3.15,2.02
20,Male,Canada,Student,Widowed,2.08,7.8,3.69,5.25,4.6,Instagram,5.89,PC,34.76,10GB,7,Low,8,4.37,1,2,0.34,1912.95,139.52,3,News,Entertainment,Amazon Prime,2.75,0.95
56,Male,Australia,Professional,Married,7.6,3.53,2.59,5.32,3.86,YouTube,3.46,Tablet,77.07,10GB,2,Low,6,8.9,9,2,0.92,1745.56,412.71,2,Series,Networking,YouTube,2.33,2.22
64,Other,Germany,Student,Widowed,5.55,6.98,3.71,3.99,1.69,Facebook,5.81,PC,99.47,Unlimited,4,Low,5,8.28,3,5,1.81,9996.01,355.45,5,News,Networking,Amazon Prime,0.03,1.58
40,Female,USA,Unemployed,Divorced,3.21,4.42,2.78,3.83,2.66,TikTok,7.54,Tablet,16.36,50GB,7,High,9,7.79,1,5,2.84,3945.18,116.58,1,Short Videos,Networking,Amazon Prime,2.61,2.3
21,Male,India,Student,Widowed,7.94,2.14,2.77,2.41,3.35,Twitter,6.7,PC,23.69,10GB,1,Moderate,5,8.93,1,7,0.05,6131.82,152.71,5,Series,Entertainment,Amazon Prime,2.99,1.2
27,Female,USA,Unemployed,Divorced,1.47,6.24,1.13,3.1,1.48,Facebook,7.19,Tablet,53.22,10GB,1,High,3,7.23,2,9,2.39,6063.18,443.21,3,Series,Entertainment,YouTube,0.65,2.29
13,Other,UK,Student,Widowed,7.59,2.53,2.79,6.66,0.32,Instagram,6.8,PC,5.66,50GB,5,High,9,4.95,4,5,1.98,4935.9,488.79,3,Series,Education,Amazon Prime,2.38,1.18
60,Female,Germany,Retired,Widowed,0.57,9.83,1.8,6.39,0.95,Twitter,9.46,Smartphone,18.03,50GB,1,Moderate,6,6.62,1,8,2.35,6206.58,75.98,4,Series,Networking,Amazon Prime,1.09,2.69
19,Female,UK,Unemployed,Divorced,7.35,6.1,3.74,6.63,2.98,Twitter,11.16,Smartphone,23.18,10GB,5,Moderate,8,6.82,2,4,0.01,589.0,249.74,3,Movies,Networking,YouTube,0.56,1.53
42,Male,UK,Professional,Single,7.33,4.6,4.31,4.43,0.4,YouTube,2.19,Tablet,55.54,10GB,5,Moderate,6,4.05,9,5,1.32,4150.32,305.08,4,Movies,Networking,YouTube,2.18,0.44
27,Other,Australia,Student,Divorced,7.96,9.43,3.34,2.97,2.84,Instagram,11.84,Tablet,78.14,Unlimited,7,Moderate,8,4.8,5,5,0.52,5125.73,210.91,1,News,Networking,YouTube,3.44,2.8
41,Male,India,Student,Single,7.08,1.09,1.13,2.89,3.07,TikTok,2.08,Smartphone,40.39,50GB,2,High,4,5.05,3,8,2.16,840.46,147.45,5,Series,Entertainment,YouTube,2.86,2.28
46,Other,Germany,Retired,Divorced,5.13,7.95,0.29,1.61,4.95,Instagram,7.99,PC,56.9,10GB,1,High,4,5.52,5,8,1.94,5453.27,70.79,4,Movies,Education,Spotify,2.85,1.07
56,Male,Canada,Retired,Single,7.87,4.81,2.75,5.28,2.02,Facebook,3.74,PC,90.05,Unlimited,1,Moderate,3,8.59,4,5,0.65,1765.67,301.3,5,Movies,Education,YouTube,1.64,1.61
23,Female,Canada,Professional,Divorced,6.53,6.78,4.91,3.8,2.2,Twitter,2.54,Smartphone,24.64,Unlimited,7,Low,5,6.27,8,9,2.38,1607.4,243.51,0,Series,Networking,Netflix,2.66,1.75
13,Female,Canada,Professional,Married,3.02,8.52,0.95,4.22,4.45,Twitter,6.27,Smartphone,75.68,10GB,1,Moderate,6,7.65,7,6,0.47,3925.96,390.8,4,Series,Education,YouTube,3.79,1.85
20,Female,Germany,Retired,Divorced,2.77,5.74,1.23,3.69,2.95,Instagram,6.03,PC,68.02,50GB,3,High,4,7.44,5,9,0.37,3637.98,231.99,1,Movies,Education,Netflix,2.98,1.32
59,Other,USA,Unemployed,Divorced,7.88,5.45,4.69,0.95,4.04,Instagram,3.63,Tablet,11.61,10GB,7,Moderate,2,4.18,1,5,2.39,8729.45,298.98,2,News,News,YouTube,1.66,0.19
58,Male,India,Professional,Married,4.99,9.84,2.29,3.99,4.51,Twitter,7.44,PC,43.67,50GB,8,Moderate,9,8.93,4,9,2.78,3408.09,122.08,5,Series,Entertainment,Netflix,2.66,1.69
44,Male,Germany,Professional,Divorced,7.05,0.8,2.64,2.73,3.5,YouTube,4.59,PC,25.47,Unlimited,4,Low,6,6.42,7,1,2.89,3395.59,387.8,0,News,Education,Netflix,0.49,1.96
44,Female,USA,Student,Married,4.04,4.6,3.88,1.7,4.2,Twitter,6.56,Tablet,11.31,50GB,4,High,9,7.38,9,2,0.91,6324.9,48.23,0,Series,News,Amazon Prime,1.9,2.77
47,Female,Germany,Student,Divorced,7.25,8.36,3.78,5.98,0.84,YouTube,10.85,Tablet,45.77,50GB,9,Moderate,9,8.29,7,5,2.27,5337.11,94.38,3,News,Networking,Amazon Prime,0.91,0.06
22,Male,Germany,Retired,Widowed,7.25,7.2,2.43,3.87,3.72,Facebook,10.09,PC,58.34,10GB,2,Moderate,6,7.9,2,3,1.77,2306.35,486.2,5,Movies,Networking,Spotify,2.7,2.38
60,Male,Canada,Student,Married,6.16,9.57,4.85,5.36,0.37,Instagram,4.91,Tablet,37.12,50GB,3,Low,2,7.52,6,8,2.19,2873.76,459.21,5,News,Entertainment,YouTube,3.09,0.06
34,Male,Canada,Student,Single,5.56,1.0,3.64,3.62,4.53,YouTube,6.0,Tablet,81.73,Unlimited,1,High,2,6.19,2,9,0.63,784.01,497.26,0,Short Videos,Entertainment,Netflix,2.16,1.79
32,Female,UK,Unemployed,Widowed,5.97,6.28,1.78,4.54,0.16,Facebook,9.43,Smartphone,12.28,50GB,4,Moderate,4,6.32,1,5,0.07,6548.58,195.01,0,Short Videos,News,Netflix,3.38,0.78
39,Female,UK,Unemployed,Married,6.39,1.19,1.89,2.08,0.02,Facebook,11.12,Tablet,48.51,50GB,5,High,2,8.73,9,7,2.64,6805.48,110.7,1,Movies,News,Spotify,1.4,1.96
15,Other,USA,Professional,Married,1.69,4.05,2.39,0.55,1.85,Twitter,11.91,Smartphone,19.46,50GB,4,Low,7,6.81,3,5,0.28,5658.94,281.44,3,Short Videos,Entertainment,Amazon Prime,1.61,2.21
21,Male,India,Retired,Widowed,5.32,6.3,2.91,3.43,3.18,Facebook,11.75,Tablet,27.42,50GB,1,High,3,6.43,2,6,0.5,4298.8,320.23,1,Series,Networking,Amazon Prime,2.05,0.53
51,Other,Australia,Student,Widowed,1.23,3.83,2.97,4.32,3.91,Facebook,9.54,Smartphone,26.31,10GB,2,Low,1,7.88,7,8,1.34,8061.44,417.62,0,Short Videos,Networking,Netflix,3.75,1.56
17,Male,Canada,Unemployed,Single,5.87,4.96,3.47,4.13,1.55,Instagram,8.56,PC,92.76,Unlimited,2,Low,6,6.23,6,9,1.55,5003.9,258.18,4,Short Videos,Education,Amazon Prime,0.01,2.5
44,Female,USA,Retired,Single,1.37,1.16,2.04,6.95,4.17,TikTok,10.06,Smartphone,89.85,50GB,6,Low,5,5.77,4,6,1.79,4446.52,182.69,3,Movies,News,Amazon Prime,2.5,1.81
25,Other,UK,Retired,Single,0.92,2.02,0.36,5.46,4.76,TikTok,3.7,Tablet,45.5,50GB,2,Moderate,5,7.05,5,3,2.69,747.76,274.11,2,Short Videos,Education,Spotify,1.5,2.31
33,Male,UK,Retired,Married,6.41,6.94,1.0,5.2,3.94,Instagram,8.54,PC,91.02,10GB,7,High,4,7.58,7,1,2.84,1574.94,126.06,3,Series,News,Netflix,1.91,1.21
28,Other,India,Unemployed,Widowed,7.99,1.32,4.14,5.74,2.04,Twitter,6.38,Tablet,55.13,10GB,9,Moderate,7,8.97,6,5,1.97,4466.01,139.65,2,Series,Entertainment,YouTube,0.71,1.06
31,Female,UK,Professional,Married,4.99,6.35,2.87,0.75,0.3,Twitter,8.42,Tablet,26.79,10GB,7,Low,5,8.93,6,7,2.36,8481.94,326.17,1,News,News,Spotify,0.67,2.27
50,Female,Canada,Unemployed,Widowed,3.67,7.26,0.66,0.9,1.83,TikTok,5.56,PC,12.51,10GB,9,Low,8,8.05,7,5,2.46,6420.98,74.06,1,Short Videos,Education,Amazon Prime,0.73,0.38
28,Female,Germany,Retired,Widowed,2.83,7.44,2.49,0.98,1.24,Facebook,5.11,PC,77.54,Unlimited,2,Low,7,7.14,7,1,1.11,2072.87,234.93,0,Series,Entertainment,Amazon Prime,1.34,0.35
42,Other,UK,Unemployed,Single,4.93,2.24,4.66,1.99,1.7,TikTok,10.65,PC,85.55,Unlimited,5,High,2,7.22,9,8,0.1,1637.34,388.93,4,Movies,Education,YouTube,0.92,1.35
37,Male,Australia,Unemployed,Married,7.13,1.59,2.41,3.71,4.7,Facebook,9.41,Smartphone,25.38,Unlimited,6,Low,5,5.78,3,5,0.9,2628.72,65.09,4,News,Entertainment,Netflix,0.29,0.52
47,Female,UK,Student,Divorced,0.81,2.83,1.24,3.66,0.82,Instagram,10.38,Smartphone,59.08,10GB,9,Moderate,6,4.11,8,7,2.22,9990.48,393.47,0,Series,Education,YouTube,0.56,2.73
61,Male,Canada,Student,Married,2.79,6.22,3.14,4.62,1.94,Twitter,8.44,PC,49.73,10GB,3,Low,4,5.49,7,2,2.23,3154.69,430.85,4,Series,News,YouTube,2.34,0.58
51,Other,India,Student,Widowed,7.57,6.12,4.84,1.71,4.15,Instagram,7.35,Smartphone,14.71,Unlimited,3,Moderate,1,8.6,4,1,1.89,8366.58,440.11,5,News,News,Netflix,0.57,2.88
24,Other,UK,Student,Single,6.42,0.98,1.83,0.76,4.2,Twitter,8.63,Tablet,72.53,10GB,8,Low,4,7.92,6,2,0.02,7189.52,381.81,2,Short Videos,Education,YouTube,1.73,0.87
14,Other,Germany,Student,Married,5.15,1.34,1.49,5.65,0.29,Twitter,7.39,PC,76.77,Unlimited,4,Moderate,2,5.13,8,5,2.27,6642.84,448.86,1,Movies,Entertainment,YouTube,0.12,2.71
26,Other,Australia,Retired,Married,6.71,9.06,4.1,5.04,2.98,TikTok,10.31,Tablet,13.37,10GB,3,Low,7,5.08,1,4,0.75,5133.99,405.82,2,Series,Entertainment,Netflix,1.75,1.02
43,Female,Canada,Student,Single,7.72,4.95,1.44,0.5,2.76,TikTok,8.07,Tablet,32.94,10GB,4,Moderate,8,7.02,7,2,0.82,9202.95,166.55,1,News,Entertainment,Netflix,3.26,2.01
15,Other,USA,Unemployed,Divorced,4.96,6.22,0.82,4.5,1.06,TikTok,5.79,Smartphone,89.25,Unlimited,7,High,4,7.91,5,5,2.58,4230.05,279.63,4,Movies,Education,YouTube,2.8,2.27
38,Female,UK,Professional,Single,5.51,8.09,0.76,1.25,3.24,Instagram,10.13,PC,26.67,50GB,2,High,8,6.92,2,4,2.9,3874.35,145.03,5,Short Videos,Education,Netflix,3.35,2.04
44,Other,Canada,Professional,Widowed,4.55,2.75,1.25,3.24,0.14,YouTube,3.77,Smartphone,87.08,50GB,6,High,3,4.25,4,6,1.46,7393.15,304.18,3,Movies,Education,Spotify,2.53,0.27
30,Male,Canada,Professional,Divorced,7.32,4.36,4.24,3.42,0.91,Facebook,7.13,PC,78.6,10GB,7,Low,2,6.79,2,8,0.83,848.89,128.03,3,News,News,YouTube,2.23,2.68
53,Other,India,Unemployed,Widowed,6.82,9.57,1.68,4.76,0.23,TikTok,10.54,Tablet,82.28,10GB,3,Moderate,7,5.48,8,2,2.48,6493.81,122.23,0,Movies,Entertainment,Netflix,1.18,2.12
18,Other,UK,Professional,Married,6.55,7.29,3.64,3.87,1.97,TikTok,6.25,Smartphone,70.52,Unlimited,6,Moderate,6,4.27,6,6,0.55,9572.21,408.75,1,Series,Networking,Netflix,3.82,2.59
16,Other,Canada,Unemployed,Single,3.66,1.3,2.76,3.48,2.02,Twitter,9.72,Tablet,5.42,50GB,6,Low,4,7.21,3,7,2.43,4499.44,74.86,2,News,Education,Netflix,3.21,0.64
50,Male,Canada,Student,Divorced,4.63,1.96,1.83,3.03,1.6,Facebook,6.08,Tablet,54.97,50GB,7,Low,7,7.39,4,3,1.78,6759.78,274.83,3,Short Videos,News,Amazon Prime,2.91,1.82
38,Female,India,Student,Married,4.53,6.39,0.26,3.73,3.76,Facebook,4.13,Smartphone,22.54,50GB,4,Low,9,6.69,5,7,1.05,9624.08,338.86,1,News,Education,Amazon Prime,1.98,1.81
48,Female,USA,Professional,Married,4.09,2.88,3.56,1.52,0.06,YouTube,3.75,Tablet,95.02,50GB,1,High,6,6.93,2,4,2.57,3741.08,52.03,3,Series,Networking,Netflix,2.63,0.97
35,Other,India,Student,Divorced,5.09,6.08,1.8,6.8,3.02,Instagram,4.23,Smartphone,77.62,Unlimited,8,High,7,4.49,5,4,0.83,4268.55,57.35,3,Series,Entertainment,Spotify,3.14,0.36
25,Male,India,Student,Divorced,5.88,5.5,2.38,5.67,4.52,Facebook,2.53,Tablet,25.45,50GB,2,Low,9,5.04,3,8,1.32,2258.3,219.87,5,Movies,News,Netflix,2.15,1.58
55,Other,Canada,Professional,Married,7.79,3.47,3.58,3.57,2.91,YouTube,3.41,Smartphone,80.66,10GB,1,Low,2,8.38,4,1,1.94,1283.75,391.18,1,Series,News,Spotify,0.73,0.79
54,Other,USA,Student,Divorced,6.66,0.75,2.6,5.13,0.92,Instagram,9.36,Smartphone,82.96,Unlimited,1,Moderate,3,6.58,9,5,1.01,2908.58,38.63,2,Series,Education,Spotify,1.67,2.19
49,Female,Australia,Student,Divorced,0.51,3.52,1.51,3.21,4.65,Facebook,7.37,PC,77.76,Unlimited,7,Moderate,1,6.74,6,3,1.43,9071.37,356.48,5,Short Videos,Networking,YouTube,1.06,2.7
27,Female,USA,Retired,Married,2.68,8.44,3.85,3.54,0.57,Twitter,6.17,Tablet,84.96,10GB,4,Low,7,5.98,1,9,0.3,8382.27,161.95,2,News,News,Spotify,3.07,1.11
43,Male,Germany,Retired,Married,1.85,8.01,4.04,3.95,4.34,YouTube,6.3,Smartphone,67.1,Unlimited,4,Low,7,5.99,3,4,2.13,6665.05,386.14,1,Short Videos,Education,Spotify,3.9,0.41
31,Male,Germany,Unemployed,Married,0.95,2.07,3.43,4.29,1.39,Twitter,9.35,Smartphone,71.1,10GB,9,High,4,8.58,7,4,2.2,9935.77,122.14,3,Short Videos,News,Netflix,1.15,2.23
17,Male,Germany,Student,Married,5.26,9.52,0.78,3.67,4.85,TikTok,5.93,PC,73.18,50GB,2,Low,1,6.35,4,7,0.92,1379.66,436.28,1,Series,Networking,YouTube,0.12,1.89
60,Other,USA,Professional,Widowed,6.07,6.51,3.51,6.72,0.44,YouTube,5.52,Smartphone,34.43,50GB,8,High,5,7.74,8,3,0.9,3582.81,333.87,2,News,Entertainment,Netflix,2.63,2.36
20,Female,Canada,Retired,Single,2.36,9.36,4.25,0.66,0.13,TikTok,5.69,PC,16.89,50GB,9,High,5,5.7,3,6,0.91,9756.41,150.22,1,News,Networking,Netflix,3.19,1.99
62,Other,USA,Retired,Married,0.78,4.99,1.86,5.07,3.79,Facebook,3.07,PC,36.31,Unlimited,5,Moderate,5,8.93,2,6,0.74,9094.62,130.55,2,Movies,Networking,YouTube,2.02,1.84
36,Other,USA,Professional,Married,4.41,8.25,3.54,1.62,1.94,TikTok,10.76,PC,32.49,50GB,7,Low,3,7.28,3,6,1.41,3410.03,296.36,3,Short Videos,Entertainment,Amazon Prime,2.13,1.77
22,Male,Australia,Retired,Divorced,1.75,0.98,0.64,3.28,0.84,YouTube,9.17,Smartphone,34.23,50GB,8,High,6,6.94,3,1,0.7,3130.53,152.75,2,Series,News,Amazon Prime,2.98,0.75
41,Female,India,Retired,Married,7.91,1.17,0.77,6.05,0.41,Instagram,11.1,Smartphone,41.61,10GB,8,Low,2,7.14,8,3,2.66,7433.8,385.7,5,Short Videos,News,Netflix,1.83,0.19
58,Female,Canada,Student,Married,7.1,3.55,4.25,4.47,3.66,Instagram,8.82,PC,71.0,10GB,9,Moderate,4,7.47,8,5,0.11,5116.57,266.28,3,Short Videos,Entertainment,Spotify,3.79,2.12
51,Female,USA,Professional,Married,3.27,4.02,2.56,3.14,1.76,Twitter,8.73,Tablet,20.53,10GB,1,Moderate,9,8.15,6,6,1.07,7343.99,479.05,5,Short Videos,Networking,YouTube,0.55,2.01
54,Female,UK,Student,Married,1.16,3.98,4.02,3.52,4.58,Facebook,9.52,Tablet,77.13,Unlimited,1,High,1,5.35,8,8,1.75,5651.88,310.29,5,News,News,Amazon Prime,2.54,0.32
47,Male,UK,Student,Widowed,0.61,9.55,3.54,3.73,3.17,Facebook,7.54,Smartphone,71.4,50GB,5,High,8,5.95,8,1,2.17,6212.86,450.42,4,Short Videos,Networking,Spotify,0.58,0.67
49,Other,UK,Student,Divorced,3.45,1.09,4.23,6.03,1.57,Instagram,5.02,Tablet,55.36,Unlimited,7,Low,9,6.5,7,3,0.68,9500.91,437.88,0,Series,Entertainment,Netflix,3.91,0.19
57,Male,Australia,Retired,Single,4.09,8.33,2.5,5.19,1.93,Facebook,4.35,PC,25.17,50GB,7,Moderate,9,4.99,9,6,0.02,6038.3,11.16,5,Short Videos,Entertainment,Amazon Prime,1.28,2.06
25,Other,Germany,Student,Widowed,3.78,7.66,2.11,0.67,2.9,TikTok,7.0,PC,24.96,10GB,5,Low,5,6.0,6,8,2.72,8657.73,369.69,1,Short Videos,News,Netflix,1.68,2.02
38,Female,Australia,Professional,Married,3.57,2.37,4.33,2.03,1.19,TikTok,3.82,Smartphone,40.94,Unlimited,9,Moderate,3,4.08,5,4,1.23,2711.92,91.07,1,Short Videos,Education,YouTube,1.41,0.9
24,Female,Germany,Student,Divorced,6.57,3.61,0.27,4.92,3.14,TikTok,10.37,Tablet,35.23,50GB,7,Low,1,8.97,9,8,0.44,2350.0,238.54,2,Short Videos,Education,Spotify,3.08,1.8
64,Female,Australia,Retired,Single,2.79,5.8,2.91,4.5,3.8,Twitter,7.95,Smartphone,38.25,50GB,6,Low,7,4.72,4,3,1.0,9044.95,395.58,1,Series,Education,YouTube,3.2,0.91
62,Other,India,Professional,Single,5.46,4.44,2.14,6.42,4.75,Instagram,3.78,PC,92.0,Unlimited,1,Low,9,5.68,9,7,1.42,8365.74,329.84,3,Series,Entertainment,Netflix,1.54,2.34
15,Female,Australia,Professional,Divorced,4.06,2.45,1.15,2.94,3.3,Instagram,8.47,PC,53.93,Unlimited,7,Moderate,4,4.19,8,3,0.75,1636.01,140.79,0,Short Videos,News,Amazon Prime,0.88,0.43
49,Other,Germany,Student,Married,3.34,2.2,2.14,1.44,0.98,Facebook,3.01,Smartphone,49.95,Unlimited,2,Low,4,8.89,5,5,1.29,6661.08,143.66,0,Series,Entertainment,Amazon Prime,3.37,1.66
61,Female,Germany,Student,Widowed,1.74,2.58,2.14,2.43,4.71,Facebook,3.3,Tablet,18.04,50GB,7,Low,4,8.43,1,3,0.33,1153.82,427.86,3,Short Videos,Entertainment,Netflix,3.69,1.49
22,Other,Canada,Unemployed,Married,4.81,6.24,2.57,3.84,2.22,TikTok,8.98,Smartphone,22.35,10GB,9,Low,6,5.96,7,8,2.81,8430.07,298.82,2,Short Videos,Networking,Spotify,2.47,0.23
42,Male,UK,Professional,Widowed,6.47,4.15,1.28,6.38,0.23,Instagram,3.27,Smartphone,8.62,Unlimited,1,High,9,8.45,7,5,0.58,6357.24,266.25,4,Movies,News,Amazon Prime,0.01,1.14
60,Other,UK,Professional,Divorced,1.55,8.74,4.73,6.54,4.81,TikTok,11.26,Tablet,16.38,Unlimited,5,Low,7,6.96,1,7,2.33,7400.01,304.23,1,News,Networking,Spotify,2.35,0.74
14,Male,Germany,Professional,Divorced,4.26,1.05,2.23,0.52,4.67,YouTube,9.13,Smartphone,61.75,10GB,8,Moderate,5,4.77,7,8,1.91,5955.67,456.91,3,Series,Education,Amazon Prime,1.47,2.3
49,Other,Canada,Unemployed,Married,7.85,2.87,4.92,2.8,2.96,Twitter,11.23,Tablet,23.18,Unlimited,6,Moderate,2,5.82,4,5,1.19,4616.03,19.95,0,Series,Education,Amazon Prime,3.44,0.94
28,Male,Germany,Professional,Divorced,2.77,3.91,1.84,1.6,1.63,Twitter,6.4,Smartphone,72.76,50GB,7,Moderate,3,8.03,9,6,0.94,5570.91,312.38,1,Series,News,YouTube,0.53,0.35
61,Male,UK,Student,Single,7.41,9.63,4.69,6.05,2.66,Instagram,8.05,Smartphone,15.65,50GB,7,High,2,4.74,9,1,1.91,6985.02,127.4,4,Movies,Education,Netflix,2.21,2.12
63,Other,India,Unemployed,Widowed,6.54,3.24,0.51,6.99,3.82,YouTube,11.25,Tablet,11.5,50GB,6,Low,6,6.89,5,6,1.51,4332.12,17.37,4,Movies,Networking,Spotify,0.82,0.74
62,Other,Canada,Unemployed,Widowed,4.55,0.58,2.18,1.69,0.17,YouTube,11.64,PC,13.6,10GB,1,High,2,4.78,8,8,1.65,5494.6,433.93,5,Series,Networking,Netflix,1.29,0.41
37,Female,Australia,Unemployed,Single,5.87,3.4,0.96,2.75,1.67,Facebook,8.21,Tablet,28.29,10GB,3,Moderate,7,5.32,9,4,2.16,3243.59,170.56,3,News,News,Amazon Prime,0.79,1.21
57,Male,USA,Professional,Divorced,2.95,1.24,1.49,1.65,4.85,YouTube,4.75,Tablet,58.53,50GB,3,Moderate,3,7.85,6,6,0.26,6728.48,240.44,3,Movies,Networking,Netflix,3.48,1.18
56,Female,Canada,Retired,Divorced,0.63,8.96,1.9,2.75,3.5,YouTube,2.37,Tablet,26.76,10GB,7,Moderate,3,8.22,8,3,0.51,2114.01,404.16,3,Short Videos,Education,YouTube,2.28,0.2
29,Male,Canada,Student,Divorced,4.53,2.29,0.38,2.69,0.2,YouTube,11.63,Tablet,77.66,50GB,8,High,3,6.39,1,8,1.76,4114.69,125.53,0,Series,Networking,YouTube,3.86,0.88
56,Other,Germany,Retired,Widowed,6.47,5.54,1.83,6.07,0.11,Instagram,7.38,PC,27.24,Unlimited,5,Low,3,7.0,7,2,0.97,4186.92,343.58,0,Short Videos,News,YouTube,2.12,2.46
14,Other,India,Professional,Married,3.88,8.44,1.0,3.26,0.02,Instagram,8.51,Smartphone,19.72,10GB,3,Low,1,4.92,3,3,0.96,6029.62,261.29,2,Short Videos,Networking,Spotify,0.66,2.77
44,Other,UK,Retired,Married,3.21,0.97,1.52,4.12,3.31,TikTok,5.13,PC,14.28,10GB,9,Moderate,1,6.82,5,8,1.17,3666.31,446.51,5,Movies,News,Spotify,1.51,1.05
24,Female,USA,Student,Divorced,4.57,9.87,1.49,6.79,2.19,TikTok,10.2,Smartphone,89.53,50GB,2,Low,6,5.6,2,6,0.77,7094.66,364.03,1,Movies,Entertainment,Netflix,0.24,0.83
19,Male,Germany,Unemployed,Married,4.9,9.7,3.24,5.91,1.41,Twitter,7.99,PC,57.17,Unlimited,1,High,1,5.04,8,2,1.9,4051.35,449.34,5,Short Videos,Education,Netflix,0.15,2.41
17,Female,USA,Professional,Divorced,7.83,6.48,4.19,6.94,0.95,Facebook,4.35,Smartphone,81.41,10GB,7,High,6,6.55,8,3,2.6,6959.46,250.84,2,Short Videos,Networking,Amazon Prime,0.77,2.86
49,Female,Germany,Student,Married,1.26,9.49,2.8,1.89,2.92,Twitter,2.12,Smartphone,11.73,Unlimited,5,Low,8,6.97,1,6,0.35,7404.76,313.64,5,Movies,News,Amazon Prime,0.29,1.82
30,Other,Australia,Professional,Widowed,1.46,9.76,2.05,2.76,0.77,TikTok,8.5,PC,28.5,50GB,8,Low,6,7.38,9,7,1.65,2944.28,186.47,0,Short Videos,News,Spotify,0.22,0.93
50,Female,Canada,Professional,Married,1.83,5.77,2.81,5.24,4.37,TikTok,10.08,Smartphone,31.22,10GB,3,Moderate,2,6.06,2,1,1.56,5606.67,493.65,3,Movies,Education,YouTube,2.08,1.27
16,Male,Germany,Unemployed,Single,4.7,6.57,2.89,0.84,1.99,Twitter,6.03,Smartphone,20.76,50GB,8,High,9,6.34,5,1,1.26,5050.53,99.71,0,News,News,Spotify,1.86,1.65
29,Male,USA,Unemployed,Single,4.74,7.45,1.27,1.9,4.39,Facebook,11.64,PC,37.99,10GB,5,Low,3,9.0,5,7,1.69,4817.26,139.07,5,Short Videos,News,Netflix,2.55,2.25
41,Male,Canada,Retired,Single,7.31,4.43,3.32,3.99,3.36,Twitter,3.11,Smartphone,34.16,50GB,6,Moderate,2,8.96,4,7,0.2,9104.06,344.2,1,Series,Entertainment,YouTube,3.51,0.09
54,Male,USA,Retired,Divorced,6.77,8.85,1.22,0.7,1.07,Twitter,8.51,PC,95.38,10GB,2,High,4,6.22,7,2,2.06,5147.56,33.59,2,Short Videos,News,Spotify,3.16,2.43
29,Other,USA,Retired,Single,7.04,7.25,4.57,5.62,1.21,Instagram,9.34,Smartphone,43.25,50GB,8,Low,7,7.47,8,5,2.03,4435.59,18.53,4,Series,Networking,Amazon Prime,2.47,2.98
45,Female,UK,Unemployed,Widowed,6.3,9.89,0.87,4.3,2.44,Instagram,10.35,PC,60.73,10GB,6,High,2,6.18,9,3,2.86,2300.87,146.03,2,News,Networking,Spotify,3.33,1.53
59,Other,UK,Student,Divorced,1.35,4.89,3.92,3.65,1.76,TikTok,11.56,PC,11.8,10GB,5,Moderate,6,7.27,7,5,2.89,4667.85,93.44,5,Series,Networking,Netflix,0.57,1.63
45,Other,USA,Student,Divorced,6.76,9.55,2.27,1.37,2.62,Facebook,2.35,Smartphone,70.03,10GB,7,High,5,8.47,1,5,2.92,5922.2,406.72,3,Movies,Entertainment,Netflix,1.87,0.72
25,Male,Germany,Unemployed,Single,6.2,2.22,1.09,2.69,0.43,YouTube,4.14,Tablet,10.32,Unlimited,6,Low,7,4.95,7,5,2.15,939.1,420.4,0,Movies,Entertainment,Amazon Prime,2.19,0.55
14,Other,Canada,Retired,Married,7.02,5.12,0.61,2.61,4.7,TikTok,6.09,PC,12.32,50GB,1,High,5,6.98,8,7,0.41,1668.3,353.97,4,Series,Networking,YouTube,3.58,2.91
58,Male,USA,Student,Married,1.95,6.38,4.21,3.94,1.26,YouTube,8.47,PC,46.21,50GB,3,High,5,8.15,3,4,2.41,3477.15,187.12,0,News,Networking,Spotify,2.48,1.84
14,Female,Germany,Professional,Single,4.81,3.05,4.76,0.63,0.56,Instagram,4.4,PC,78.56,Unlimited,5,Moderate,9,6.27,6,9,0.92,2697.61,225.25,4,News,Education,YouTube,0.0,0.38
58,Female,USA,Student,Married,1.57,9.26,4.03,5.82,4.11,Twitter,5.88,Tablet,95.57,Unlimited,7,High,6,7.54,1,2,2.69,6383.89,362.73,2,News,News,YouTube,3.15,2.77
40,Female,India,Student,Widowed,5.58,1.08,2.31,6.9,3.1,TikTok,2.44,Tablet,47.42,50GB,4,Low,7,8.64,2,1,2.7,6048.22,245.72,0,Movies,News,Spotify,2.29,3.0
61,Other,USA,Retired,Widowed,7.65,2.86,4.89,4.09,3.07,TikTok,10.09,PC,57.01,50GB,4,Moderate,1,4.88,2,6,1.4,4952.61,143.41,5,Movies,News,Amazon Prime,0.75,1.7
54,Male,UK,Unemployed,Divorced,6.9,5.65,1.23,1.04,4.37,TikTok,9.84,PC,34.26,50GB,6,High,5,4.83,9,3,2.38,2035.36,200.45,0,News,News,Spotify,1.25,0.84
64,Male,Australia,Student,Divorced,4.45,8.8,1.04,5.28,1.74,Twitter,4.7,Smartphone,32.51,Unlimited,1,Moderate,4,5.03,4,7,1.28,524.78,224.27,3,Short Videos,Education,Netflix,3.13,0.15
31,Other,Canada,Professional,Single,7.81,9.78,0.68,2.15,0.92,YouTube,11.62,Smartphone,89.44,10GB,6,Moderate,2,5.36,1,2,2.21,8746.26,321.44,0,Movies,News,YouTube,2.98,1.03
52,Other,USA,Unemployed,Widowed,7.95,9.54,1.26,0.7,1.7,YouTube,6.71,Smartphone,40.46,10GB,4,Low,9,6.66,9,1,1.12,2050.08,327.93,4,Series,Entertainment,Spotify,3.42,0.35
33,Female,Australia,Professional,Widowed,4.38,1.66,4.82,5.79,5.0,Instagram,7.81,Smartphone,20.6,Unlimited,4,Low,4,7.86,9,4,2.42,4642.75,38.39,1,Movies,Networking,Spotify,3.46,2.74
37,Male,Germany,Student,Single,4.67,6.48,4.57,1.6,4.58,TikTok,3.9,Tablet,29.32,Unlimited,4,Low,5,8.13,4,5,2.08,8560.07,269.53,5,Movies,News,YouTube,0.64,0.16
45,Male,USA,Retired,Widowed,4.42,7.34,4.81,5.95,1.32,YouTube,7.92,PC,52.15,10GB,8,Low,1,7.35,6,1,2.01,4616.93,22.84,1,Short Videos,Entertainment,Spotify,2.88,0.25
58,Male,UK,Retired,Widowed,4.35,3.96,3.61,4.73,3.95,YouTube,4.86,PC,78.91,Unlimited,7,Low,3,7.05,2,5,1.32,4989.5,278.77,0,Short Videos,Education,Spotify,0.7,2.47
64,Male,Germany,Professional,Married,6.04,4.33,2.99,1.09,0.97,YouTube,7.06,PC,51.35,10GB,5,Low,5,6.84,6,1,2.9,4192.41,286.92,0,Series,News,YouTube,1.89,2.42
52,Male,USA,Student,Married,4.32,3.28,0.35,5.18,3.77,TikTok,11.51,Smartphone,55.58,50GB,7,Moderate,4,8.22,4,4,0.49,3687.67,174.58,1,Series,Networking,Netflix,1.79,0.69
34,Female,Canada,Professional,Married,2.77,7.95,3.81,4.53,3.8,Twitter,7.53,Tablet,39.34,10GB,3,High,1,8.73,3,9,1.68,2409.19,7.4,4,Series,Entertainment,Amazon Prime,3.91,1.24
34,Other,Canada,Student,Widowed,1.8,2.69,0.77,1.3,4.35,TikTok,7.13,Tablet,18.76,10GB,8,Moderate,5,8.77,5,5,1.88,7694.39,445.53,2,Short Videos,Entertainment,Amazon Prime,1.76,1.32
51,Female,USA,Retired,Married,6.32,5.25,1.12,6.1,0.54,YouTube,6.24,Smartphone,54.75,50GB,3,High,7,7.42,5,9,2.66,3917.95,80.54,1,Movies,News,YouTube,1.04,2.07
25,Female,Germany,Professional,Divorced,7.66,8.24,1.18,5.05,4.43,TikTok,5.35,Tablet,89.71,10GB,7,Low,3,8.23,1,7,0.31,3051.48,343.08,3,News,Education,Netflix,1.31,2.13
18,Female,Germany,Retired,Single,2.51,9.06,2.83,2.17,3.95,Facebook,11.02,Smartphone,45.66,50GB,8,Moderate,8,5.75,5,2,0.61,3906.7,495.28,1,Movies,Networking,Spotify,2.89,0.57
31,Other,UK,Student,Divorced,4.26,6.88,2.97,1.11,4.1,Twitter,8.43,Smartphone,16.93,Unlimited,7,Low,5,7.67,6,7,0.59,3760.84,211.15,1,Series,Networking,Amazon Prime,2.48,0.77
27,Male,Germany,Student,Single,2.78,7.47,4.49,3.78,2.8,YouTube,11.41,Smartphone,5.83,Unlimited,3,Low,4,4.38,1,4,0.15,8262.67,488.44,4,Series,Education,Netflix,1.08,0.68
28,Male,Australia,Retired,Widowed,6.63,3.61,4.83,5.31,0.14,Facebook,5.47,Smartphone,11.72,50GB,2,Moderate,3,6.86,9,9,0.34,1025.14,65.27,0,News,Education,YouTube,2.68,0.96
25,Female,India,Professional,Divorced,6.59,1.18,4.27,1.6,2.49,Twitter,2.9,Tablet,55.34,50GB,8,Low,6,5.21,3,7,0.53,5026.65,50.44,3,Short Videos,Networking,Netflix,1.64,2.67
15,Female,Germany,Professional,Married,4.28,8.35,2.14,3.0,3.28,YouTube,8.23,Tablet,77.88,10GB,5,Low,2,5.01,3,8,2.26,1621.78,439.92,3,News,Networking,YouTube,2.88,1.15
13,Female,USA,Student,Divorced,3.18,7.53,0.99,5.01,4.89,TikTok,7.82,PC,20.18,Unlimited,7,Moderate,7,5.48,9,9,2.52,6034.35,11.47,5,News,Education,YouTube,0.74,1.77
64,Female,Germany,Student,Single,4.75,1.4,1.1,4.37,3.72,TikTok,6.32,Tablet,88.89,10GB,2,High,4,6.54,4,7,0.96,6604.92,376.57,4,Series,Entertainment,Amazon Prime,1.14,2.07
35,Other,Germany,Retired,Divorced,5.03,3.12,1.6,1.89,2.45,YouTube,10.92,Smartphone,26.26,Unlimited,6,High,1,6.23,8,8,1.83,4397.48,294.25,1,Short Videos,Entertainment,Spotify,2.37,1.66
32,Other,UK,Student,Widowed,4.0,9.67,3.43,6.89,1.23,TikTok,4.03,PC,5.88,50GB,3,High,3,6.76,4,7,2.18,5166.89,107.17,3,Movies,Networking,Spotify,0.27,0.94
48,Other,UK,Retired,Single,3.14,1.12,4.62,4.57,2.29,Instagram,5.53,Smartphone,40.94,Unlimited,2,Low,9,5.84,4,7,0.61,2800.4,60.16,2,Movies,Entertainment,Netflix,0.68,0.18
24,Male,India,Professional,Divorced,4.3,9.99,3.73,6.37,1.87,TikTok,9.28,Smartphone,55.52,50GB,4,Low,2,8.68,9,8,2.29,9264.92,304.54,5,Short Videos,News,YouTube,1.95,0.21
62,Female,Australia,Retired,Widowed,4.57,0.8,2.02,3.39,2.59,YouTube,6.9,Tablet,93.29,50GB,2,Low,8,8.49,7,3,1.78,6300.7,51.82,3,Series,News,Spotify,0.74,0.99
53,Other,USA,Student,Widowed,7.34,3.99,2.26,1.09,2.82,Facebook,11.73,Tablet,48.64,10GB,3,High,3,8.12,6,9,2.98,4205.04,175.49,0,News,News,Amazon Prime,3.4,2.97
17,Female,USA,Unemployed,Divorced,3.08,2.93,4.19,5.86,2.63,Facebook,11.27,Smartphone,36.13,10GB,5,Moderate,4,8.98,5,7,1.9,2893.94,235.2,1,News,Networking,Spotify,2.37,0.18
34,Male,Australia,Unemployed,Married,4.81,6.49,0.66,1.75,3.41,TikTok,10.68,Tablet,87.35,50GB,4,High,3,6.72,8,8,1.55,7974.32,180.15,3,Series,Networking,Amazon Prime,1.12,0.05
58,Female,Canada,Professional,Divorced,2.2,5.71,3.87,1.56,4.69,YouTube,10.57,PC,95.66,Unlimited,1,High,1,4.3,8,1,1.74,4496.7,251.72,2,Movies,Networking,Amazon Prime,0.07,2.59
62,Female,UK,Professional,Married,3.32,8.97,4.55,5.32,2.13,YouTube,11.57,PC,53.49,50GB,9,Moderate,4,4.02,9,7,2.76,9339.22,301.38,0,News,Networking,Spotify,3.72,1.89
37,Female,Australia,Professional,Divorced,2.9,3.25,3.22,4.37,4.28,Facebook,8.74,PC,85.83,50GB,9,High,5,5.72,6,3,1.12,8078.05,203.15,1,Series,Entertainment,Netflix,0.19,2.79
44,Female,Germany,Unemployed,Divorced,5.75,4.1,3.03,4.65,4.35,Instagram,8.58,PC,52.5,10GB,7,Low,1,6.11,1,3,0.32,1550.42,88.54,3,Short Videos,Education,Spotify,1.96,2.73
21,Male,Canada,Unemployed,Single,4.35,3.94,4.59,2.4,1.19,Instagram,3.98,Tablet,80.05,Unlimited,8,Moderate,5,5.6,3,3,1.45,4773.05,349.33,1,Short Videos,News,Spotify,2.99,1.61
64,Other,India,Professional,Single,5.45,6.8,4.64,4.98,4.3,YouTube,5.38,Smartphone,63.87,50GB,4,Low,6,4.65,5,1,1.4,9673.27,468.17,1,Movies,Entertainment,Netflix,3.36,1.04
25,Female,UK,Student,Married,5.29,4.5,4.59,4.32,4.68,TikTok,11.52,Smartphone,26.58,10GB,4,Moderate,3,6.84,9,7,2.89,8880.53,62.62,1,News,Education,Spotify,1.06,0.98
62,Female,Canada,Unemployed,Divorced,7.46,8.95,4.25,1.73,2.94,Instagram,2.49,Smartphone,25.93,50GB,1,High,1,7.37,7,3,0.41,6448.26,390.57,3,Series,Education,YouTube,0.36,0.22
46,Male,Canada,Unemployed,Married,2.03,3.72,4.13,4.8,2.01,YouTube,4.45,Smartphone,42.81,50GB,6,High,9,6.69,4,1,0.65,4890.16,379.65,5,News,Education,Spotify,2.66,0.53
44,Male,Germany,Professional,Divorced,2.4,1.07,4.12,0.63,4.53,YouTube,7.11,Smartphone,70.74,Unlimited,4,Moderate,6,5.96,4,4,1.24,7228.06,271.41,3,Movies,Entertainment,Spotify,0.93,0.4
39,Male,Canada,Student,Divorced,3.26,2.46,4.42,2.75,1.19,TikTok,5.45,PC,33.64,10GB,8,High,3,5.89,9,2,2.94,1167.49,387.46,5,Movies,Education,Netflix,0.06,1.69
24,Female,India,Professional,Single,4.56,3.93,1.46,1.38,4.2,YouTube,8.89,PC,88.65,50GB,7,Low,7,7.76,4,7,2.49,2204.82,388.32,2,Series,Entertainment,Spotify,1.4,2.34
22,Other,Australia,Unemployed,Widowed,2.15,1.98,0.59,4.57,3.49,Facebook,11.82,Tablet,28.5,50GB,3,High,7,4.92,2,9,2.89,1782.47,412.21,1,Series,Education,Netflix,3.96,1.75
24,Female,Germany,Student,Married,4.94,9.67,3.61,4.27,0.15,Twitter,11.06,Smartphone,13.98,Unlimited,9,Moderate,9,6.18,5,1,0.29,5589.44,283.1,3,Series,Education,Spotify,0.07,0.83
22,Other,UK,Retired,Widowed,4.81,3.41,0.38,2.9,3.97,TikTok,7.08,Tablet,19.51,Unlimited,5,Moderate,6,8.01,4,1,1.96,2195.48,336.39,3,Movies,Education,Amazon Prime,2.09,1.13
53,Male,India,Professional,Widowed,2.08,4.6,2.23,3.75,3.96,Twitter,2.17,Smartphone,63.78,Unlimited,1,Moderate,8,4.98,9,7,1.37,8451.3,427.39,0,News,News,Netflix,2.57,2.51
31,Other,UK,Professional,Single,7.36,5.35,1.81,5.78,4.24,TikTok,10.88,Smartphone,68.95,10GB,3,Low,9,4.19,7,9,2.19,3747.57,165.21,5,Series,News,Amazon Prime,1.03,1.68
16,Other,Canada,Professional,Single,0.57,9.25,2.71,3.2,0.44,YouTube,2.19,Tablet,84.29,50GB,8,Low,7,4.24,7,2,0.01,6344.12,264.12,5,Series,Networking,Netflix,2.32,2.68
63,Male,USA,Professional,Divorced,4.81,3.5,4.32,2.46,2.84,Facebook,8.72,Tablet,41.46,50GB,8,High,4,4.48,7,1,2.59,585.98,469.65,4,Series,Networking,Netflix,2.18,0.96
58,Other,UK,Retired,Married,7.28,9.63,3.88,1.15,2.49,YouTube,11.87,Tablet,30.69,10GB,4,Moderate,7,7.8,4,4,0.38,4589.14,356.43,2,Movies,Networking,Amazon Prime,2.09,1.15
61,Female,Germany,Unemployed,Single,6.51,3.02,3.87,3.82,1.33,TikTok,5.29,Smartphone,71.1,10GB,2,Moderate,2,5.54,5,8,2.69,2601.13,121.37,4,Short Videos,Networking,Spotify,0.06,1.22
64,Other,USA,Retired,Married,0.9,2.78,3.33,5.9,0.37,YouTube,11.21,PC,77.38,10GB,5,Moderate,5,5.29,5,8,2.78,7452.41,414.88,1,Movies,News,YouTube,3.88,0.14
22,Male,Australia,Professional,Single,3.38,5.69,1.03,6.71,2.87,Facebook,9.14,PC,71.75,50GB,3,Low,7,6.07,9,5,2.53,1193.16,192.72,2,News,Education,Spotify,2.39,1.49
33,Male,India,Student,Widowed,1.44,7.94,2.11,2.33,4.04,TikTok,6.16,Tablet,19.36,10GB,6,Moderate,1,8.98,7,6,0.88,8297.55,370.74,1,News,Entertainment,YouTube,1.77,2.61
52,Female,UK,Unemployed,Married,3.45,7.86,0.23,6.69,1.04,Facebook,2.79,Smartphone,53.8,50GB,7,Low,5,6.15,2,4,2.08,4369.88,117.59,0,Movies,Networking,Spotify,0.2,2.73
49,Male,UK,Professional,Divorced,0.55,8.44,4.1,0.89,1.76,YouTube,7.42,PC,34.93,10GB,9,Moderate,8,6.11,7,9,1.17,9167.75,469.3,4,Movies,Education,Amazon Prime,2.89,1.83
21,Male,India,Student,Married,5.0,8.72,1.85,5.46,1.58,Facebook,8.61,Smartphone,64.84,10GB,3,Low,7,4.38,6,3,2.43,5790.4,168.32,4,Series,Networking,YouTube,1.9,2.95
55,Female,India,Unemployed,Widowed,7.25,4.36,1.61,2.36,2.54,Instagram,5.1,Tablet,23.04,50GB,2,Moderate,2,7.43,9,8,1.87,2217.11,280.27,0,Short Videos,Entertainment,YouTube,0.75,0.27
24,Male,Germany,Retired,Widowed,4.57,9.19,3.71,1.42,1.37,TikTok,4.54,Tablet,36.44,50GB,9,Moderate,4,7.82,4,4,1.52,3678.67,420.82,1,Series,Education,Spotify,2.26,2.05
24,Male,Canada,Student,Single,7.71,8.06,0.69,6.28,2.07,TikTok,3.3,Tablet,99.42,50GB,2,High,4,4.23,5,8,0.93,6512.9,40.73,4,Short Videos,News,Spotify,1.08,0.48
40,Male,USA,Unemployed,Single,4.89,6.53,3.16,4.51,0.15,YouTube,7.69,Tablet,57.8,10GB,5,Low,5,7.88,6,6,2.72,6559.73,471.76,2,Series,Entertainment,Spotify,2.7,2.81
43,Female,UK,Student,Widowed,6.87,4.86,3.12,6.79,3.54,Instagram,7.18,Tablet,57.77,Unlimited,3,Moderate,2,4.33,4,9,1.2,6446.84,5.77,5,Short Videos,Networking,Spotify,3.76,1.97
43,Male,Germany,Student,Divorced,5.43,3.63,0.57,5.92,2.27,Instagram,4.2,PC,80.03,Unlimited,4,Low,4,7.82,1,9,2.05,9058.95,254.38,3,Movies,Networking,Netflix,3.75,1.42
17,Other,UK,Professional,Married,2.61,4.65,0.31,6.56,2.11,Facebook,3.34,Tablet,87.39,10GB,8,High,8,7.09,6,7,0.16,5620.75,149.02,1,News,Networking,Spotify,2.23,1.57
58,Male,UK,Unemployed,Divorced,4.29,1.94,4.03,0.83,0.71,TikTok,7.14,PC,11.5,10GB,8,Low,8,7.91,6,6,2.66,4930.81,206.84,2,Movies,Networking,Netflix,0.77,1.22
26,Male,USA,Retired,Single,3.42,5.99,1.83,2.72,2.05,Facebook,9.64,Smartphone,35.33,Unlimited,7,Moderate,7,6.29,9,2,0.79,2700.16,452.97,2,News,Education,YouTube,3.82,0.23
19,Other,Australia,Student,Widowed,6.41,7.39,0.88,3.82,0.3,YouTube,9.86,Tablet,70.69,Unlimited,6,Low,2,7.5,9,6,1.65,3067.1,448.04,2,Series,Education,Netflix,3.02,2.43
59,Female,Australia,Student,Widowed,5.97,1.79,2.76,1.53,1.05,Facebook,9.44,PC,92.54,50GB,3,Moderate,6,7.85,1,8,0.49,2158.47,220.93,1,Short Videos,News,Spotify,1.82,1.55
62,Female,USA,Student,Single,6.3,8.86,0.35,2.81,4.89,Facebook,10.77,Smartphone,77.26,10GB,4,Moderate,2,6.96,1,4,0.27,3952.05,236.27,3,Series,Networking,Amazon Prime,3.67,1.29
57,Other,India,Student,Divorced,3.26,2.21,3.31,6.66,3.39,TikTok,4.48,Smartphone,84.33,10GB,2,Moderate,1,5.38,4,5,2.93,4427.41,453.5,1,Series,News,Spotify,0.2,2.65
55,Male,Germany,Professional,Married,6.44,4.13,3.98,4.64,3.83,Twitter,5.47,PC,72.3,50GB,7,Moderate,6,4.75,5,5,2.3,3227.35,94.09,5,Short Videos,Entertainment,Netflix,1.01,2.85
47,Female,India,Retired,Widowed,7.68,7.26,3.97,5.47,3.08,YouTube,7.27,Smartphone,99.15,50GB,4,High,2,6.56,7,5,0.61,746.49,364.75,3,Series,Education,YouTube,1.6,1.28
41,Other,UK,Professional,Divorced,6.55,1.89,3.0,4.41,1.97,Twitter,3.83,PC,98.19,10GB,7,Low,2,4.33,1,7,0.02,9098.97,86.05,0,News,News,Spotify,0.13,2.8
17,Other,India,Retired,Single,1.73,0.97,4.36,6.82,2.08,TikTok,8.54,Tablet,42.85,50GB,2,Low,1,5.41,5,3,1.15,5236.57,393.58,0,Short Videos,Networking,YouTube,0.24,0.54
34,Other,India,Retired,Single,1.37,6.88,0.45,3.79,2.83,Instagram,9.96,PC,85.13,10GB,9,Moderate,3,4.65,1,1,0.99,4240.97,259.1,1,Short Videos,Entertainment,YouTube,3.21,0.28
32,Male,Australia,Retired,Divorced,4.45,6.21,2.77,5.52,2.53,Twitter,6.37,Tablet,29.79,10GB,7,Moderate,6,7.45,3,2,2.75,7794.57,474.14,0,Series,News,Netflix,2.14,0.68
26,Other,UK,Professional,Widowed,1.59,8.66,0.83,3.33,0.86,Instagram,6.12,Tablet,37.78,50GB,7,High,5,5.83,6,3,1.98,5608.33,252.92,0,Short Videos,News,Netflix,3.2,2.57
50,Other,Australia,Professional,Single,6.08,4.84,4.29,2.75,0.86,YouTube,5.28,PC,59.99,10GB,3,Moderate,9,4.31,6,5,0.57,5653.36,194.04,5,News,Education,Netflix,2.04,0.44
38,Female,Germany,Student,Widowed,1.6,4.61,2.69,3.54,4.68,YouTube,7.77,PC,91.03,Unlimited,2,Low,1,4.83,3,5,1.32,842.26,470.27,1,Short Videos,Education,YouTube,0.03,0.38
17,Female,USA,Student,Married,2.29,4.5,1.28,5.77,1.0,TikTok,3.9,Smartphone,8.14,Unlimited,6,Low,8,7.52,6,8,1.55,4775.41,323.28,5,Short Videos,Entertainment,Netflix,3.08,2.96
24,Other,India,Unemployed,Widowed,3.23,8.89,1.33,5.7,2.93,YouTube,9.32,PC,61.18,50GB,6,Moderate,6,6.43,1,8,2.43,9395.24,201.79,3,Series,Networking,YouTube,3.61,2.47
48,Male,Germany,Student,Single,1.12,2.65,0.23,5.76,1.62,Facebook,7.96,PC,21.91,10GB,3,Moderate,9,5.93,3,4,2.02,3433.4,432.69,3,News,Entertainment,Spotify,0.16,1.43
16,Other,India,Student,Single,0.56,5.98,2.35,2.9,3.31,Twitter,2.17,PC,32.65,10GB,1,High,4,6.38,3,4,0.73,4347.46,365.34,2,Short Videos,News,Amazon Prime,3.83,1.97
57,Other,Canada,Student,Divorced,2.53,2.38,0.32,2.7,3.89,Facebook,4.6,Tablet,44.97,Unlimited,9,High,9,8.73,9,8,0.07,9308.65,399.5,1,Series,Entertainment,Spotify,2.53,2.38
38,Female,UK,Student,Married,0.54,1.42,4.02,3.96,1.18,Facebook,7.43,Smartphone,51.74,10GB,6,Low,1,5.15,7,6,1.76,1464.03,92.73,3,Short Videos,News,Spotify,2.34,2.21
37,Other,Canada,Retired,Married,1.11,4.89,3.33,5.26,2.4,Instagram,10.72,Tablet,80.03,50GB,9,High,1,7.58,6,1,2.63,5511.72,406.29,3,Series,Networking,YouTube,0.71,2.23
43,Male,Germany,Student,Single,1.2,9.21,1.02,2.09,2.59,Facebook,4.78,PC,60.95,50GB,5,Low,2,6.6,8,4,2.01,3850.3,463.98,3,News,Education,Netflix,3.72,1.98
55,Other,Germany,Professional,Divorced,5.27,4.12,2.81,0.71,3.5,Instagram,4.9,PC,68.78,10GB,5,High,2,4.46,1,9,2.44,6845.01,147.17,0,Movies,Entertainment,Netflix,0.4,1.38
31,Other,India,Student,Divorced,4.2,9.9,0.71,6.37,1.01,YouTube,4.79,Tablet,92.84,10GB,3,Low,5,6.95,8,1,1.14,7931.94,217.63,1,Movies,Education,YouTube,3.71,1.9
48,Female,India,Retired,Married,7.93,1.08,3.35,6.45,1.85,Instagram,10.84,Smartphone,71.04,50GB,1,High,3,8.06,9,7,0.79,8746.11,294.84,5,News,Networking,Spotify,0.24,0.5
42,Male,Australia,Retired,Married,1.48,5.4,4.32,3.2,2.86,Instagram,6.75,Smartphone,86.18,Unlimited,8,Moderate,3,4.81,6,9,2.82,7333.07,447.76,2,Short Videos,Education,YouTube,0.3,1.4
26,Other,Australia,Unemployed,Widowed,1.39,4.56,2.32,5.14,0.61,Facebook,3.3,PC,14.31,Unlimited,4,High,2,8.72,1,9,0.17,7941.18,79.9,5,Short Videos,Education,Amazon Prime,2.59,1.26
58,Female,UK,Unemployed,Divorced,2.33,9.55,0.26,5.35,1.84,Instagram,5.94,PC,45.8,50GB,4,Moderate,4,4.16,7,3,2.76,2824.16,441.3,2,Movies,Entertainment,Spotify,1.71,1.58
54,Female,Germany,Retired,Single,7.84,9.91,3.86,6.99,2.65,Facebook,7.58,PC,28.39,10GB,1,Moderate,1,5.73,8,2,2.58,6225.12,197.96,1,News,Education,Netflix,2.01,0.51
47,Other,India,Student,Single,0.8,4.06,4.07,3.9,3.47,Twitter,11.56,Smartphone,86.91,50GB,3,Moderate,7,8.14,9,9,0.97,8255.81,156.91,5,News,Education,Spotify,0.91,0.52
57,Female,Germany,Retired,Single,7.87,6.27,4.5,5.45,3.08,Facebook,5.63,PC,43.36,10GB,8,High,6,5.43,9,8,2.54,8548.89,412.73,2,Series,Entertainment,Netflix,3.05,0.05
58,Other,Canada,Unemployed,Widowed,4.71,8.74,1.89,6.89,0.7,Instagram,7.99,Tablet,15.49,Unlimited,3,Low,3,5.17,9,1,2.23,7122.66,422.73,0,News,Networking,YouTube,0.93,2.42
49,Other,India,Professional,Divorced,2.2,1.65,2.44,5.05,1.67,Facebook,8.51,PC,27.62,10GB,4,Moderate,6,6.05,6,7,1.95,977.93,247.85,1,Series,News,Amazon Prime,3.68,1.97
56,Male,UK,Student,Divorced,6.9,8.55,2.25,2.65,3.57,YouTube,10.55,Smartphone,46.86,50GB,9,Low,3,8.44,2,9,2.48,1667.7,292.87,1,Short Videos,News,YouTube,1.31,1.83
49,Female,UK,Unemployed,Widowed,1.9,3.56,0.7,6.42,4.22,TikTok,5.58,Tablet,44.62,50GB,5,Moderate,8,5.98,7,1,1.57,9268.84,18.39,3,News,News,YouTube,3.51,1.16
48,Female,Canada,Retired,Married,5.88,3.69,0.54,6.11,1.37,YouTube,7.68,Tablet,52.79,50GB,1,Moderate,3,6.82,3,8,1.44,9814.79,291.63,5,Series,Education,Spotify,3.13,2.51
45,Female,Canada,Student,Single,3.46,1.66,3.1,4.38,3.69,Facebook,2.08,PC,29.44,50GB,1,Moderate,3,8.94,8,4,2.39,7354.72,202.82,2,Series,Networking,Netflix,0.57,2.05
52,Other,UK,Professional,Single,3.15,1.58,1.41,0.73,3.12,Twitter,9.83,Tablet,60.32,50GB,8,High,9,4.24,2,5,1.03,542.78,396.75,2,Movies,Education,Netflix,2.56,2.86
21,Other,USA,Unemployed,Single,7.15,9.31,0.28,6.12,0.95,YouTube,11.15,PC,22.16,10GB,4,Low,2,7.61,1,8,0.76,7318.65,369.05,1,Series,Networking,Spotify,0.21,0.72
58,Other,USA,Unemployed,Single,4.64,2.4,2.92,1.47,0.18,Twitter,6.32,Tablet,90.06,10GB,8,Moderate,8,4.12,8,5,1.2,3509.6,422.59,2,Short Videos,Education,YouTube,2.73,2.39
58,Male,UK,Professional,Divorced,1.17,0.82,0.74,4.01,1.16,Twitter,5.74,Tablet,99.63,50GB,1,Low,5,6.94,9,6,1.14,9842.22,414.17,5,Short Videos,Education,Amazon Prime,1.48,1.98
14,Female,USA,Professional,Widowed,4.66,4.67,2.94,3.18,0.91,Twitter,11.16,Tablet,72.33,50GB,3,Low,8,4.83,4,8,2.19,2923.37,153.15,1,Series,Entertainment,YouTube,3.66,0.7
55,Male,USA,Unemployed,Divorced,1.75,2.73,0.58,2.45,2.1,Instagram,5.91,Tablet,43.94,10GB,2,Low,7,6.17,5,3,0.23,6557.72,81.49,4,Movies,Entertainment,Spotify,0.9,0.38
19,Male,Australia,Unemployed,Married,6.22,3.01,2.2,6.02,2.82,Instagram,4.54,Tablet,48.34,10GB,2,Low,6,8.75,3,6,2.18,4213.43,152.48,1,Movies,Networking,YouTube,0.11,0.47
30,Other,Australia,Retired,Divorced,2.75,1.82,1.0,5.9,3.02,TikTok,9.4,Smartphone,84.63,10GB,3,Moderate,7,6.01,1,2,1.6,4779.29,68.95,4,Movies,Entertainment,Amazon Prime,2.13,1.5
51,Other,USA,Professional,Single,1.25,4.36,2.13,0.62,3.57,Twitter,2.59,PC,85.23,50GB,8,Moderate,8,5.76,8,8,2.69,6665.65,69.89,4,Movies,News,YouTube,0.75,1.76
21,Male,UK,Student,Married,6.84,6.07,2.06,6.19,3.8,Instagram,11.57,PC,11.5,10GB,2,Low,9,6.36,4,4,0.52,7353.73,302.44,0,Short Videos,Entertainment,Netflix,1.52,1.71
55,Other,Canada,Student,Widowed,5.4,0.9,3.92,5.81,2.54,YouTube,10.22,Smartphone,79.17,Unlimited,2,Moderate,9,7.05,6,7,1.34,2334.8,453.72,0,Series,Networking,Netflix,3.55,0.11
56,Female,UK,Unemployed,Single,1.39,2.95,4.07,1.54,3.52,TikTok,4.83,Smartphone,48.17,50GB,8,High,8,8.32,6,7,2.88,3748.43,156.8,5,Short Videos,Entertainment,Amazon Prime,2.36,2.4
39,Female,UK,Student,Married,3.48,8.7,1.37,2.33,2.17,Facebook,5.91,Smartphone,29.54,Unlimited,4,Moderate,9,4.23,9,3,2.76,6275.65,239.67,5,Short Videos,Education,YouTube,2.34,0.16
13,Male,Germany,Student,Widowed,5.21,1.62,2.58,1.11,1.78,Instagram,5.44,PC,11.4,10GB,1,High,6,4.36,1,8,2.38,6756.03,303.93,3,Series,Education,YouTube,1.14,0.01
27,Other,Canada,Professional,Single,5.08,6.62,4.94,4.54,2.32,Instagram,5.0,Tablet,35.11,Unlimited,4,Moderate,9,5.15,1,6,2.15,7447.78,187.92,4,Short Videos,Entertainment,Amazon Prime,2.18,0.48
45,Female,India,Unemployed,Widowed,3.68,2.11,0.64,0.76,0.05,Instagram,4.36,PC,98.85,Unlimited,3,High,1,6.31,1,8,1.89,3387.9,71.45,2,Movies,Entertainment,Spotify,3.75,0.43
64,Female,Canada,Student,Married,6.46,7.56,1.03,6.78,4.61,Twitter,6.98,Smartphone,30.11,50GB,4,Moderate,5,6.58,1,9,1.55,7143.25,430.9,0,Movies,News,Spotify,2.89,0.56
45,Female,UK,Professional,Widowed,6.17,4.96,1.73,3.33,1.75,Instagram,3.0,Tablet,75.41,Unlimited,8,High,3,6.18,9,7,1.51,7061.13,85.79,4,News,Education,Netflix,3.58,0.53
26,Male,India,Student,Widowed,5.51,3.14,1.3,5.04,1.73,Facebook,3.98,PC,29.04,10GB,4,Low,3,7.69,3,3,1.72,1083.12,203.89,4,Series,Networking,Netflix,1.34,0.94
45,Other,Germany,Unemployed,Divorced,6.43,3.09,2.98,3.46,4.83,TikTok,7.54,PC,19.92,Unlimited,6,High,6,5.17,7,5,0.65,9182.08,274.39,0,Short Videos,Entertainment,YouTube,1.23,0.5
41,Male,India,Professional,Divorced,3.62,5.29,3.38,1.32,4.9,TikTok,8.27,Smartphone,79.86,Unlimited,6,Moderate,6,4.97,6,5,1.23,8897.75,363.41,0,Short Videos,Networking,Netflix,0.91,0.03
53,Male,UK,Unemployed,Widowed,4.17,4.92,1.51,6.34,2.14,Facebook,10.77,PC,47.52,50GB,2,Moderate,1,8.58,5,4,1.15,6628.66,234.63,1,Movies,Networking,YouTube,0.92,1.47
18,Other,India,Student,Widowed,4.82,8.87,1.61,4.67,2.99,Instagram,8.78,PC,86.45,50GB,5,High,7,4.74,6,8,1.28,6884.94,192.33,4,News,Networking,Spotify,1.46,1.48
52,Other,UK,Retired,Single,6.97,4.72,2.12,5.22,2.33,YouTube,7.92,Smartphone,74.31,50GB,2,High,3,6.38,6,4,0.72,7717.53,244.5,4,Movies,Education,Spotify,2.74,0.89
41,Female,Australia,Retired,Widowed,3.14,5.27,2.12,1.43,0.64,TikTok,3.75,Tablet,47.51,50GB,7,Moderate,9,6.31,9,7,1.64,9352.8,98.55,1,Movies,Entertainment,Amazon Prime,0.21,0.76
63,Other,USA,Professional,Married,3.94,6.1,3.31,4.76,1.64,Twitter,2.02,Smartphone,73.66,50GB,6,High,8,7.29,4,1,0.64,2684.18,155.16,1,Short Videos,Networking,YouTube,1.14,0.62
30,Male,USA,Unemployed,Single,5.53,4.36,3.08,1.47,0.8,Instagram,11.25,PC,86.09,50GB,3,Moderate,2,6.69,9,2,0.25,913.87,107.59,1,Movies,Entertainment,Netflix,3.16,2.24
45,Other,India,Student,Widowed,7.68,5.22,4.69,4.8,4.21,Instagram,11.25,Tablet,43.56,50GB,4,Low,4,7.4,7,3,1.4,588.87,428.71,2,News,Networking,Spotify,2.48,0.43
61,Female,Canada,Retired,Widowed,2.8,2.94,2.77,6.34,1.5,TikTok,4.98,Smartphone,52.33,50GB,1,High,3,6.67,9,9,2.61,1786.4,414.54,0,News,News,YouTube,0.58,1.35
18,Male,UK,Retired,Divorced,7.21,9.12,4.19,5.86,0.12,Facebook,8.02,Smartphone,6.52,Unlimited,8,High,2,8.5,4,4,2.3,5733.59,49.23,4,Short Videos,News,YouTube,1.2,2.21
61,Female,India,Retired,Divorced,3.27,6.05,1.14,4.87,2.12,TikTok,10.87,Tablet,64.47,Unlimited,7,High,4,6.62,4,1,1.4,8869.9,423.96,1,Short Videos,Networking,Spotify,2.09,2.44
48,Other,UK,Student,Single,1.83,3.49,3.87,1.99,1.16,Twitter,9.63,PC,54.92,50GB,8,Moderate,5,8.76,9,5,1.4,2776.11,442.79,1,Short Videos,Networking,Spotify,0.43,1.68
16,Female,Canada,Student,Widowed,3.83,1.77,2.24,3.71,2.76,YouTube,11.3,PC,46.02,10GB,5,Low,5,4.98,7,9,0.23,9264.24,135.34,1,Short Videos,News,Netflix,1.88,1.24
28,Other,UK,Student,Widowed,5.36,2.45,3.55,3.78,3.01,TikTok,8.18,Smartphone,53.88,10GB,8,High,3,4.12,4,8,2.51,7789.89,296.89,3,Movies,Entertainment,Spotify,0.61,2.77
49,Female,Australia,Professional,Married,3.62,0.8,4.59,1.95,1.78,Facebook,3.73,Tablet,12.3,Unlimited,3,Moderate,7,7.83,1,6,1.85,2909.06,5.91,4,Short Videos,Education,Spotify,3.79,2.47
16,Male,UK,Student,Married,1.66,1.17,1.82,3.81,4.61,Twitter,6.2,Tablet,44.51,10GB,4,Low,8,6.71,5,6,1.33,8113.81,53.89,1,Movies,News,Spotify,2.52,2.25
43,Other,USA,Professional,Single,4.34,2.9,0.81,5.87,3.67,Instagram,4.11,Tablet,66.54,50GB,1,Low,9,8.32,3,5,1.72,3395.22,37.18,5,Short Videos,Networking,Amazon Prime,0.75,2.61
30,Male,India,Retired,Divorced,1.62,3.85,2.71,1.83,3.74,Twitter,6.61,Tablet,87.08,Unlimited,2,Moderate,8,7.89,9,4,2.54,1137.68,243.48,0,Movies,Entertainment,YouTube,1.07,1.72
45,Male,USA,Professional,Married,5.8,3.47,1.7,6.25,4.87,Twitter,4.9,Smartphone,22.87,Unlimited,9,Low,7,8.18,3,1,0.51,5182.4,233.25,1,Movies,Education,Amazon Prime,1.17,0.94
15,Other,Australia,Unemployed,Married,5.63,4.03,2.23,4.11,1.51,TikTok,9.0,PC,28.09,50GB,4,Low,2,4.5,3,2,0.06,4156.65,340.05,2,Short Videos,Education,Spotify,0.79,0.77
58,Other,Canada,Student,Widowed,6.25,8.7,2.05,2.58,3.84,Facebook,9.42,PC,90.1,10GB,3,Moderate,3,4.83,6,5,2.35,3335.99,349.38,1,Movies,Education,Spotify,1.74,2.05
63,Male,UK,Unemployed,Widowed,2.89,0.73,3.4,2.17,1.3,Instagram,5.55,PC,9.4,10GB,2,High,2,7.8,8,9,1.77,5263.5,165.55,3,News,News,Spotify,3.34,2.31
63,Other,India,Unemployed,Married,6.73,3.39,1.24,1.89,4.18,TikTok,3.39,Tablet,69.46,10GB,2,High,7,8.04,3,6,2.02,7724.28,188.59,3,News,News,Amazon Prime,3.23,2.93
51,Other,Canada,Unemployed,Divorced,6.85,7.95,4.51,4.21,0.82,YouTube,9.72,Smartphone,51.01,10GB,9,High,5,4.41,5,2,2.5,8497.45,10.52,1,Series,Education,Amazon Prime,0.87,1.09
19,Male,India,Student,Widowed,1.67,6.71,2.69,0.9,4.38,Instagram,3.65,Tablet,92.27,50GB,9,Low,2,8.11,8,7,2.99,5861.95,440.78,0,Short Videos,Education,Amazon Prime,3.83,0.69
52,Male,India,Retired,Divorced,7.51,9.55,0.94,3.44,0.05,TikTok,7.66,PC,93.08,Unlimited,4,High,4,7.28,1,3,0.11,7630.77,341.06,2,Short Videos,News,Netflix,1.26,1.35
14,Female,India,Unemployed,Married,3.83,0.51,4.02,1.75,3.8,Twitter,7.75,Smartphone,10.04,Unlimited,3,High,4,6.06,7,3,0.11,7233.76,86.51,0,Short Videos,Education,Spotify,3.34,0.76
14,Other,India,Student,Divorced,4.23,6.21,4.21,6.73,0.29,YouTube,4.97,Tablet,58.19,50GB,3,Low,6,7.32,1,4,1.6,4855.51,147.04,2,Short Videos,Entertainment,Spotify,0.94,1.43
29,Male,UK,Unemployed,Married,4.22,8.32,3.26,5.28,4.45,Facebook,3.14,Smartphone,95.42,10GB,2,High,8,4.18,3,9,1.68,2297.06,256.83,2,News,Education,Spotify,1.09,0.34
38,Female,India,Student,Widowed,3.4,5.7,2.34,5.45,3.0,TikTok,6.35,PC,71.57,Unlimited,1,Low,6,8.41,1,3,1.84,8787.18,415.3,5,Short Videos,News,YouTube,1.93,1.15
53,Male,Germany,Student,Widowed,6.09,8.91,4.67,6.28,0.38,Twitter,6.48,Tablet,39.3,Unlimited,4,Low,1,8.12,3,7,2.0,9350.06,434.35,2,Short Videos,Networking,Amazon Prime,0.33,0.44
48,Female,India,Professional,Single,5.99,6.86,2.74,2.55,2.23,Facebook,8.45,PC,50.0,Unlimited,4,Moderate,5,6.21,7,4,0.02,3887.28,273.79,1,Series,Networking,Netflix,1.13,1.71
36,Female,UK,Retired,Widowed,3.19,1.63,0.4,6.02,2.52,Instagram,8.75,Tablet,84.99,Unlimited,8,Moderate,8,6.01,4,1,1.2,6563.53,0.24,2,Short Videos,News,Netflix,0.86,0.94
27,Male,Germany,Retired,Widowed,5.53,9.62,1.4,2.3,3.4,TikTok,7.6,Tablet,27.2,Unlimited,3,High,7,6.66,2,5,0.67,2186.83,381.37,4,Movies,Networking,Netflix,3.89,1.96
64,Male,Australia,Student,Single,1.63,5.91,4.45,6.71,4.1,Twitter,3.03,PC,78.89,Unlimited,2,Moderate,4,5.72,1,2,1.19,7748.55,116.68,0,Series,Education,Amazon Prime,0.67,0.62
35,Male,UK,Retired,Widowed,7.72,2.14,4.96,2.09,1.32,Twitter,2.12,Smartphone,41.26,10GB,3,Moderate,3,4.72,3,1,1.69,9124.77,2.97,4,Movies,News,Spotify,3.75,2.84
36,Female,Australia,Student,Divorced,3.24,7.49,0.3,1.37,1.9,Twitter,5.45,Tablet,69.09,Unlimited,4,Moderate,6,8.09,1,5,1.68,8615.13,193.3,2,Series,Entertainment,Amazon Prime,3.14,2.52
21,Female,Canada,Student,Married,6.77,6.19,4.98,3.91,4.71,Facebook,4.75,PC,7.33,10GB,1,Low,3,4.74,5,8,2.03,5682.49,392.77,4,Series,Education,Netflix,2.07,1.96
54,Other,Germany,Professional,Widowed,7.58,9.03,4.65,5.28,4.62,Facebook,11.18,Tablet,49.21,Unlimited,1,High,1,4.56,4,4,1.11,7649.39,37.43,1,Short Videos,Education,Amazon Prime,2.88,0.42
49,Female,Canada,Professional,Single,4.91,1.86,4.6,5.57,4.93,YouTube,6.65,Tablet,70.49,Unlimited,4,Moderate,8,5.87,3,2,0.33,8039.96,107.98,5,Series,Entertainment,YouTube,3.37,1.17
24,Male,Germany,Retired,Divorced,4.09,8.94,2.58,6.34,2.4,TikTok,5.02,Tablet,79.54,10GB,3,Low,1,7.07,5,8,0.9,7682.33,428.12,3,News,Entertainment,Amazon Prime,3.63,1.45
17,Other,Australia,Professional,Widowed,3.57,1.33,2.01,2.31,1.11,YouTube,7.77,Smartphone,64.22,10GB,6,Low,9,4.14,9,7,0.22,9789.26,405.31,3,Short Videos,News,Spotify,0.78,2.3
48,Female,India,Student,Single,7.57,7.66,2.63,1.05,2.82,TikTok,9.29,Smartphone,79.16,50GB,9,Moderate,9,6.04,8,5,2.04,2882.84,217.74,2,Short Videos,Education,Spotify,3.05,2.44
47,Other,UK,Professional,Widowed,1.11,9.74,2.01,0.9,3.83,Facebook,2.45,Tablet,83.35,50GB,3,Low,8,4.18,8,5,1.73,6180.83,248.5,3,Series,News,Spotify,1.24,2.78
27,Female,India,Retired,Widowed,1.1,5.34,3.75,4.74,0.14,Instagram,5.92,Tablet,41.01,10GB,6,Moderate,7,7.53,7,6,0.55,3980.74,346.77,5,Series,Networking,YouTube,0.87,1.77
62,Male,USA,Unemployed,Married,6.34,8.85,2.36,4.01,2.88,TikTok,8.31,Tablet,71.88,50GB,2,High,1,8.34,2,2,2.25,3874.21,92.7,4,Short Videos,Education,Amazon Prime,1.74,2.87
20,Male,Australia,Professional,Married,7.86,5.12,3.01,1.41,3.16,TikTok,7.19,Smartphone,31.42,10GB,2,Low,7,4.74,1,9,0.99,5650.1,195.88,4,News,News,Amazon Prime,3.34,2.64
35,Female,Australia,Retired,Single,6.64,0.89,0.98,3.27,2.91,TikTok,3.0,Smartphone,39.59,50GB,3,Moderate,3,8.13,6,2,0.14,7557.09,410.57,5,Series,Entertainment,Spotify,1.39,2.39
62,Male,India,Student,Widowed,0.59,7.75,0.65,6.95,5.0,YouTube,8.07,PC,80.25,10GB,6,Low,3,8.83,6,2,0.81,7816.37,333.06,5,News,Education,YouTube,3.88,0.07
34,Female,Australia,Student,Divorced,5.73,9.29,4.18,0.82,3.46,TikTok,8.59,Smartphone,21.6,10GB,6,Moderate,4,7.52,1,7,0.2,1794.09,288.37,1,News,Education,Netflix,1.96,1.62
46,Other,India,Unemployed,Divorced,4.61,4.11,0.8,5.26,3.55,Instagram,5.38,PC,10.13,50GB,4,Moderate,4,4.41,3,5,1.56,9739.38,83.35,4,Series,News,Netflix,0.23,2.65
33,Other,Canada,Retired,Divorced,6.74,6.68,4.48,4.14,4.64,Facebook,7.86,Tablet,53.39,Unlimited,9,High,7,4.72,1,2,1.36,2538.24,258.45,1,Short Videos,Networking,Spotify,0.9,0.87
27,Male,Australia,Student,Divorced,3.24,9.32,1.52,5.07,2.86,Instagram,7.7,PC,63.56,50GB,4,Moderate,6,8.91,9,7,2.73,8612.95,219.82,0,Short Videos,Entertainment,Netflix,3.29,0.51
64,Female,India,Student,Married,7.76,9.15,4.42,1.52,3.49,YouTube,8.77,PC,62.5,Unlimited,7,Low,9,4.82,2,1,0.1,2112.88,9.43,1,Series,News,Amazon Prime,0.74,2.15
34,Other,UK,Student,Widowed,7.82,0.8,1.43,4.96,0.77,Instagram,7.0,Smartphone,99.95,Unlimited,4,High,1,5.72,3,8,1.61,8616.94,53.12,2,Series,News,Amazon Prime,2.26,1.45
59,Other,India,Professional,Divorced,6.37,8.91,4.64,1.06,2.82,Twitter,2.3,PC,83.68,10GB,9,Low,5,5.7,9,5,2.34,4589.61,132.09,1,News,News,Netflix,2.61,2.12
24,Male,USA,Student,Divorced,6.59,5.83,1.85,6.14,0.95,TikTok,11.91,PC,20.24,10GB,2,Moderate,6,6.74,6,8,1.25,2012.18,372.4,4,Movies,Entertainment,YouTube,1.7,1.44
24,Female,UK,Unemployed,Divorced,3.99,2.99,4.49,4.56,0.38,Twitter,4.55,Tablet,59.21,Unlimited,1,Moderate,3,8.78,8,4,1.76,5063.82,314.74,4,Movies,Entertainment,YouTube,3.24,1.0
14,Other,USA,Student,Widowed,6.43,5.64,1.18,3.62,4.69,Twitter,5.81,Smartphone,58.85,50GB,6,High,2,4.43,1,9,0.07,7520.95,155.49,0,Short Videos,News,Amazon Prime,2.04,0.86
46,Other,Germany,Student,Married,4.24,7.63,1.76,5.92,4.86,Instagram,8.43,Smartphone,28.39,10GB,5,High,2,4.41,9,1,2.14,5262.84,149.5,1,Short Videos,Entertainment,YouTube,3.39,0.97
32,Male,Australia,Professional,Widowed,5.65,1.4,4.02,4.64,0.92,Instagram,10.22,PC,25.57,50GB,2,Low,1,4.24,4,9,2.26,3252.13,5.01,0,Short Videos,News,YouTube,3.83,1.56
57,Other,Australia,Professional,Single,2.39,0.94,4.56,4.69,3.81,Instagram,2.2,Smartphone,5.54,50GB,1,High,8,4.96,9,5,1.29,9495.91,163.78,4,Short Videos,Entertainment,Amazon Prime,2.73,2.13
37,Female,India,Retired,Single,1.63,3.49,4.09,2.03,4.12,Facebook,10.94,Tablet,28.45,50GB,5,High,7,8.2,8,9,2.74,8177.92,263.35,5,Short Videos,Networking,Amazon Prime,0.76,0.76
63,Female,UK,Student,Divorced,4.65,8.57,3.13,3.1,3.94,Instagram,3.67,PC,69.99,Unlimited,6,High,5,4.74,2,3,2.45,8612.0,287.74,3,Movies,News,Amazon Prime,3.6,1.66
22,Other,UK,Student,Widowed,1.58,3.5,2.26,3.28,2.58,Facebook,3.09,PC,27.74,50GB,9,Low,3,8.75,9,9,0.45,6710.66,136.1,4,Short Videos,Entertainment,YouTube,1.5,0.68
58,Female,Australia,Retired,Divorced,3.3,0.99,4.13,1.9,4.75,Facebook,6.71,Tablet,54.22,50GB,7,Low,1,4.48,7,1,1.12,6178.27,286.56,2,Movies,Networking,Spotify,2.7,2.5
53,Other,India,Retired,Married,5.82,8.67,1.1,0.71,0.14,YouTube,10.61,Tablet,85.68,10GB,8,Low,8,7.52,1,6,2.4,1776.64,299.43,5,Series,News,YouTube,0.53,2.26
53,Female,UK,Student,Single,6.51,1.38,2.38,1.67,0.39,Facebook,2.09,PC,45.25,10GB,3,Low,3,6.18,4,9,1.59,2804.3,468.33,5,Movies,Education,Spotify,2.64,2.38
56,Male,India,Student,Married,1.61,5.8,2.13,1.95,2.75,TikTok,5.81,Smartphone,72.79,10GB,5,Moderate,1,5.2,8,2,2.27,5762.09,434.73,4,News,Entertainment,Amazon Prime,1.96,2.83
52,Other,UK,Unemployed,Married,5.67,8.13,2.31,0.6,3.19,TikTok,10.45,Smartphone,20.6,10GB,6,High,5,8.58,4,4,2.27,5174.2,60.96,0,News,Entertainment,Spotify,1.29,0.43
45,Male,Canada,Student,Married,4.42,0.52,1.23,5.33,2.19,TikTok,5.55,PC,56.63,50GB,5,High,5,4.43,1,6,0.99,7410.3,394.22,5,Short Videos,News,YouTube,3.53,0.59
19,Other,India,Professional,Single,2.71,9.13,3.32,6.88,4.74,YouTube,4.8,Smartphone,99.74,Unlimited,5,Moderate,5,5.52,7,2,2.29,2540.56,378.23,3,Movies,Education,Amazon Prime,1.72,1.15
14,Female,USA,Retired,Married,2.44,9.88,3.49,5.89,1.78,Twitter,11.59,PC,36.62,Unlimited,7,Low,1,6.63,8,3,1.61,5028.68,374.79,3,News,Networking,Spotify,1.62,1.38
60,Female,UK,Retired,Widowed,7.11,7.91,1.1,3.95,3.61,YouTube,7.99,Smartphone,59.41,Unlimited,9,Moderate,1,8.55,5,5,1.72,7354.43,420.41,1,Movies,Networking,Netflix,1.06,1.19
45,Female,Australia,Retired,Married,3.53,6.43,1.12,2.6,2.17,Facebook,6.46,Tablet,79.75,50GB,7,Low,2,6.8,8,6,1.79,3060.53,419.93,3,Series,News,Spotify,3.78,1.98
54,Female,India,Professional,Widowed,5.59,4.56,4.98,6.72,4.55,TikTok,11.96,Tablet,48.31,10GB,9,High,7,6.19,4,8,0.38,6288.91,468.38,5,Short Videos,Networking,YouTube,2.72,0.68
38,Male,UK,Retired,Single,1.34,7.45,1.25,6.82,0.49,YouTube,2.46,Tablet,33.09,50GB,4,Low,9,7.44,3,6,2.06,2527.67,496.75,1,News,Education,Amazon Prime,3.16,0.72
19,Other,Germany,Student,Widowed,6.84,2.52,0.42,1.34,0.35,TikTok,3.39,Smartphone,32.4,50GB,8,Low,9,8.6,3,8,0.53,4820.45,259.61,3,Movies,Entertainment,Netflix,3.08,1.12
19,Other,Australia,Professional,Widowed,1.72,3.2,4.95,0.95,1.31,Facebook,10.73,Smartphone,63.36,Unlimited,7,Moderate,2,4.12,1,4,2.98,1807.6,413.49,4,News,Education,YouTube,2.16,0.78
48,Female,Canada,Student,Married,6.12,9.24,0.54,3.16,1.52,Twitter,6.55,Tablet,27.19,Unlimited,4,High,5,4.07,8,1,1.37,1668.78,72.25,3,Short Videos,News,Spotify,3.43,2.52
35,Female,Germany,Retired,Single,0.97,6.6,2.19,4.2,1.14,Instagram,2.57,Smartphone,90.2,10GB,5,Low,6,8.18,7,7,1.63,787.87,99.89,1,Short Videos,Networking,YouTube,2.8,1.45
23,Other,Canada,Unemployed,Divorced,6.95,6.26,3.71,4.73,0.6,YouTube,3.44,Tablet,70.48,50GB,9,Low,8,8.73,3,5,2.76,1588.99,173.51,4,News,News,Netflix,2.21,0.24
38,Other,Australia,Student,Divorced,7.89,3.55,4.38,6.3,4.77,TikTok,8.66,Tablet,58.69,Unlimited,4,Moderate,7,7.61,8,5,0.34,7946.7,23.37,2,Series,News,Netflix,1.53,2.83
16,Other,Australia,Student,Widowed,1.27,6.97,0.51,5.35,4.39,Twitter,3.57,PC,34.14,Unlimited,6,Low,3,7.73,6,5,2.73,8167.58,199.18,1,News,Education,Amazon Prime,0.61,0.2
43,Female,Canada,Unemployed,Divorced,6.14,8.04,0.63,5.71,1.96,Instagram,11.29,Smartphone,7.64,Unlimited,3,Low,3,5.93,4,5,2.05,6733.32,69.43,1,Short Videos,Entertainment,Spotify,2.81,0.49
26,Male,Australia,Student,Widowed,7.09,4.08,3.34,1.02,2.35,Facebook,3.06,PC,71.35,Unlimited,3,High,1,7.96,9,3,1.51,9022.32,495.68,5,News,Networking,Netflix,2.02,2.88
54,Male,Germany,Professional,Divorced,3.31,2.86,0.22,1.08,1.22,TikTok,9.91,PC,53.03,50GB,2,Moderate,9,5.43,9,8,0.44,2331.98,355.64,3,Short Videos,Networking,Spotify,3.64,1.23
29,Other,USA,Retired,Married,5.52,6.94,1.69,0.76,3.36,Instagram,9.44,PC,50.37,Unlimited,6,Moderate,1,4.65,2,4,0.91,6830.19,60.02,4,News,News,Spotify,0.38,0.3
36,Male,UK,Professional,Married,3.29,0.51,1.98,3.82,0.33,TikTok,10.53,Smartphone,45.28,10GB,8,Moderate,6,6.83,4,6,0.41,9326.15,3.58,2,News,Education,Netflix,0.77,0.8
13,Other,USA,Unemployed,Divorced,7.26,1.41,1.13,2.12,0.71,Instagram,11.98,Smartphone,61.9,Unlimited,3,Low,5,8.83,1,5,2.85,3957.27,194.26,2,News,Networking,Spotify,3.97,1.48
16,Female,Germany,Professional,Married,4.35,5.26,2.6,6.95,3.73,YouTube,7.43,Smartphone,15.53,10GB,6,Low,6,6.57,8,1,1.23,835.38,105.31,4,News,Education,YouTube,3.98,1.14
33,Other,USA,Professional,Divorced,3.74,2.12,3.76,2.59,2.64,Twitter,4.01,PC,17.32,10GB,9,Moderate,2,6.26,9,4,2.6,771.23,398.66,1,Series,Networking,YouTube,3.83,0.19
37,Other,USA,Student,Widowed,7.47,1.84,0.52,4.96,4.35,Instagram,9.99,Tablet,21.27,50GB,8,Low,9,6.81,2,8,2.15,9190.41,284.53,4,News,Networking,Netflix,3.38,1.07
44,Male,UK,Student,Single,0.92,7.83,0.92,5.09,3.34,Instagram,3.93,Smartphone,73.01,50GB,5,Moderate,5,5.37,7,3,0.59,3268.77,413.18,2,News,News,Spotify,2.04,0.07
28,Other,Australia,Professional,Married,1.49,5.89,2.52,0.57,4.67,Facebook,5.17,PC,53.22,50GB,3,Moderate,5,7.08,3,4,1.15,8824.53,373.39,5,News,Entertainment,Netflix,3.68,1.31
49,Female,India,Professional,Divorced,7.73,0.98,1.25,3.2,0.17,Twitter,4.87,Smartphone,26.97,Unlimited,2,High,1,5.14,7,4,0.6,4490.36,354.42,5,Series,Networking,YouTube,1.73,0.41
57,Female,Germany,Retired,Married,5.3,1.24,3.0,6.25,1.64,Instagram,8.62,PC,30.5,Unlimited,4,High,5,7.46,2,4,2.25,3445.6,48.26,1,Series,News,YouTube,2.92,0.74
53,Female,USA,Retired,Married,5.39,5.87,3.2,0.63,4.86,Facebook,6.97,Tablet,87.94,10GB,5,High,3,8.45,5,5,0.88,6270.12,401.96,1,Series,News,Netflix,1.22,1.14
15,Other,UK,Retired,Married,0.9,9.18,4.99,6.6,2.39,Instagram,7.28,PC,25.42,10GB,8,Low,7,7.93,7,5,0.98,9152.18,41.85,0,Short Videos,Education,Amazon Prime,3.25,1.18
37,Female,India,Retired,Single,1.34,4.96,2.79,4.38,1.5,Instagram,11.82,PC,93.48,Unlimited,6,High,6,5.62,3,5,0.24,8792.94,59.31,1,Series,Networking,Amazon Prime,3.72,1.16
18,Male,USA,Student,Divorced,5.72,8.8,0.66,5.59,2.1,Facebook,5.53,PC,34.74,10GB,1,High,4,8.55,7,2,2.28,3581.18,2.85,0,Series,Education,Amazon Prime,0.83,1.44
25,Male,UK,Unemployed,Widowed,3.93,8.87,4.44,2.7,3.0,Instagram,8.37,PC,27.33,Unlimited,8,Low,5,8.92,9,8,0.22,8864.23,469.04,1,Movies,Education,Spotify,2.04,2.97
64,Male,India,Student,Divorced,6.07,5.44,1.98,3.8,1.86,Facebook,8.34,PC,21.48,10GB,1,High,1,5.37,5,3,2.1,1760.58,54.76,4,News,News,Netflix,2.96,1.9
20,Male,Australia,Retired,Married,6.8,6.36,2.06,3.45,2.27,Facebook,4.37,PC,64.38,10GB,4,High,5,6.98,8,5,1.67,5255.91,123.31,2,Short Videos,Entertainment,YouTube,1.79,2.42
38,Other,India,Unemployed,Single,4.28,0.85,3.66,3.19,3.22,Facebook,4.57,PC,6.93,10GB,3,High,6,5.69,4,1,0.99,805.24,166.31,5,Short Videos,Networking,YouTube,0.59,2.22
45,Male,India,Retired,Married,5.4,9.98,1.45,4.7,0.64,Twitter,8.09,Tablet,77.45,50GB,5,High,2,4.18,4,2,2.46,782.12,330.17,3,Movies,Education,Spotify,2.18,0.44
49,Female,USA,Student,Married,3.43,7.38,0.2,5.92,0.22,TikTok,6.73,Tablet,85.37,Unlimited,7,Low,2,7.02,6,3,0.4,8359.45,476.33,2,Short Videos,Education,Spotify,3.16,2.92
42,Male,Germany,Retired,Single,1.65,8.26,2.07,2.58,4.99,YouTube,5.92,PC,73.51,10GB,4,High,1,5.87,5,5,0.75,3430.43,453.97,3,News,News,Netflix,3.78,0.4
13,Other,Canada,Retired,Single,7.82,5.55,1.32,1.02,2.91,YouTube,7.41,Tablet,87.73,Unlimited,3,Moderate,7,7.37,4,4,0.37,4190.99,400.4,1,Movies,Entertainment,YouTube,2.21,2.43
29,Other,UK,Professional,Single,0.58,1.68,1.24,6.95,2.23,Facebook,3.02,PC,50.48,Unlimited,9,Moderate,5,7.43,9,1,1.46,2373.49,275.69,5,News,Education,YouTube,3.99,0.59
39,Other,UK,Unemployed,Single,4.16,5.44,3.45,2.5,0.54,Instagram,7.94,Smartphone,95.82,Unlimited,9,Moderate,4,8.21,7,4,2.88,4178.96,273.95,4,Short Videos,Education,YouTube,2.66,0.97
17,Male,Australia,Professional,Single,2.01,5.74,4.42,6.28,4.51,Twitter,6.57,Smartphone,48.14,Unlimited,3,Low,1,5.17,3,4,2.25,4145.04,122.59,1,Movies,Entertainment,Amazon Prime,0.29,0.09
31,Other,India,Retired,Widowed,5.55,4.02,4.45,2.5,0.72,YouTube,5.12,Smartphone,51.31,Unlimited,3,Moderate,1,8.49,8,7,1.76,1747.48,7.29,5,Movies,Entertainment,Spotify,2.8,2.96
14,Male,Canada,Unemployed,Divorced,1.69,2.86,4.69,1.34,2.06,YouTube,2.9,Tablet,83.12,10GB,9,Moderate,2,6.13,6,6,2.53,5891.23,12.5,4,Series,Education,Netflix,1.03,2.85
17,Male,Canada,Retired,Single,0.72,1.79,1.72,4.04,3.62,Twitter,6.64,PC,61.14,Unlimited,9,Low,8,8.76,4,1,0.68,3313.21,306.78,0,News,Education,YouTube,0.52,2.3
33,Male,USA,Student,Divorced,2.02,8.86,1.47,1.98,4.98,TikTok,11.73,Tablet,56.99,10GB,5,Moderate,4,5.54,3,7,1.55,5731.04,350.5,4,Movies,Education,Netflix,0.58,1.52
19,Female,UK,Retired,Widowed,1.15,5.5,4.57,3.61,2.04,YouTube,8.41,PC,35.13,10GB,1,Low,6,8.17,8,4,2.71,3910.86,170.77,3,Series,Entertainment,Amazon Prime,1.47,0.9
42,Other,Germany,Student,Single,5.3,3.39,2.77,3.54,0.11,Instagram,8.5,Tablet,13.18,50GB,2,Low,1,6.51,3,1,0.41,9139.72,395.94,5,News,Education,YouTube,2.58,1.38
48,Female,India,Retired,Divorced,6.38,8.32,2.92,4.09,0.12,Instagram,7.86,Tablet,89.47,10GB,9,Low,8,8.45,6,4,1.07,4905.04,453.96,1,Movies,Entertainment,Netflix,2.53,1.31
54,Male,Canada,Student,Widowed,7.36,9.64,2.09,3.29,2.03,TikTok,11.82,Smartphone,37.0,10GB,9,Moderate,6,4.52,6,9,1.08,1354.23,87.99,0,News,Entertainment,Amazon Prime,2.28,1.3
23,Other,Canada,Student,Married,4.02,1.21,2.23,4.77,4.59,YouTube,7.89,Smartphone,63.05,50GB,2,High,5,4.4,7,6,1.39,4645.55,106.05,5,News,Education,Netflix,3.46,1.5
21,Other,Germany,Unemployed,Married,2.84,2.93,4.31,0.7,1.65,Instagram,6.73,Smartphone,61.38,Unlimited,7,Moderate,8,4.9,9,4,1.7,1157.15,155.99,0,Series,News,Spotify,0.73,2.63
18,Other,Germany,Student,Divorced,2.58,1.42,2.85,5.85,1.36,Facebook,9.58,Tablet,46.37,50GB,1,Moderate,4,8.88,7,7,1.38,1035.53,350.72,3,Series,Education,Netflix,0.77,1.21
46,Female,India,Professional,Divorced,6.86,5.59,2.71,5.48,1.78,Facebook,8.01,Tablet,82.96,10GB,7,Low,10,6.41,6,3,2.28,3370.45,90.97,3,News,Education,YouTube,0.01,0.38
49,Female,UK,Student,Married,5.6,7.09,2.54,0.98,1.61,TikTok,11.07,PC,41.92,10GB,7,High,8,5.05,4,5,2.15,6329.73,126.77,1,News,News,Netflix,0.47,1.73
14,Other,USA,Professional,Widowed,1.13,8.86,3.4,1.72,1.51,TikTok,3.26,Tablet,5.92,50GB,6,Low,6,5.54,2,6,1.94,8803.59,443.46,0,Short Videos,Entertainment,Netflix,1.9,0.74
61,Male,UK,Student,Married,1.88,6.19,3.57,6.76,2.97,TikTok,8.73,Smartphone,85.8,Unlimited,8,Low,6,7.63,2,6,0.52,5183.8,361.96,2,News,Entertainment,Amazon Prime,3.54,0.52
15,Female,Canada,Student,Married,1.61,6.6,4.61,3.24,0.75,TikTok,10.49,Smartphone,34.59,10GB,4,Low,6,8.36,1,3,2.3,5166.19,96.4,1,Short Videos,Entertainment,YouTube,2.11,2.87
41,Male,UK,Student,Single,2.76,7.5,3.48,5.36,3.32,Instagram,10.52,Tablet,67.37,50GB,2,High,4,8.63,8,9,0.43,2328.81,362.95,2,News,Networking,Amazon Prime,2.98,1.95
49,Female,Canada,Unemployed,Single,0.94,2.03,4.63,5.91,1.62,Facebook,3.82,Smartphone,68.51,10GB,5,High,9,4.86,5,5,0.21,1084.36,126.35,2,Series,News,Amazon Prime,3.19,0.11
58,Female,India,Retired,Divorced,0.59,7.91,1.8,4.43,4.79,Instagram,7.85,Tablet,17.5,50GB,9,Moderate,9,6.68,1,4,0.89,5951.9,164.58,0,Movies,News,YouTube,3.96,2.17
50,Male,Australia,Student,Single,4.52,2.46,4.36,2.24,2.8,Twitter,2.67,Tablet,39.86,50GB,4,High,8,7.7,6,7,2.36,4506.6,414.35,4,Movies,Education,Spotify,0.78,1.23
54,Male,India,Retired,Widowed,3.33,0.94,0.81,2.07,2.9,TikTok,2.51,Tablet,61.89,10GB,1,Moderate,5,5.1,7,4,0.63,9045.64,81.83,2,News,Networking,Amazon Prime,1.91,2.3
30,Other,Australia,Student,Widowed,2.63,9.0,0.62,6.93,4.47,YouTube,3.77,Tablet,39.33,10GB,3,Moderate,1,7.4,6,8,2.99,6237.16,33.79,0,Short Videos,News,Netflix,3.39,1.74
55,Other,UK,Retired,Married,7.55,5.47,3.78,6.43,2.82,Facebook,10.45,PC,63.74,10GB,4,High,4,5.02,3,1,2.9,9742.97,225.58,3,Movies,Entertainment,Amazon Prime,3.24,1.07
17,Male,Germany,Student,Widowed,0.65,6.28,3.41,1.33,1.74,Twitter,10.84,PC,15.14,50GB,2,High,5,6.53,4,7,0.64,7846.53,361.94,2,Movies,News,Amazon Prime,0.35,0.35
59,Other,Australia,Retired,Married,6.53,3.78,0.65,1.5,3.6,Facebook,5.89,Smartphone,24.1,10GB,2,Low,9,6.6,5,4,2.83,9294.64,432.78,5,News,Entertainment,Netflix,1.26,2.54
41,Other,India,Student,Divorced,5.32,7.47,4.27,2.83,4.12,Instagram,10.06,Smartphone,28.47,10GB,7,High,5,4.67,3,6,0.68,2024.26,73.44,2,Movies,Networking,Netflix,3.66,2.55
55,Male,Canada,Student,Single,2.68,8.42,0.54,1.9,1.75,Twitter,6.06,Tablet,57.06,Unlimited,3,Low,8,8.14,7,3,2.54,3692.15,15.07,5,Short Videos,Networking,Amazon Prime,2.9,2.43
36,Female,Germany,Student,Widowed,7.07,4.4,1.45,5.7,3.34,YouTube,11.38,Tablet,41.51,50GB,1,Low,5,5.75,2,6,2.1,6873.13,9.07,2,Movies,Networking,Amazon Prime,1.74,1.36
46,Other,UK,Unemployed,Widowed,1.73,5.07,3.76,4.4,1.22,Instagram,5.49,PC,40.58,Unlimited,4,Moderate,5,6.79,1,7,0.07,6097.86,55.92,1,Movies,News,Spotify,0.49,2.68
40,Female,Germany,Retired,Widowed,7.03,9.22,0.32,0.75,3.27,YouTube,6.35,PC,38.15,Unlimited,7,Moderate,3,4.74,9,2,1.49,9169.33,415.53,0,News,Entertainment,Amazon Prime,3.16,1.71
51,Other,Germany,Retired,Single,6.84,4.16,2.75,4.89,4.16,Twitter,5.66,PC,43.81,10GB,6,Low,4,5.31,9,9,0.57,5050.91,260.03,5,Short Videos,Education,YouTube,2.6,0.66
17,Other,Canada,Professional,Divorced,7.02,6.79,2.92,4.25,1.23,YouTube,8.25,Smartphone,37.65,Unlimited,4,Moderate,4,5.86,6,4,1.79,1275.3,286.91,4,Movies,News,Spotify,2.36,1.89
16,Female,India,Student,Married,3.58,3.22,4.67,1.45,1.82,TikTok,9.42,Tablet,74.68,Unlimited,5,Moderate,4,4.3,7,7,2.22,7244.41,144.11,3,Short Videos,News,Spotify,2.39,2.08
25,Male,Australia,Professional,Married,1.24,1.98,0.47,5.13,1.5,Facebook,4.68,PC,12.38,Unlimited,2,High,7,7.45,3,7,1.1,4806.54,177.64,2,News,News,YouTube,1.84,1.89
21,Other,UK,Unemployed,Single,7.59,7.42,0.95,0.94,3.23,Twitter,8.23,Smartphone,13.76,10GB,4,High,8,5.25,5,1,2.96,1096.05,371.46,0,News,Networking,YouTube,2.16,2.89
58,Other,Australia,Professional,Widowed,4.63,2.17,4.76,3.84,1.05,Twitter,10.34,Tablet,34.17,10GB,7,Moderate,6,5.27,5,1,1.96,6112.57,329.81,1,Series,News,Spotify,3.91,0.25
24,Male,UK,Unemployed,Married,5.53,1.19,2.6,3.05,3.08,Instagram,11.29,Tablet,54.52,Unlimited,5,High,4,6.51,3,4,0.87,7198.67,130.13,3,News,Education,Spotify,3.16,1.43
63,Male,Canada,Student,Single,6.85,9.18,0.64,2.34,3.87,TikTok,3.15,PC,53.06,50GB,9,Low,2,7.33,2,8,0.74,2002.02,434.61,3,News,News,Netflix,2.46,2.44
30,Other,Australia,Professional,Widowed,4.89,4.41,3.67,4.5,2.5,Facebook,9.64,Tablet,29.93,10GB,6,High,8,4.42,8,8,2.48,1776.45,395.26,2,Series,News,Netflix,2.93,0.58
22,Male,USA,Professional,Divorced,4.86,4.16,0.77,5.86,0.87,Instagram,2.48,Smartphone,80.17,50GB,4,Moderate,7,4.01,7,5,1.08,8353.37,367.08,2,Series,Education,Netflix,1.99,1.11
54,Female,Germany,Unemployed,Married,1.44,4.9,4.75,2.45,1.29,Twitter,2.7,Tablet,36.05,50GB,5,High,7,7.37,5,3,0.81,6867.27,9.83,2,Short Videos,Entertainment,Spotify,1.13,2.62
47,Female,Germany,Unemployed,Widowed,0.56,6.11,2.97,4.86,4.79,Instagram,3.51,Tablet,8.24,50GB,7,High,2,5.9,9,5,1.26,8884.49,340.16,5,News,Education,Amazon Prime,2.86,0.76
38,Male,UK,Unemployed,Single,5.64,0.7,4.01,1.93,0.22,YouTube,2.58,Tablet,51.17,Unlimited,7,High,3,4.0,5,4,1.5,7777.32,425.97,4,News,Education,Netflix,3.41,0.38
41,Other,UK,Unemployed,Divorced,1.68,7.86,2.6,4.32,1.42,Instagram,11.85,Smartphone,31.35,50GB,9,Moderate,3,7.6,5,7,0.03,9254.53,407.23,0,News,News,Netflix,3.05,2.01
50,Other,UK,Professional,Widowed,6.22,2.46,4.07,3.53,0.42,TikTok,9.33,PC,69.51,Unlimited,2,High,3,5.54,9,4,0.99,5928.17,186.14,5,Series,Networking,Amazon Prime,3.26,0.7
24,Other,Canada,Student,Single,1.44,1.05,2.65,3.92,1.25,Instagram,11.76,PC,74.63,Unlimited,1,Moderate,9,6.82,6,4,0.38,5215.39,403.8,2,Movies,Networking,Spotify,1.94,2.75
64,Female,UK,Unemployed,Divorced,0.64,7.46,4.76,4.97,3.84,TikTok,8.35,Smartphone,12.15,Unlimited,5,Moderate,8,8.32,7,6,0.59,3593.89,164.9,0,News,Networking,Spotify,3.92,0.91
63,Female,Australia,Unemployed,Single,6.18,0.56,0.36,0.77,0.67,Twitter,7.02,Smartphone,19.94,50GB,1,Low,9,5.49,7,6,2.68,2571.38,311.27,2,Series,Networking,YouTube,2.42,2.32
46,Female,Australia,Unemployed,Widowed,5.07,5.89,2.85,6.28,2.88,TikTok,4.01,PC,39.85,Unlimited,5,Low,7,4.96,6,8,2.28,2734.06,189.67,0,Movies,Entertainment,Amazon Prime,0.51,0.19
23,Male,India,Student,Divorced,3.71,8.11,4.07,2.62,4.63,YouTube,9.72,Tablet,25.14,50GB,6,High,9,7.33,2,2,0.62,4743.38,169.88,5,Series,Entertainment,Amazon Prime,1.97,2.03
48,Other,Australia,Retired,Divorced,5.8,9.12,1.56,5.19,1.66,TikTok,11.87,Smartphone,67.98,Unlimited,4,Moderate,1,7.49,9,7,0.72,5054.76,429.93,3,Series,Networking,YouTube,2.39,2.76
16,Male,Canada,Professional,Widowed,3.45,5.36,0.71,3.73,1.32,Facebook,4.26,Smartphone,47.4,50GB,8,High,2,7.81,6,2,1.46,2165.09,358.56,4,Short Videos,Networking,Amazon Prime,0.79,0.53
14,Other,Australia,Professional,Widowed,4.87,6.98,4.36,6.24,0.63,YouTube,4.34,Tablet,57.23,Unlimited,3,Low,6,4.1,1,7,0.98,8924.76,217.98,3,Movies,Education,Netflix,2.86,2.93
26,Male,UK,Unemployed,Widowed,5.62,9.51,3.96,1.34,4.62,Twitter,10.35,PC,26.89,50GB,6,Low,2,5.83,1,7,2.63,6068.37,420.37,3,News,News,Netflix,1.99,1.86
37,Other,Germany,Professional,Widowed,0.82,6.2,4.88,4.99,0.4,Instagram,9.83,PC,31.25,10GB,9,High,1,5.99,9,7,1.25,7797.16,331.24,1,Movies,Education,Amazon Prime,0.88,0.16
58,Male,Canada,Unemployed,Widowed,2.14,2.77,3.29,4.66,0.65,YouTube,2.02,Tablet,6.21,50GB,2,Low,4,4.02,5,2,2.48,2747.66,160.0,0,Series,Entertainment,Spotify,0.48,1.77
50,Male,Canada,Student,Married,5.28,9.92,1.88,4.67,1.97,TikTok,2.37,Tablet,96.34,10GB,5,Moderate,5,8.76,8,1,0.26,7173.75,77.03,4,News,Entertainment,Netflix,1.41,2.5
51,Other,Australia,Retired,Single,6.2,1.68,4.05,6.7,4.65,YouTube,10.17,Smartphone,14.39,10GB,4,High,3,8.23,4,3,1.66,3633.56,402.01,2,Short Videos,Networking,Amazon Prime,1.3,2.75
35,Female,Canada,Student,Single,4.79,3.51,3.01,2.8,0.12,Facebook,6.58,PC,67.5,10GB,3,Moderate,1,5.28,9,9,0.34,7056.92,447.11,2,Short Videos,Entertainment,Spotify,3.16,0.73
30,Female,USA,Professional,Married,3.87,2.91,4.36,4.88,0.98,Instagram,9.99,PC,94.57,50GB,1,High,1,6.78,1,1,1.06,8711.9,441.98,1,Movies,Education,YouTube,1.9,2.46
32,Other,Canada,Retired,Married,4.85,9.93,2.16,2.57,1.61,Twitter,3.82,PC,28.34,10GB,3,High,7,7.77,8,5,0.26,4385.94,311.8,4,Short Videos,Education,Amazon Prime,3.16,2.5
64,Female,Australia,Professional,Widowed,2.55,8.2,0.24,2.21,4.6,Twitter,10.95,Tablet,33.24,10GB,3,Moderate,8,6.36,2,9,2.22,2414.68,260.64,5,News,Networking,Amazon Prime,3.75,0.77
15,Male,India,Professional,Widowed,0.93,6.43,4.91,6.19,2.84,Facebook,3.06,PC,13.59,50GB,8,Low,2,5.09,7,2,2.58,1081.63,451.59,3,Series,News,Spotify,2.52,2.17
58,Other,Australia,Unemployed,Single,4.1,2.3,4.65,4.21,2.9,Instagram,3.24,PC,55.84,Unlimited,3,Moderate,1,5.1,6,2,0.38,4790.03,394.69,2,Movies,Networking,Netflix,1.44,1.85
43,Male,India,Unemployed,Divorced,3.79,4.76,4.24,6.57,4.02,Facebook,6.87,PC,10.45,50GB,3,High,3,4.62,4,6,1.31,9046.05,130.59,0,Series,Entertainment,Amazon Prime,0.09,1.86
35,Male,USA,Student,Married,5.17,7.62,2.3,1.89,4.32,Twitter,8.89,Tablet,53.77,10GB,5,High,4,7.08,3,2,1.26,5287.45,153.62,1,Movies,Education,Spotify,2.28,1.19
50,Male,Australia,Student,Divorced,0.55,6.0,4.6,5.65,0.69,YouTube,3.09,Smartphone,62.65,50GB,2,High,9,4.6,9,4,2.98,6889.23,424.22,4,News,Education,YouTube,1.76,1.97
38,Other,Australia,Student,Single,4.5,9.83,4.18,0.91,0.98,Facebook,10.94,PC,89.37,50GB,9,Low,7,6.36,9,9,0.21,1295.54,170.74,5,Series,Entertainment,Spotify,0.1,2.43
58,Other,Germany,Retired,Widowed,7.37,8.28,0.75,2.91,4.58,Facebook,11.81,Smartphone,6.12,50GB,8,Moderate,3,6.9,7,3,0.93,9409.49,470.28,5,Series,News,Amazon Prime,0.99,0.66
59,Male,India,Student,Widowed,5.6,2.64,0.84,3.29,4.04,YouTube,5.05,PC,56.93,Unlimited,1,Low,7,6.67,9,2,2.78,5275.86,186.17,1,Movies,Education,Amazon Prime,2.65,2.66
34,Male,Canada,Retired,Single,2.51,2.71,2.17,1.51,4.96,TikTok,3.09,PC,34.02,Unlimited,3,Low,2,6.15,5,3,2.57,5280.06,157.0,5,News,Education,Amazon Prime,3.27,1.64
27,Male,Germany,Retired,Widowed,6.0,5.71,0.51,3.22,1.54,YouTube,8.91,Smartphone,21.18,10GB,9,Moderate,3,6.03,6,8,2.74,1961.15,433.21,4,Short Videos,Education,Spotify,3.73,2.67
43,Other,UK,Unemployed,Married,1.8,4.03,1.61,4.2,1.44,Twitter,6.83,Smartphone,89.54,10GB,9,High,9,4.16,5,5,0.11,5915.34,360.37,1,Movies,Networking,YouTube,2.21,1.62
60,Other,Canada,Unemployed,Divorced,3.07,0.54,1.94,2.3,2.27,Twitter,6.05,Tablet,88.1,50GB,2,High,2,8.71,7,4,2.8,7813.47,362.27,0,Short Videos,Networking,Netflix,4.0,2.46
23,Female,Germany,Student,Single,4.34,8.51,3.36,5.02,1.59,TikTok,4.4,Tablet,76.7,Unlimited,3,High,7,4.75,9,4,0.63,1109.24,412.39,0,Short Videos,Education,Amazon Prime,3.18,0.35
45,Other,Germany,Student,Single,3.82,3.63,0.96,5.97,2.25,Facebook,2.62,PC,60.47,10GB,1,Low,3,6.54,2,9,0.03,8384.12,376.89,0,Series,News,YouTube,0.15,0.59
45,Male,Germany,Unemployed,Divorced,1.77,9.54,0.77,1.33,4.58,TikTok,4.69,Tablet,26.62,Unlimited,8,Moderate,6,4.43,8,5,0.0,4714.16,105.94,3,Series,Entertainment,YouTube,2.08,0.52
51,Female,UK,Unemployed,Married,2.22,6.71,2.21,5.55,4.16,Facebook,10.58,Tablet,44.68,Unlimited,4,Low,8,7.36,3,9,0.76,6320.86,309.42,5,News,Networking,Spotify,2.09,1.48
19,Male,Australia,Student,Single,6.84,5.88,4.47,5.44,3.61,Instagram,4.17,PC,32.09,50GB,2,Moderate,3,5.35,2,8,2.0,6394.06,107.6,0,Movies,Entertainment,Spotify,0.79,0.91
50,Other,Germany,Retired,Divorced,3.9,5.88,1.54,1.78,1.41,YouTube,10.16,PC,91.08,50GB,3,High,1,8.91,1,8,2.99,576.73,340.44,0,Series,Entertainment,Amazon Prime,2.03,1.29
60,Female,Canada,Professional,Single,4.41,7.55,0.47,5.46,0.15,TikTok,7.61,Tablet,49.0,Unlimited,2,High,2,5.56,9,4,1.53,8177.6,275.37,5,Series,News,YouTube,0.37,2.74
22,Other,USA,Retired,Divorced,4.49,8.47,0.39,5.58,4.12,Instagram,9.52,Smartphone,37.74,50GB,5,High,4,8.23,6,3,1.22,1868.07,188.07,2,Short Videos,Education,Netflix,3.69,1.98
25,Male,Germany,Professional,Widowed,7.42,7.07,2.65,0.76,1.24,Facebook,10.89,Smartphone,91.78,Unlimited,7,Moderate,1,5.62,8,3,1.77,4767.64,454.51,4,Series,Entertainment,Spotify,3.6,2.17
63,Male,USA,Unemployed,Married,1.85,1.84,4.47,4.27,3.19,Facebook,4.91,Smartphone,86.97,10GB,2,High,3,6.41,4,3,2.35,2771.45,9.56,1,Movies,News,YouTube,3.47,2.33
22,Other,Canada,Professional,Widowed,5.5,4.97,2.02,2.42,0.01,Twitter,5.79,PC,45.04,Unlimited,2,High,2,5.41,1,4,0.02,4662.23,206.3,1,Short Videos,News,YouTube,2.0,1.71
57,Male,UK,Professional,Divorced,3.49,8.52,3.99,3.64,2.84,Facebook,9.06,Smartphone,32.56,50GB,8,Moderate,4,7.52,6,3,1.11,2791.08,250.04,1,Movies,News,Spotify,0.53,1.58
38,Female,Australia,Professional,Widowed,3.13,5.69,4.81,4.42,4.28,Facebook,7.67,Smartphone,63.03,10GB,9,Low,3,4.34,3,1,2.42,8749.23,402.59,5,News,Entertainment,YouTube,2.02,2.13
25,Female,Germany,Student,Single,7.61,4.67,2.51,4.87,4.61,Instagram,11.97,Smartphone,16.63,10GB,6,High,4,8.9,2,5,0.77,3826.44,342.88,2,Short Videos,News,Netflix,1.21,0.11
58,Male,UK,Unemployed,Single,4.74,8.07,0.77,3.51,2.44,Twitter,3.86,Tablet,23.71,50GB,5,High,8,7.89,7,5,2.9,1919.35,186.53,4,Series,News,YouTube,2.48,0.85
36,Male,USA,Student,Widowed,2.52,3.68,0.3,5.54,4.21,Facebook,7.4,Tablet,17.8,Unlimited,1,Moderate,2,7.32,8,1,1.24,2598.42,334.14,4,Series,Entertainment,Netflix,0.4,0.59
39,Other,Canada,Professional,Divorced,4.93,2.88,0.7,1.32,4.86,Instagram,6.7,Smartphone,89.56,Unlimited,9,Low,7,5.67,2,5,0.94,9441.73,40.2,4,News,News,Amazon Prime,1.86,0.9
31,Female,Australia,Student,Married,4.49,1.97,1.27,2.92,2.43,Instagram,11.55,Tablet,63.04,50GB,2,Low,5,8.97,7,8,0.81,8486.32,494.28,2,Short Videos,Education,Spotify,3.39,1.0
43,Female,Canada,Student,Widowed,4.64,8.07,1.43,4.61,3.76,Facebook,6.07,Smartphone,78.75,Unlimited,1,High,7,4.36,8,3,2.0,6317.39,41.85,5,Series,Networking,Amazon Prime,0.01,0.63
21,Female,Germany,Unemployed,Married,0.69,1.62,2.53,1.86,1.86,YouTube,10.17,Smartphone,65.38,10GB,3,Moderate,9,7.94,9,6,0.94,8990.52,119.98,5,Series,Networking,Spotify,0.12,0.11
33,Female,USA,Retired,Single,4.25,9.87,3.81,5.91,1.77,YouTube,10.06,Smartphone,56.27,10GB,4,High,2,6.37,1,2,0.42,4099.74,238.44,3,News,Education,Amazon Prime,1.18,0.01
63,Female,Australia,Professional,Divorced,3.04,7.05,1.48,1.98,4.72,TikTok,11.07,PC,27.81,Unlimited,3,Moderate,6,6.82,8,4,0.72,5130.9,220.63,4,News,Networking,Netflix,0.06,0.65
26,Female,Australia,Student,Single,7.46,9.27,0.25,1.57,2.45,Twitter,8.53,PC,5.22,50GB,4,High,4,8.93,2,4,0.59,1656.74,88.77,3,News,Education,Amazon Prime,0.97,1.15
47,Male,USA,Professional,Married,1.23,1.83,3.39,4.48,1.46,TikTok,5.23,PC,42.99,10GB,8,Moderate,6,6.33,1,6,0.35,7041.98,298.14,0,Movies,Education,Netflix,2.09,1.43
29,Other,India,Professional,Widowed,0.61,1.9,0.94,6.47,0.41,TikTok,10.44,Smartphone,58.57,10GB,3,High,3,7.45,5,7,0.76,3566.83,230.25,4,News,Entertainment,YouTube,2.58,1.05
53,Female,India,Professional,Divorced,4.91,4.91,4.89,6.16,0.16,Twitter,11.09,Smartphone,73.07,10GB,1,Moderate,2,4.2,6,9,2.72,4038.61,354.76,1,Short Videos,Education,Netflix,1.07,2.09
19,Male,Germany,Student,Married,6.92,1.94,2.24,0.79,0.12,Twitter,9.06,PC,72.7,50GB,5,Moderate,6,4.2,1,4,1.09,9126.38,69.45,5,Short Videos,Entertainment,Amazon Prime,0.2,0.25
63,Male,India,Retired,Single,2.54,1.0,1.36,5.71,0.88,Twitter,8.23,PC,94.9,50GB,5,High,6,5.11,7,8,0.14,5329.01,100.72,3,Short Videos,News,YouTube,2.35,0.52
36,Male,UK,Retired,Widowed,4.8,4.95,4.03,5.62,1.2,YouTube,4.27,Tablet,95.99,10GB,7,Moderate,1,4.8,6,5,1.81,8566.18,86.72,1,Short Videos,Entertainment,Netflix,2.4,0.04
25,Other,Australia,Unemployed,Divorced,7.26,4.31,4.8,5.32,3.19,Instagram,9.61,Tablet,23.84,50GB,2,High,4,9.0,2,8,0.5,616.54,354.45,5,Short Videos,Entertainment,YouTube,1.97,0.61
16,Female,USA,Retired,Widowed,7.88,1.78,3.45,6.43,2.41,Facebook,7.55,Tablet,47.79,Unlimited,8,Moderate,8,6.02,9,6,2.97,4230.96,346.22,3,News,Entertainment,YouTube,1.63,1.21
21,Female,Australia,Student,Married,2.68,1.6,0.36,0.64,1.35,TikTok,4.06,Tablet,24.81,50GB,5,High,1,6.26,8,4,2.03,8359.23,114.22,4,Movies,News,Amazon Prime,1.96,2.24
40,Female,Canada,Professional,Single,1.36,9.73,2.19,6.76,2.23,YouTube,2.92,PC,50.35,10GB,4,Moderate,2,7.87,8,5,2.48,7973.41,497.5,2,Movies,Entertainment,YouTube,1.48,2.34
30,Other,UK,Unemployed,Divorced,1.92,3.89,2.89,3.34,2.0,Facebook,5.32,Tablet,78.73,50GB,9,Moderate,9,5.11,9,8,0.73,635.7,154.19,4,Movies,News,Spotify,3.95,1.94
56,Female,India,Unemployed,Single,6.33,9.4,4.94,4.56,2.04,TikTok,11.51,Tablet,90.51,10GB,1,High,5,6.17,2,3,1.92,4671.85,49.49,2,Movies,Education,Netflix,2.34,2.09
35,Female,UK,Unemployed,Widowed,7.84,1.48,2.42,6.03,3.75,TikTok,4.4,PC,46.05,10GB,4,Low,6,4.26,8,9,0.77,8878.88,425.95,3,Movies,Networking,Spotify,2.54,0.86
25,Other,India,Student,Single,1.67,2.0,4.07,0.6,4.37,YouTube,6.41,PC,84.82,Unlimited,1,Low,5,7.04,5,9,1.87,9765.22,212.72,2,News,News,YouTube,2.94,1.55
45,Male,Germany,Student,Divorced,6.72,1.78,0.67,2.27,3.25,TikTok,6.59,PC,6.4,10GB,7,High,2,5.3,1,9,0.58,4897.14,326.13,1,News,Networking,YouTube,2.78,1.45
49,Other,India,Student,Single,7.66,4.57,0.87,1.76,0.29,Instagram,6.19,Tablet,33.68,10GB,7,Low,8,8.97,3,7,2.09,6779.67,56.86,0,News,Education,Netflix,0.22,2.03
21,Female,Canada,Unemployed,Single,7.61,7.87,2.95,5.94,4.84,Facebook,9.46,Smartphone,15.68,50GB,8,Low,9,4.43,1,1,1.58,2384.64,266.01,4,News,Education,Netflix,3.14,0.02
21,Male,UK,Unemployed,Single,5.14,6.89,1.0,0.89,3.96,Facebook,3.68,Smartphone,28.52,Unlimited,3,High,5,4.46,5,9,2.6,7034.15,98.62,5,Series,Entertainment,Spotify,1.91,0.11
14,Female,UK,Retired,Single,7.68,2.52,0.85,4.95,1.72,Twitter,8.15,Smartphone,31.29,10GB,9,High,8,6.44,6,4,0.04,1651.0,97.15,2,Movies,Networking,YouTube,2.95,1.74
51,Female,Australia,Student,Single,4.8,8.26,4.88,2.58,3.48,YouTube,7.82,Tablet,13.96,50GB,3,High,7,5.12,4,4,2.02,9792.03,300.83,3,Movies,News,YouTube,1.11,1.63
47,Other,USA,Unemployed,Married,6.07,3.17,2.66,4.8,0.89,YouTube,7.44,PC,34.47,50GB,7,High,8,7.3,1,3,0.26,6750.19,47.68,5,Short Videos,News,Amazon Prime,3.97,2.65
37,Male,USA,Unemployed,Widowed,3.24,5.35,0.34,5.66,0.54,Instagram,10.89,Tablet,42.61,50GB,8,Low,1,8.05,6,9,2.15,2182.46,34.89,1,News,Networking,YouTube,2.35,1.38
56,Male,Germany,Professional,Single,7.01,6.62,2.06,1.58,3.99,YouTube,5.9,Tablet,34.59,10GB,6,Low,5,5.68,7,4,2.38,7094.56,443.67,5,Series,Entertainment,Spotify,1.98,2.45
54,Female,Australia,Professional,Married,6.37,9.94,1.13,3.04,3.82,Twitter,9.09,Smartphone,65.58,Unlimited,5,Moderate,3,4.39,2,4,2.6,3981.81,328.06,1,Movies,Entertainment,Netflix,1.9,0.95
43,Other,Australia,Retired,Divorced,0.66,5.25,0.64,1.43,0.95,Twitter,11.53,Smartphone,13.03,10GB,1,Low,7,7.64,5,4,0.73,8709.85,304.93,0,Series,Networking,Netflix,3.72,1.73
58,Female,UK,Retired,Widowed,7.24,4.83,1.87,3.28,4.65,Instagram,4.18,Smartphone,96.64,50GB,8,High,6,5.21,2,8,2.58,2838.25,196.63,4,Movies,Networking,YouTube,3.4,1.32
23,Other,Australia,Professional,Divorced,7.84,6.4,1.67,6.23,1.95,Facebook,2.93,Tablet,48.06,Unlimited,3,Moderate,2,8.27,9,1,2.42,2338.77,26.52,2,Short Videos,Entertainment,Amazon Prime,1.07,2.67
18,Other,Canada,Retired,Married,6.73,6.57,3.88,5.71,1.08,Facebook,9.48,Smartphone,26.4,Unlimited,2,Moderate,7,8.62,7,2,2.95,7503.06,348.81,3,Series,Entertainment,Amazon Prime,1.33,0.79
27,Other,Germany,Professional,Married,7.79,6.55,0.56,6.81,3.77,Instagram,6.38,PC,48.26,50GB,4,High,2,4.49,5,4,0.24,7293.31,390.23,5,Movies,News,Spotify,1.41,2.26
15,Other,India,Student,Married,6.91,6.33,3.81,5.65,4.81,YouTube,5.57,Tablet,54.09,Unlimited,5,Low,4,5.91,9,1,2.0,8850.71,11.02,1,Short Videos,Networking,Netflix,1.92,1.43
40,Other,Germany,Student,Married,7.84,7.64,0.89,6.33,2.64,Instagram,9.99,Smartphone,84.49,10GB,5,Low,3,4.95,5,3,0.69,4006.84,47.98,0,Movies,News,Netflix,3.22,0.06
61,Male,USA,Professional,Divorced,5.36,9.75,4.55,6.89,3.41,TikTok,6.75,Tablet,59.38,Unlimited,5,Moderate,1,6.18,1,7,2.76,8202.75,155.41,4,Short Videos,Networking,Amazon Prime,2.65,2.66
15,Other,USA,Professional,Widowed,5.68,8.98,3.66,3.42,3.42,TikTok,11.33,PC,78.04,10GB,4,High,7,5.34,3,6,0.72,5484.78,209.97,4,Series,News,Spotify,3.86,0.33
19,Female,USA,Student,Single,5.24,2.48,2.58,6.44,2.83,TikTok,3.66,Tablet,25.73,50GB,8,Moderate,8,5.91,6,2,1.62,7520.07,141.11,5,Short Videos,News,Spotify,2.76,0.97
36,Male,USA,Retired,Divorced,6.93,4.57,1.85,6.61,2.1,Facebook,3.8,Tablet,61.81,10GB,2,High,5,8.7,5,7,2.87,6697.34,82.22,4,Series,Education,Amazon Prime,0.14,0.97
61,Male,UK,Student,Widowed,6.98,9.92,2.49,1.66,4.91,TikTok,3.9,PC,47.22,10GB,8,Low,9,4.02,4,3,0.64,7738.32,317.6,2,Short Videos,Entertainment,Amazon Prime,0.23,0.18
29,Male,Canada,Unemployed,Widowed,4.05,2.68,2.07,5.42,0.96,Twitter,8.95,Smartphone,54.3,50GB,3,High,2,7.33,3,6,1.49,8359.71,124.78,2,News,Entertainment,Netflix,2.53,2.79
39,Male,Australia,Professional,Widowed,6.57,2.48,3.73,1.52,2.21,Instagram,3.39,Smartphone,82.92,50GB,4,Moderate,6,5.06,3,9,0.84,5613.07,426.16,0,Series,Entertainment,YouTube,3.21,1.57
15,Female,Australia,Retired,Single,5.48,2.32,2.66,5.67,1.27,Twitter,6.56,PC,43.81,50GB,2,Low,1,8.76,5,7,1.28,3244.28,99.11,1,Series,Education,YouTube,2.26,1.13
20,Male,Germany,Unemployed,Single,5.06,7.83,1.4,4.84,4.85,Instagram,6.54,PC,98.34,10GB,2,Low,5,7.21,1,2,0.44,1826.92,259.02,3,News,Education,Spotify,2.54,1.4
64,Male,Australia,Retired,Divorced,4.4,5.24,2.24,1.6,4.11,Facebook,7.19,PC,82.95,10GB,1,Low,2,5.26,4,3,0.2,4428.05,384.92,0,News,Networking,Amazon Prime,0.44,1.94
63,Other,Canada,Student,Married,2.2,7.09,0.42,0.54,4.11,Instagram,10.18,Smartphone,13.01,10GB,4,High,3,4.32,4,1,1.88,8512.27,92.97,1,News,Entertainment,YouTube,2.61,0.73
13,Other,India,Professional,Widowed,6.11,0.98,3.01,6.05,0.71,TikTok,5.49,Smartphone,36.75,50GB,9,Low,9,5.72,7,7,0.61,7260.25,446.55,4,Series,Entertainment,YouTube,2.56,1.19
62,Male,UK,Unemployed,Widowed,1.38,0.54,0.54,1.39,4.74,Twitter,9.65,Smartphone,52.53,10GB,5,Low,4,5.99,1,7,2.13,9884.29,86.22,2,Series,Entertainment,Netflix,2.86,0.55
46,Male,USA,Unemployed,Single,1.22,2.79,1.82,6.21,3.08,Facebook,2.4,Smartphone,17.0,Unlimited,5,High,1,5.67,6,8,2.36,2513.0,440.57,3,Series,Networking,Netflix,2.67,0.18
58,Male,Canada,Unemployed,Divorced,2.39,8.1,2.44,1.88,4.54,Facebook,10.2,Tablet,31.24,10GB,6,Moderate,3,8.08,5,2,0.19,8509.43,237.19,0,News,Entertainment,YouTube,0.18,2.57
36,Male,Australia,Retired,Single,1.51,4.5,3.79,5.12,3.05,YouTube,4.08,Smartphone,54.28,10GB,3,Low,9,8.94,7,1,2.25,1922.81,430.02,1,News,News,Amazon Prime,0.48,2.56
39,Female,Canada,Unemployed,Married,2.14,8.06,2.23,1.44,3.25,Instagram,8.12,Tablet,98.61,50GB,1,Low,9,6.13,8,9,2.7,8593.36,269.1,3,Series,Entertainment,Amazon Prime,2.95,0.54
38,Female,Australia,Unemployed,Single,0.81,2.44,2.69,4.03,4.23,YouTube,6.37,PC,65.92,50GB,2,Moderate,2,7.55,9,7,0.93,6020.1,383.51,0,News,Entertainment,YouTube,3.95,1.0
47,Male,Canada,Student,Widowed,7.64,8.94,3.69,5.94,4.55,TikTok,9.34,Smartphone,71.76,Unlimited,7,Low,4,7.85,5,3,0.14,4710.5,314.55,2,News,Education,Amazon Prime,2.91,1.23
20,Other,Germany,Professional,Married,3.48,7.73,3.26,3.68,1.66,YouTube,3.94,PC,22.4,Unlimited,4,High,7,5.69,2,6,1.62,7115.24,305.76,5,News,News,Netflix,3.75,1.73
14,Female,India,Unemployed,Married,4.11,2.24,2.0,1.29,4.92,YouTube,7.62,Smartphone,67.75,50GB,5,Low,5,7.67,8,8,1.04,3993.39,230.5,0,Short Videos,News,YouTube,0.77,2.67
29,Male,UK,Professional,Married,6.78,4.6,3.55,0.92,4.35,TikTok,2.04,PC,20.31,50GB,7,High,7,6.63,8,4,0.37,6668.85,452.18,2,Short Videos,Networking,YouTube,3.28,0.93
49,Female,UK,Student,Married,2.02,9.34,1.54,3.74,4.95,Twitter,11.3,Tablet,28.11,Unlimited,8,Low,4,6.14,8,6,0.36,2673.82,489.85,0,Short Videos,Networking,YouTube,2.96,1.91
23,Other,Canada,Professional,Single,4.19,4.2,4.79,1.39,1.73,Facebook,10.11,Tablet,35.33,Unlimited,8,Low,6,7.29,9,4,2.82,6718.5,490.49,1,Series,Entertainment,Spotify,3.42,2.77
48,Other,Australia,Professional,Divorced,6.11,2.42,1.16,4.53,1.07,Twitter,7.46,Smartphone,90.61,10GB,4,High,6,4.85,2,5,0.7,1656.82,116.04,5,Series,Entertainment,Spotify,0.85,0.37
63,Male,Canada,Professional,Married,6.0,8.69,2.14,1.39,3.05,YouTube,3.79,Smartphone,48.62,50GB,5,Low,8,4.82,3,7,0.98,8741.68,189.98,2,News,Entertainment,Amazon Prime,1.32,0.67
17,Other,India,Student,Divorced,3.61,7.3,0.71,6.59,2.11,YouTube,11.37,Smartphone,68.19,50GB,9,Low,1,6.69,6,8,2.34,4931.05,166.71,1,News,Networking,Netflix,1.61,2.88
47,Female,Germany,Student,Married,1.28,3.27,1.14,6.78,0.12,Facebook,11.59,Tablet,44.85,Unlimited,4,Moderate,2,8.62,7,1,0.3,5970.49,379.69,1,News,News,Spotify,2.53,1.24
36,Other,USA,Professional,Married,3.12,9.73,2.06,6.14,0.44,YouTube,5.82,PC,35.37,Unlimited,6,Low,3,8.04,9,4,2.42,5732.39,54.05,1,Series,News,Spotify,2.57,1.02
58,Other,Australia,Unemployed,Married,6.12,6.49,3.42,3.35,1.04,Twitter,6.45,PC,63.64,10GB,2,High,8,8.06,4,7,1.71,8413.81,324.76,3,Series,Education,YouTube,1.91,0.85
22,Male,Canada,Unemployed,Divorced,5.44,6.2,3.57,2.49,4.94,Instagram,5.98,Tablet,66.78,10GB,3,Low,2,6.18,5,4,1.57,1617.38,395.97,4,Short Videos,News,Amazon Prime,1.55,0.85
49,Male,USA,Unemployed,Divorced,5.03,2.0,1.05,1.88,1.83,YouTube,11.68,Tablet,47.28,50GB,1,Low,1,6.62,5,5,2.88,7566.47,325.1,1,News,Entertainment,Spotify,0.52,2.01
56,Male,Canada,Retired,Married,6.72,9.76,1.19,0.56,2.89,Twitter,3.49,PC,39.3,50GB,1,Moderate,4,6.4,4,1,0.6,8178.03,419.19,2,News,Networking,Spotify,2.0,1.94
62,Male,UK,Retired,Divorced,7.47,9.72,2.59,6.85,2.86,YouTube,10.7,PC,73.22,50GB,8,Low,5,5.72,6,7,2.59,8893.81,63.62,5,Series,Education,Spotify,3.75,2.52
48,Female,Canada,Student,Married,7.58,3.76,2.15,2.28,1.28,TikTok,2.21,Tablet,40.35,50GB,7,High,7,5.3,4,6,2.32,8210.23,473.09,2,Short Videos,Entertainment,Spotify,3.59,0.36
38,Female,USA,Student,Single,7.54,4.82,3.59,6.97,2.31,Twitter,4.05,Tablet,47.96,10GB,9,High,9,5.21,9,9,0.26,8271.28,180.98,2,Movies,News,Spotify,0.14,2.82
45,Male,UK,Retired,Widowed,0.85,4.33,2.54,5.77,1.5,Instagram,9.89,Tablet,12.67,50GB,5,High,9,6.11,5,2,2.86,4089.43,88.31,1,Movies,Education,Amazon Prime,0.34,2.86
58,Male,UK,Retired,Married,6.87,3.28,1.11,2.6,2.54,Instagram,4.98,Tablet,16.55,Unlimited,2,High,8,7.08,4,6,1.82,7823.64,278.66,3,Series,Networking,Netflix,3.32,0.9
42,Male,Australia,Unemployed,Single,5.15,3.18,0.46,4.93,0.66,Twitter,8.38,Smartphone,43.47,50GB,9,High,7,6.58,2,6,1.87,7818.06,94.65,5,Movies,Education,Amazon Prime,0.47,1.85
14,Male,Australia,Professional,Married,2.08,1.96,4.36,6.18,0.65,Instagram,3.9,Smartphone,89.5,10GB,1,High,5,7.97,6,8,2.42,9414.49,316.61,2,Series,Education,Netflix,3.7,0.96
61,Other,Canada,Student,Widowed,6.69,7.77,3.03,1.24,1.8,Facebook,4.12,PC,91.6,Unlimited,9,High,8,7.54,8,7,2.31,5008.18,115.58,0,Movies,News,Netflix,2.43,2.8
48,Female,UK,Student,Single,7.71,4.7,0.73,1.49,1.32,Facebook,11.36,PC,45.86,Unlimited,1,High,4,7.21,8,1,2.42,4952.37,208.5,5,Short Videos,Entertainment,Netflix,0.28,2.76
48,Female,Canada,Unemployed,Widowed,7.98,1.51,3.06,1.77,1.05,Instagram,7.74,Smartphone,36.83,50GB,5,Low,5,4.98,3,5,1.52,4849.98,223.21,5,Movies,Networking,Amazon Prime,2.05,2.34
24,Other,Germany,Student,Widowed,6.55,8.77,3.5,4.83,2.63,Facebook,5.54,Tablet,66.78,Unlimited,9,Low,4,4.42,1,4,0.3,5232.78,204.61,0,Series,Entertainment,YouTube,1.18,2.04
47,Female,Germany,Retired,Single,4.16,7.22,1.75,5.59,0.27,Twitter,10.11,PC,47.95,10GB,2,Low,8,6.85,3,9,2.73,8034.82,280.49,5,Short Videos,Education,Netflix,1.71,0.62
33,Male,UK,Professional,Married,3.04,5.46,3.03,7.0,0.19,Twitter,9.08,Tablet,27.05,10GB,7,High,8,8.74,9,8,2.57,7303.3,254.79,4,Short Videos,Education,Spotify,0.96,0.73
46,Other,UK,Student,Divorced,6.53,3.95,2.42,6.43,4.85,TikTok,3.44,PC,73.35,50GB,1,High,3,8.01,9,9,2.7,8359.16,324.06,5,Movies,Networking,Netflix,0.27,1.33
18,Male,USA,Student,Widowed,2.55,4.38,3.44,1.89,3.07,TikTok,6.84,Smartphone,30.37,10GB,7,Low,6,5.22,6,3,1.13,9424.56,73.87,3,Series,Entertainment,Netflix,1.61,1.7
47,Male,India,Unemployed,Single,5.19,1.21,4.65,6.87,3.28,Twitter,7.41,Smartphone,49.5,10GB,9,High,3,4.53,7,3,1.65,9142.38,89.52,3,Series,Education,Netflix,0.61,1.96
64,Female,Canada,Unemployed,Widowed,5.14,7.95,4.94,1.11,3.38,TikTok,4.04,Smartphone,9.7,10GB,8,Low,4,4.94,7,7,0.1,8257.71,350.5,3,Series,News,Amazon Prime,2.78,1.14
15,Male,USA,Student,Married,6.25,7.83,4.25,6.23,4.56,TikTok,3.94,Smartphone,69.83,10GB,1,Low,7,5.09,6,9,2.63,2193.52,469.38,1,Series,Networking,Spotify,0.19,1.9
63,Female,USA,Unemployed,Married,5.48,9.02,3.53,2.23,2.04,Instagram,4.75,Tablet,22.81,50GB,1,Moderate,6,8.6,3,5,0.45,8244.12,422.67,3,Series,Networking,Spotify,1.5,0.15
34,Other,UK,Retired,Single,6.64,6.19,3.41,5.44,2.01,TikTok,6.78,Smartphone,42.14,Unlimited,5,Low,8,4.53,2,2,1.18,1251.45,305.59,5,Movies,Education,Amazon Prime,3.14,0.61
58,Female,UK,Student,Widowed,0.91,3.29,2.2,5.61,3.25,Facebook,8.33,PC,30.96,10GB,4,High,1,8.9,2,2,1.13,4020.13,323.64,3,News,Networking,Netflix,2.83,2.58
53,Female,Canada,Unemployed,Widowed,3.85,4.01,0.24,5.92,2.35,Instagram,5.48,Tablet,50.25,10GB,3,Moderate,7,4.19,6,8,2.87,972.42,437.47,2,News,Networking,YouTube,1.87,1.01
42,Female,Canada,Retired,Married,7.56,2.7,0.67,5.95,2.72,YouTube,10.77,Tablet,51.02,Unlimited,9,Moderate,8,4.09,5,5,0.1,5358.55,352.35,1,Short Videos,Entertainment,Netflix,2.11,2.3
51,Female,Germany,Unemployed,Widowed,1.59,3.14,3.76,3.05,2.32,TikTok,5.25,Tablet,86.51,50GB,8,Moderate,4,8.96,6,9,1.75,1664.03,4.57,3,News,Networking,Spotify,2.75,1.61
58,Female,Germany,Professional,Divorced,3.27,4.19,1.41,3.25,0.15,Facebook,2.51,Tablet,62.1,50GB,5,High,8,5.09,2,6,0.87,1664.45,16.14,1,Movies,Networking,Netflix,2.35,1.94
34,Other,Canada,Retired,Married,0.96,6.46,0.4,6.4,3.59,Twitter,6.62,Smartphone,16.7,10GB,8,Moderate,4,8.53,9,3,1.88,6213.86,265.63,2,News,Networking,Amazon Prime,3.76,2.76
30,Female,India,Student,Married,3.86,2.67,3.51,6.45,3.13,YouTube,12.0,Tablet,35.7,10GB,6,Low,1,4.52,4,3,0.79,6586.45,301.81,2,News,Education,YouTube,0.43,0.8
47,Other,USA,Professional,Widowed,7.63,9.65,4.7,6.16,4.63,TikTok,7.17,PC,88.64,Unlimited,7,High,6,6.85,1,2,2.89,5767.58,306.3,2,Series,Education,Spotify,0.07,0.03
55,Male,UK,Unemployed,Divorced,1.81,2.41,1.42,2.19,2.2,Facebook,7.92,Tablet,26.27,Unlimited,6,High,9,4.57,3,4,2.67,7073.5,11.69,4,Movies,Networking,YouTube,2.87,1.53
52,Male,India,Professional,Widowed,4.71,9.97,3.22,1.34,1.08,Instagram,5.11,Smartphone,24.62,10GB,8,High,2,7.51,8,4,2.47,5409.62,158.34,5,Series,Entertainment,Netflix,3.81,2.95
54,Male,USA,Retired,Divorced,6.29,7.29,3.42,4.68,2.91,Twitter,7.04,Tablet,73.3,50GB,8,High,3,4.12,4,6,2.95,8214.51,432.15,3,Series,Education,Amazon Prime,2.18,0.67
35,Female,India,Retired,Divorced,6.25,9.16,0.97,0.7,0.59,Instagram,8.55,Smartphone,93.7,10GB,5,High,9,5.97,9,2,2.46,4598.6,467.8,3,Short Videos,Entertainment,YouTube,3.05,1.14
55,Female,USA,Student,Widowed,1.24,9.99,4.37,1.42,0.84,Instagram,11.27,Smartphone,44.79,10GB,2,High,5,5.06,5,4,2.69,2434.3,297.02,2,News,Networking,Netflix,1.27,1.31
19,Female,UK,Unemployed,Widowed,5.05,8.79,1.65,4.18,1.11,Instagram,6.45,Smartphone,88.4,10GB,5,Moderate,9,4.21,8,3,1.96,5335.47,393.77,2,Series,Education,Netflix,1.96,1.87
41,Other,India,Student,Widowed,2.2,0.96,0.89,6.56,1.23,Facebook,11.63,Smartphone,33.49,10GB,3,High,7,8.14,6,9,0.88,747.33,371.51,5,News,News,Amazon Prime,0.99,2.67
13,Male,India,Student,Widowed,1.44,3.55,2.83,6.46,0.69,Twitter,2.74,Tablet,80.31,50GB,6,Moderate,6,8.01,2,1,1.07,6553.23,423.64,0,Series,News,Amazon Prime,2.62,1.16
29,Female,India,Student,Married,1.17,6.4,0.86,1.95,2.77,Facebook,2.32,Tablet,7.04,10GB,5,Low,3,7.88,8,7,1.15,8792.68,337.24,0,Movies,Entertainment,YouTube,0.44,1.99
32,Male,Australia,Professional,Single,5.75,2.18,3.31,4.03,3.59,Instagram,11.87,Tablet,18.22,50GB,7,Low,8,7.17,6,8,2.93,1612.42,22.77,2,Movies,News,YouTube,2.07,2.02
33,Female,India,Professional,Divorced,6.61,1.45,0.9,6.55,4.82,Twitter,4.62,PC,88.97,Unlimited,5,Moderate,3,7.23,9,7,0.93,6747.36,363.5,4,Movies,Networking,Netflix,2.11,0.53
49,Other,UK,Student,Single,4.06,0.56,0.31,2.74,3.75,Twitter,8.56,Smartphone,59.1,50GB,3,Low,4,4.19,9,7,0.6,6503.62,236.77,5,Short Videos,Entertainment,Spotify,3.93,0.94
33,Other,India,Retired,Divorced,1.3,4.5,1.36,1.74,4.69,Instagram,4.96,PC,22.09,10GB,3,Moderate,2,6.86,4,4,0.54,5994.07,153.96,0,Short Videos,Entertainment,Amazon Prime,0.6,0.28
36,Female,Canada,Unemployed,Married,6.05,4.23,4.07,4.57,0.55,Twitter,2.64,PC,54.1,Unlimited,7,Moderate,2,4.38,2,8,0.27,7406.12,495.37,0,Series,Education,Netflix,3.77,2.68
25,Male,Germany,Student,Divorced,5.06,2.2,2.49,3.88,1.88,Twitter,2.96,Smartphone,30.39,Unlimited,3,High,7,7.14,9,6,2.8,3678.04,72.8,1,Movies,Networking,Netflix,2.01,3.0
32,Other,UK,Unemployed,Widowed,3.66,7.09,4.96,3.21,2.15,YouTube,6.41,PC,11.92,50GB,8,High,3,4.56,5,6,0.58,5524.86,469.79,4,Series,Education,Amazon Prime,2.04,1.35
24,Female,India,Retired,Widowed,6.63,7.79,1.2,0.8,0.86,YouTube,11.27,Smartphone,66.69,Unlimited,6,High,4,6.02,1,9,0.51,2591.72,347.82,5,Short Videos,Entertainment,Netflix,1.57,2.4
16,Female,Australia,Retired,Divorced,4.87,0.51,1.6,6.75,3.29,Instagram,5.16,Smartphone,45.74,50GB,7,Moderate,1,6.61,6,7,0.75,5655.76,434.8,4,Short Videos,Entertainment,Netflix,2.35,1.97
44,Other,Australia,Retired,Single,2.76,6.89,3.21,3.1,3.86,YouTube,4.18,Smartphone,50.88,10GB,9,Low,3,6.94,7,2,2.18,6395.96,89.85,5,Series,News,Netflix,2.2,1.61
47,Female,USA,Professional,Divorced,7.92,7.88,4.63,2.3,0.27,TikTok,8.14,Tablet,94.28,10GB,6,Low,7,6.6,2,7,1.52,6438.12,244.23,1,Series,Education,Amazon Prime,3.86,2.44
45,Other,Australia,Student,Widowed,6.24,1.15,3.39,5.43,1.28,TikTok,5.81,Tablet,38.94,50GB,3,Moderate,6,4.43,4,4,2.19,708.42,20.96,3,Short Videos,News,Spotify,2.34,1.13
37,Other,USA,Unemployed,Married,6.93,5.76,2.87,3.18,3.49,Instagram,5.19,Smartphone,25.14,10GB,3,High,9,7.13,5,5,1.12,8133.44,299.1,0,News,Education,Amazon Prime,3.55,2.74
32,Other,India,Unemployed,Divorced,7.4,2.07,0.43,4.23,2.19,TikTok,6.67,Tablet,85.23,10GB,1,Low,2,7.78,8,4,1.02,3813.69,34.31,0,Series,News,Amazon Prime,2.39,2.37
57,Female,India,Professional,Widowed,1.6,3.65,4.28,3.52,2.15,Instagram,5.79,Smartphone,47.23,10GB,5,Moderate,4,4.99,9,3,2.15,3205.61,304.82,4,Short Videos,News,Netflix,1.33,2.05
39,Other,UK,Retired,Widowed,2.93,5.97,1.01,6.14,2.07,Twitter,6.71,Tablet,58.77,10GB,2,Moderate,5,8.79,5,3,1.73,1891.67,415.31,3,Short Videos,News,Amazon Prime,0.71,2.18
37,Other,UK,Unemployed,Married,3.61,0.72,4.82,2.96,3.49,Twitter,7.33,PC,33.53,Unlimited,5,Moderate,8,6.04,9,5,2.01,6017.48,488.8,3,Movies,Education,YouTube,1.81,0.68
14,Male,India,Retired,Single,0.98,2.66,1.18,0.76,2.34,TikTok,3.8,Tablet,74.73,Unlimited,4,High,1,7.33,9,5,1.07,7894.76,74.47,5,Short Videos,Education,Amazon Prime,3.99,2.98
30,Male,Canada,Professional,Single,1.92,1.51,3.76,2.32,2.7,TikTok,4.05,PC,34.38,50GB,5,Moderate,7,8.15,2,3,2.14,2571.56,306.26,5,Series,Education,Spotify,0.33,2.05
32,Female,India,Unemployed,Married,6.98,7.19,2.06,2.81,3.11,Twitter,4.18,Smartphone,89.8,50GB,8,Low,4,4.43,3,2,0.07,5518.23,55.62,2,Movies,Entertainment,Netflix,3.79,0.76
33,Male,Australia,Retired,Married,7.45,0.78,4.26,4.1,4.75,Twitter,6.57,Smartphone,99.4,10GB,7,Low,5,4.95,8,9,1.2,3000.98,294.16,1,Series,News,Spotify,0.68,1.49
43,Female,Australia,Student,Divorced,7.43,7.29,1.63,0.99,1.56,Facebook,5.53,PC,45.62,10GB,7,Moderate,7,7.93,6,6,0.09,4810.64,45.16,3,News,Entertainment,Spotify,1.83,0.96
40,Female,USA,Student,Single,0.51,6.13,4.83,0.73,4.46,Instagram,3.03,PC,14.94,50GB,3,Low,8,8.21,3,9,1.11,929.21,266.88,2,Series,News,Spotify,2.19,2.96
44,Female,UK,Retired,Widowed,1.68,7.39,4.81,3.42,2.8,Twitter,7.51,Tablet,99.45,50GB,8,High,8,7.35,3,6,2.1,9471.59,103.3,5,Movies,News,YouTube,2.07,1.43
52,Female,Canada,Student,Single,7.07,1.65,4.06,0.68,0.76,Facebook,11.57,Smartphone,6.43,Unlimited,3,Moderate,3,6.72,8,1,2.72,5725.83,99.18,1,Series,Education,YouTube,2.47,1.5
55,Other,Germany,Unemployed,Divorced,7.33,7.84,4.2,1.43,1.91,YouTube,8.53,PC,10.47,50GB,5,High,7,8.95,5,4,2.08,4545.21,87.27,4,Movies,Education,Netflix,3.24,2.04
50,Other,Australia,Professional,Single,0.61,9.32,4.83,6.88,4.52,YouTube,2.43,Smartphone,98.21,10GB,5,Moderate,2,4.09,5,5,2.55,4288.39,345.28,0,Series,Networking,Spotify,3.38,1.22
62,Male,Canada,Unemployed,Widowed,0.56,6.3,1.18,0.59,1.92,Facebook,9.2,PC,70.7,10GB,5,Low,3,4.0,6,6,1.68,1901.45,397.31,1,Movies,Entertainment,Spotify,3.96,0.66
13,Male,UK,Retired,Single,2.34,7.12,1.8,1.92,4.45,TikTok,2.28,PC,65.98,10GB,2,Low,9,8.18,5,7,2.97,4524.65,80.37,2,Movies,Networking,YouTube,1.54,2.05
23,Other,UK,Professional,Divorced,2.81,7.08,0.56,2.94,2.83,YouTube,7.37,Smartphone,70.39,10GB,5,Low,3,5.92,6,7,2.06,5060.03,208.74,4,Movies,News,Spotify,0.49,1.22
13,Male,India,Student,Married,5.9,8.94,2.12,3.06,2.85,TikTok,7.54,Smartphone,15.1,Unlimited,2,High,6,6.02,6,7,2.73,9562.44,101.18,1,Movies,Education,YouTube,0.13,2.18
46,Other,UK,Unemployed,Single,6.79,2.5,4.7,3.59,3.08,Twitter,5.78,PC,47.72,10GB,3,Low,2,6.91,1,1,0.82,5224.51,28.14,5,Movies,Entertainment,YouTube,3.57,2.06
59,Other,USA,Professional,Married,6.58,9.72,0.54,3.56,4.73,Twitter,11.35,Smartphone,25.49,Unlimited,9,Moderate,8,4.02,4,2,2.25,9862.25,412.11,0,News,News,Netflix,0.85,1.19
25,Female,UK,Professional,Widowed,2.89,9.57,0.55,5.92,2.29,Facebook,8.31,PC,78.02,10GB,4,High,6,8.6,9,2,1.03,9526.09,417.04,4,Short Videos,News,Amazon Prime,2.55,1.06
61,Other,Australia,Professional,Married,2.68,7.88,2.69,4.0,1.02,YouTube,9.65,Tablet,18.34,50GB,1,Moderate,3,6.97,5,5,0.81,1023.66,402.54,3,News,Education,Spotify,3.88,2.25
16,Other,India,Professional,Single,1.88,1.0,4.29,1.54,0.41,Facebook,8.29,PC,79.12,Unlimited,8,Low,6,4.12,5,7,1.56,4187.96,77.45,4,Series,Entertainment,YouTube,0.9,2.62
61,Other,Germany,Unemployed,Single,7.7,3.29,1.53,4.2,1.31,Twitter,5.03,Tablet,36.83,Unlimited,2,Moderate,6,4.34,7,4,1.52,4979.85,278.12,1,News,Education,Amazon Prime,3.88,1.5
31,Female,Germany,Student,Divorced,2.27,9.6,4.67,2.85,1.03,TikTok,4.4,PC,43.12,10GB,6,High,8,5.61,5,5,0.77,9049.05,387.6,5,Short Videos,Education,YouTube,3.37,1.06
18,Female,Canada,Student,Divorced,7.2,2.01,3.28,3.1,1.11,Twitter,8.19,Smartphone,52.91,Unlimited,4,Low,7,8.07,8,4,1.14,7220.35,274.83,2,Short Videos,Education,Amazon Prime,0.0,1.52
38,Female,Germany,Unemployed,Divorced,6.44,3.47,0.92,3.6,2.86,YouTube,5.69,Smartphone,67.91,Unlimited,9,Moderate,8,5.42,5,5,2.51,7317.88,91.76,5,Short Videos,Education,Amazon Prime,0.04,2.8
26,Female,UK,Unemployed,Single,7.47,7.26,4.63,1.78,1.08,Twitter,4.35,Smartphone,16.92,10GB,3,High,9,5.46,7,7,0.22,6616.01,113.05,5,Short Videos,Entertainment,YouTube,3.95,1.3
27,Male,Germany,Unemployed,Divorced,5.51,3.39,2.94,2.83,4.3,Twitter,4.76,Tablet,76.38,50GB,5,High,3,5.95,7,1,1.04,8998.37,153.03,5,Short Videos,Networking,YouTube,0.73,0.21
28,Male,Australia,Retired,Divorced,5.29,9.94,2.1,6.44,2.17,YouTube,9.58,Tablet,18.49,50GB,9,Low,3,5.27,1,6,2.4,8620.6,266.21,0,Short Videos,Education,Spotify,1.27,0.79
54,Other,Germany,Professional,Married,1.33,6.86,0.85,2.28,1.43,YouTube,2.65,Tablet,19.65,50GB,1,High,9,6.74,2,1,2.26,4191.05,179.79,4,Short Videos,News,Amazon Prime,0.26,2.15
41,Female,UK,Retired,Widowed,3.24,7.7,2.07,3.2,2.82,Instagram,7.52,Tablet,72.2,50GB,4,Low,8,7.34,2,6,0.76,3718.85,425.53,2,Movies,News,YouTube,2.43,2.41
29,Female,USA,Unemployed,Married,7.42,7.72,3.91,2.07,3.24,YouTube,7.65,Tablet,74.33,Unlimited,9,Moderate,9,7.74,2,4,0.84,9780.63,395.6,0,News,Networking,Amazon Prime,1.41,0.86
44,Male,India,Retired,Divorced,2.47,8.57,0.95,2.07,4.09,TikTok,6.16,PC,5.86,10GB,3,Moderate,9,4.17,9,3,1.0,6718.04,254.06,3,Series,Entertainment,Amazon Prime,0.96,1.18
50,Male,UK,Professional,Widowed,3.91,5.58,2.64,6.8,2.61,Facebook,7.37,Smartphone,33.93,Unlimited,3,Moderate,6,8.82,7,2,0.29,3362.7,305.2,0,Series,Entertainment,Spotify,3.59,2.06
27,Other,Canada,Unemployed,Divorced,6.05,6.02,0.53,5.54,2.73,Twitter,10.61,Tablet,62.15,50GB,3,Low,2,8.88,6,7,1.57,4659.31,396.65,4,News,Education,Amazon Prime,1.21,2.98
34,Female,India,Unemployed,Married,3.78,1.36,2.84,2.57,1.34,Instagram,6.72,Smartphone,74.97,50GB,4,Low,2,8.17,6,7,2.72,4024.24,133.65,3,Series,News,YouTube,1.72,1.03
19,Other,India,Retired,Single,0.61,4.62,0.53,4.68,0.4,Instagram,2.77,PC,74.3,10GB,1,Low,4,6.45,9,8,1.18,8094.04,338.32,3,Short Videos,News,Spotify,1.33,0.46
22,Male,Canada,Retired,Married,6.19,9.67,0.28,5.09,1.63,Instagram,11.7,Tablet,41.23,10GB,8,High,7,7.97,6,1,2.96,1722.37,14.72,1,Short Videos,News,Spotify,2.89,2.95
48,Other,Australia,Professional,Divorced,0.99,5.84,2.2,2.8,0.5,Facebook,8.2,Tablet,11.55,10GB,4,Moderate,5,5.96,9,4,2.55,6396.29,62.81,1,Short Videos,Networking,YouTube,2.94,2.71
22,Other,Australia,Unemployed,Widowed,4.69,8.6,4.59,2.85,0.51,Twitter,9.13,Tablet,43.02,10GB,8,High,1,8.58,3,7,1.02,1968.34,373.65,3,News,Entertainment,YouTube,0.76,0.52
40,Male,UK,Retired,Married,6.56,6.17,4.46,0.83,4.95,YouTube,4.42,Smartphone,65.2,Unlimited,8,High,9,6.02,6,5,0.18,4207.89,300.28,1,News,Networking,Netflix,2.71,1.71
49,Other,Germany,Retired,Divorced,4.74,2.88,1.93,6.33,0.43,Instagram,3.46,Tablet,81.87,10GB,7,Moderate,2,8.41,8,6,1.35,5928.64,2.19,1,Movies,Networking,YouTube,2.56,0.59
18,Female,Australia,Unemployed,Widowed,2.37,8.67,2.86,4.93,3.98,Instagram,8.52,Tablet,10.33,10GB,7,High,2,6.67,5,3,2.56,6419.02,312.63,2,Short Videos,Education,Netflix,1.42,1.3
42,Male,Australia,Retired,Widowed,3.93,1.01,1.89,1.16,1.64,TikTok,9.27,PC,10.55,50GB,6,High,9,4.28,5,3,0.34,2693.16,498.69,0,Series,News,YouTube,2.6,1.31
26,Other,India,Unemployed,Divorced,3.19,7.65,1.91,3.33,4.01,Instagram,11.91,PC,14.17,50GB,9,High,3,8.78,6,7,1.69,2518.33,116.12,2,Movies,News,YouTube,0.21,0.75
63,Female,USA,Retired,Single,7.13,1.15,3.91,4.25,3.98,Instagram,10.3,Tablet,28.16,10GB,6,Moderate,7,6.77,1,2,1.61,6376.8,149.43,4,News,Networking,YouTube,0.97,2.24
38,Other,USA,Retired,Married,3.35,0.7,2.57,0.91,3.05,Twitter,7.63,Tablet,99.72,50GB,4,High,2,6.33,6,2,0.38,2513.09,493.2,4,Short Videos,News,Amazon Prime,0.31,0.23
54,Other,USA,Retired,Divorced,6.75,7.45,3.69,6.24,0.29,Instagram,4.24,Smartphone,23.74,Unlimited,8,High,5,4.28,3,5,0.09,3230.91,257.59,0,Series,News,YouTube,0.34,1.49
41,Male,Germany,Student,Single,3.51,3.04,2.24,4.15,1.76,Twitter,3.89,Smartphone,24.82,50GB,3,Low,1,7.82,7,9,0.8,6231.46,334.96,3,Movies,Networking,Amazon Prime,3.38,2.59
15,Male,Australia,Student,Widowed,2.33,7.22,3.38,6.32,2.68,Facebook,9.83,Smartphone,50.67,50GB,3,High,6,5.23,1,8,0.52,8353.87,174.14,3,Series,Entertainment,Netflix,0.08,0.16
45,Female,Germany,Retired,Widowed,7.53,6.89,0.71,3.71,4.59,Facebook,3.21,Smartphone,11.72,50GB,4,Low,7,5.58,8,6,0.57,7517.05,352.73,2,Series,Entertainment,Netflix,3.78,1.1
62,Male,Germany,Professional,Widowed,5.98,2.09,1.61,1.73,0.84,Instagram,10.05,PC,61.86,10GB,5,Low,8,7.33,6,6,1.9,4432.28,123.66,3,Movies,News,Amazon Prime,1.39,0.19
44,Other,Canada,Professional,Widowed,3.14,2.15,1.18,6.2,0.21,Facebook,4.45,Tablet,91.26,Unlimited,7,Low,9,7.95,1,7,1.68,9354.63,216.58,2,News,Education,Spotify,3.22,2.33
55,Female,USA,Student,Single,6.18,6.73,3.82,6.93,4.32,Facebook,8.21,PC,51.07,50GB,8,Moderate,2,7.43,7,3,0.8,4918.93,414.0,4,News,News,YouTube,2.35,1.68
58,Male,Germany,Student,Married,4.7,4.67,1.34,5.46,0.29,Twitter,6.8,Smartphone,97.81,10GB,8,Low,2,5.85,3,2,2.31,3966.73,112.03,3,Movies,News,Amazon Prime,3.75,1.03
24,Female,UK,Professional,Single,3.27,4.44,2.32,3.01,2.6,TikTok,5.29,PC,23.47,10GB,2,Low,2,8.84,5,6,2.36,6369.08,177.73,1,Movies,Networking,Spotify,3.46,1.06
24,Male,India,Professional,Single,3.01,3.59,1.61,2.59,3.6,TikTok,7.01,PC,55.99,Unlimited,6,High,5,7.76,6,7,2.0,2533.06,377.76,0,Series,News,Amazon Prime,3.63,2.4
44,Male,India,Unemployed,Single,3.29,5.58,0.88,6.38,1.4,Facebook,6.55,PC,28.53,10GB,9,Low,6,5.6,6,3,0.71,6641.33,183.69,2,News,Networking,Spotify,0.28,2.13
34,Female,India,Student,Widowed,3.96,4.96,0.87,4.11,2.01,Instagram,10.42,PC,58.89,50GB,3,Moderate,4,8.85,3,4,2.67,1774.76,147.37,2,Short Videos,Entertainment,Spotify,1.66,0.61
56,Other,UK,Professional,Widowed,5.46,7.64,1.07,1.33,3.45,TikTok,8.65,Smartphone,71.71,Unlimited,9,High,3,8.07,1,4,1.51,1083.36,176.42,3,Series,Networking,Spotify,3.25,0.33
59,Female,Australia,Retired,Divorced,7.7,0.56,2.58,1.06,4.65,Facebook,3.77,Tablet,24.84,50GB,6,High,8,5.96,1,2,0.51,7220.74,418.12,1,Movies,Entertainment,YouTube,0.47,1.2
31,Female,USA,Retired,Widowed,5.56,5.72,1.73,0.72,2.48,Facebook,11.41,PC,51.34,Unlimited,1,High,2,6.8,7,9,1.13,6477.37,1.67,2,Series,News,YouTube,3.76,1.89
25,Female,Australia,Professional,Single,2.74,6.15,2.33,4.38,2.92,Twitter,7.53,Smartphone,67.0,Unlimited,7,High,9,6.16,4,8,0.49,4878.29,216.37,1,Short Videos,Networking,Spotify,2.16,2.77
53,Other,UK,Retired,Married,3.8,6.5,3.46,5.34,2.33,Twitter,5.68,Tablet,46.73,50GB,1,High,8,8.21,3,2,0.93,7538.97,52.58,1,Series,News,Spotify,1.99,1.05
27,Female,Australia,Unemployed,Divorced,6.03,8.65,4.43,4.38,3.99,YouTube,6.79,PC,45.43,Unlimited,1,High,5,7.34,4,3,0.29,1511.01,300.53,5,Short Videos,Networking,Netflix,3.91,2.53
55,Female,USA,Retired,Widowed,0.72,7.67,3.95,6.19,4.94,TikTok,5.7,Smartphone,98.36,50GB,5,High,8,7.47,8,4,0.62,8225.67,300.5,1,Series,Entertainment,Amazon Prime,1.02,2.87
35,Other,Australia,Student,Single,5.66,9.81,2.37,6.89,4.42,Instagram,6.11,Tablet,42.16,Unlimited,5,Low,7,7.47,1,8,2.71,8307.77,260.53,5,Movies,Entertainment,Netflix,0.58,1.98
47,Other,Australia,Professional,Single,2.37,2.86,3.19,3.95,0.79,Twitter,6.58,Tablet,12.24,10GB,6,Low,8,7.1,4,9,1.38,9461.62,110.32,2,Movies,Entertainment,Netflix,2.97,2.45
17,Male,UK,Unemployed,Divorced,6.42,4.44,2.49,2.52,2.31,Instagram,2.08,PC,52.0,50GB,6,High,1,6.37,1,4,2.51,8761.04,115.37,4,Short Videos,Education,Amazon Prime,2.94,1.13
45,Male,Canada,Retired,Single,3.42,2.14,0.75,3.11,0.27,TikTok,7.65,Smartphone,23.37,50GB,9,High,9,8.67,4,6,2.31,9462.14,219.07,3,Short Videos,Entertainment,YouTube,0.5,1.29
36,Other,Canada,Retired,Single,7.55,4.28,0.9,1.99,3.48,Facebook,6.05,Tablet,48.26,50GB,8,Moderate,3,8.58,1,7,1.93,5891.9,44.12,3,Short Videos,News,Netflix,3.88,2.1
43,Other,Germany,Retired,Married,5.88,3.17,2.71,6.15,0.35,TikTok,8.99,PC,62.31,10GB,6,Moderate,2,7.26,5,1,0.37,2696.12,37.81,5,Series,Education,Netflix,0.65,1.7
21,Other,Canada,Unemployed,Single,4.64,3.85,1.61,1.53,1.83,YouTube,4.56,PC,10.45,50GB,2,High,4,6.22,4,2,2.0,5875.3,386.12,0,News,Entertainment,Spotify,3.17,2.28
51,Female,Germany,Retired,Divorced,4.62,9.83,0.99,6.19,0.68,TikTok,5.2,Smartphone,93.23,Unlimited,1,High,4,7.63,4,6,2.34,6441.24,433.8,1,Short Videos,Education,Amazon Prime,1.01,0.51
57,Male,UK,Unemployed,Widowed,7.62,5.94,2.54,2.33,3.31,Instagram,9.96,PC,17.51,Unlimited,5,Moderate,6,5.64,9,8,2.79,8937.56,230.81,2,Movies,Networking,Amazon Prime,2.7,0.07
24,Male,Germany,Retired,Married,4.48,3.0,1.5,2.09,3.31,Facebook,9.45,Tablet,64.53,50GB,9,Low,9,5.82,3,7,0.16,6067.62,354.1,0,Series,Entertainment,Amazon Prime,2.58,0.77
17,Female,USA,Student,Divorced,5.42,2.66,3.54,4.68,1.37,Twitter,7.65,PC,69.74,50GB,2,Moderate,6,7.57,4,1,1.22,3660.08,67.69,4,Series,News,Spotify,0.56,2.59
14,Female,India,Retired,Divorced,7.67,8.85,2.95,2.02,2.13,Instagram,2.16,Smartphone,59.27,50GB,7,Low,6,6.5,8,8,1.59,5197.19,458.49,2,Short Videos,News,Amazon Prime,1.66,1.48
46,Female,USA,Retired,Married,5.96,5.33,0.93,4.54,1.71,Instagram,3.55,PC,45.91,10GB,6,Low,3,4.48,2,7,1.49,6434.86,256.48,3,Short Videos,Entertainment,YouTube,3.2,2.03
44,Male,Canada,Student,Married,3.34,3.95,0.74,0.89,4.54,Facebook,8.67,Smartphone,98.0,Unlimited,3,Low,7,5.97,3,3,1.58,8044.03,89.82,0,Movies,Education,YouTube,3.05,0.93
41,Other,Canada,Student,Single,6.98,4.92,1.77,4.4,1.87,YouTube,7.65,Smartphone,68.41,50GB,7,Moderate,9,6.81,9,7,2.31,1091.35,237.55,1,Short Videos,News,Spotify,2.1,0.47
25,Other,Australia,Unemployed,Divorced,2.47,6.88,0.56,5.92,1.65,TikTok,2.86,Smartphone,85.11,50GB,4,Moderate,1,8.12,8,6,2.9,5651.1,479.26,1,News,Entertainment,Spotify,1.66,0.06
33,Female,USA,Unemployed,Divorced,1.15,9.54,0.57,2.23,0.82,Twitter,3.92,PC,60.73,Unlimited,1,Low,9,8.34,8,6,2.03,2701.81,197.96,4,News,News,Spotify,3.73,1.14
43,Female,Canada,Professional,Widowed,5.21,3.33,4.37,3.93,4.41,Instagram,7.31,Tablet,90.98,10GB,3,Low,8,6.08,6,9,2.92,9102.49,417.28,0,News,Entertainment,Netflix,2.71,1.15
38,Other,USA,Student,Single,6.02,9.46,1.98,5.06,3.4,Twitter,11.67,Tablet,99.89,50GB,4,Low,8,5.77,9,2,1.76,9421.78,389.46,0,News,Networking,Netflix,0.01,2.88
64,Other,UK,Retired,Widowed,1.56,3.43,1.2,6.69,3.45,TikTok,11.16,PC,97.22,10GB,7,Moderate,6,8.76,7,4,0.8,2216.7,455.97,0,News,Networking,YouTube,0.39,2.03
20,Male,Germany,Retired,Single,7.93,6.86,0.73,2.57,2.48,YouTube,6.74,Tablet,35.1,10GB,5,Moderate,3,5.18,5,2,0.2,5732.86,67.11,0,Movies,News,Amazon Prime,1.54,0.21
49,Other,India,Student,Single,7.67,6.52,2.97,5.82,2.44,YouTube,5.07,Smartphone,59.61,10GB,8,Moderate,4,7.47,9,9,0.46,5456.29,385.25,0,Series,Education,Netflix,0.62,0.56
34,Male,UK,Professional,Widowed,3.31,5.25,1.3,5.11,3.14,Twitter,8.98,Smartphone,23.96,Unlimited,5,High,7,4.82,2,4,1.13,5259.82,39.41,5,Movies,Entertainment,YouTube,2.62,2.56
35,Male,USA,Professional,Divorced,7.36,8.32,4.96,5.85,2.53,TikTok,2.51,Tablet,81.85,Unlimited,1,High,9,7.7,4,7,0.02,9364.37,475.8,1,Series,Networking,Spotify,2.53,1.47
50,Male,Australia,Student,Divorced,7.97,2.94,3.19,5.96,4.0,Twitter,4.36,Tablet,13.76,Unlimited,5,High,6,8.72,3,5,2.46,9315.67,111.71,3,Movies,Entertainment,YouTube,2.98,2.83
49,Other,USA,Professional,Married,3.35,8.23,0.58,1.76,3.68,Instagram,11.69,Smartphone,16.24,50GB,3,Moderate,6,7.99,4,2,0.25,6772.43,164.61,1,News,News,Netflix,3.65,1.77
64,Male,Canada,Professional,Married,0.57,5.84,2.41,6.7,4.18,TikTok,3.82,PC,36.79,10GB,7,Low,5,5.72,9,5,2.34,9514.59,88.39,3,Short Videos,Entertainment,Spotify,0.96,1.11
19,Female,India,Student,Divorced,2.18,3.64,0.26,0.91,2.78,Twitter,8.41,Tablet,98.87,50GB,3,High,1,6.08,2,6,2.78,2254.83,30.01,1,Movies,News,Amazon Prime,3.15,1.32
18,Other,UK,Unemployed,Divorced,3.6,7.86,2.57,2.7,4.02,YouTube,4.45,PC,88.16,50GB,5,Moderate,5,6.28,8,7,1.55,1537.91,107.82,4,Series,Networking,Amazon Prime,2.65,0.87
50,Female,Australia,Student,Single,1.7,0.52,0.26,4.17,3.91,Facebook,10.42,PC,6.46,50GB,5,Low,8,7.67,8,2,1.94,6855.56,9.4,1,Short Videos,Entertainment,Netflix,2.31,1.37
43,Other,Canada,Unemployed,Widowed,1.1,4.68,1.54,6.99,1.22,YouTube,7.3,PC,63.16,10GB,5,Moderate,8,6.76,8,3,0.2,6856.74,290.25,1,Short Videos,Education,Netflix,3.5,2.68
27,Female,India,Unemployed,Married,1.74,7.7,1.41,6.36,1.47,Facebook,8.98,PC,14.79,10GB,6,Moderate,7,7.86,6,3,0.52,6188.92,152.28,1,News,Education,Amazon Prime,2.05,2.19
17,Male,UK,Student,Divorced,1.49,3.18,0.22,3.78,1.24,TikTok,8.12,PC,75.19,10GB,7,Low,4,4.95,5,1,0.03,3896.76,171.89,4,Series,Education,Amazon Prime,3.89,2.09
17,Male,Germany,Unemployed,Widowed,3.74,4.01,4.05,3.62,0.47,YouTube,2.93,Smartphone,77.03,50GB,2,Moderate,8,7.53,1,1,0.64,574.18,347.3,4,Short Videos,Entertainment,Netflix,2.38,1.07
59,Other,Germany,Retired,Divorced,1.15,5.0,4.31,2.79,2.25,YouTube,4.63,Tablet,43.31,10GB,4,Low,6,7.06,1,1,0.44,526.34,130.93,3,Movies,Entertainment,Amazon Prime,1.71,0.81
22,Male,Germany,Retired,Single,3.61,0.96,1.83,2.03,3.69,Twitter,4.96,Smartphone,16.48,10GB,5,Low,1,5.36,8,3,1.51,3126.96,162.76,5,Series,Networking,YouTube,3.59,2.07
29,Male,India,Retired,Divorced,4.4,1.05,4.64,0.92,0.39,TikTok,7.08,Smartphone,44.67,50GB,2,Moderate,5,5.59,7,5,0.12,5097.96,201.41,5,Movies,News,Amazon Prime,0.43,0.93
24,Other,Germany,Professional,Single,1.87,7.17,1.03,4.34,3.11,Twitter,6.09,PC,94.44,Unlimited,8,Low,1,4.2,9,4,0.31,6380.48,461.26,4,News,Networking,Amazon Prime,3.23,2.38
31,Female,Canada,Professional,Widowed,2.38,4.96,4.39,4.58,4.59,TikTok,11.56,Tablet,52.1,10GB,2,High,9,7.5,1,7,1.33,7884.17,260.8,3,News,Education,Amazon Prime,3.47,0.19
16,Other,UK,Unemployed,Divorced,0.84,6.58,3.03,5.09,2.29,YouTube,3.08,PC,37.75,Unlimited,7,Low,9,8.33,1,6,2.64,3467.25,493.79,5,Movies,Entertainment,Spotify,0.05,2.4
39,Other,Australia,Professional,Married,2.58,3.58,2.23,1.7,1.19,Instagram,9.02,Smartphone,41.7,50GB,3,High,9,5.22,5,8,2.76,9574.5,477.34,2,Short Videos,Networking,Amazon Prime,3.14,0.23
16,Male,USA,Professional,Single,7.57,5.15,1.76,5.06,1.36,YouTube,9.08,PC,30.32,Unlimited,1,Low,2,5.57,8,1,2.67,1757.7,290.28,1,News,Education,Spotify,3.33,0.61
54,Female,USA,Student,Divorced,4.69,2.59,3.57,6.79,1.99,Twitter,9.73,PC,35.47,10GB,7,Moderate,8,8.53,4,1,0.94,5323.03,205.11,5,Series,Entertainment,Amazon Prime,3.12,1.47
25,Male,Germany,Student,Widowed,4.03,1.51,0.89,4.75,0.34,YouTube,3.11,Tablet,52.83,10GB,3,High,7,6.3,8,8,0.95,5752.43,217.39,1,Series,Entertainment,Spotify,3.96,0.94
41,Other,Canada,Retired,Widowed,3.72,4.71,2.17,1.89,4.92,TikTok,11.36,Tablet,18.3,50GB,1,Moderate,1,5.11,5,1,0.63,2063.86,491.26,0,Short Videos,News,YouTube,0.47,0.37
58,Other,Australia,Retired,Married,2.41,1.01,1.03,0.64,3.94,Instagram,4.29,Smartphone,32.61,10GB,1,Moderate,9,8.3,7,9,2.91,5989.42,26.11,1,Series,Education,Netflix,3.67,1.43
46,Female,UK,Student,Single,7.83,7.22,2.57,3.73,2.45,TikTok,8.36,PC,8.83,50GB,2,Moderate,6,6.71,5,1,2.01,6589.6,165.87,1,Series,News,YouTube,0.46,2.86
40,Female,Australia,Unemployed,Divorced,1.87,7.85,2.16,1.89,1.37,Instagram,2.36,PC,38.61,10GB,4,Low,8,7.35,5,3,2.28,4645.02,10.12,0,Short Videos,Education,Spotify,1.84,2.14
29,Other,India,Unemployed,Divorced,3.54,6.94,2.68,3.84,0.83,TikTok,3.35,Tablet,44.55,10GB,5,Moderate,5,4.33,2,9,1.83,4709.54,299.72,1,Series,Networking,YouTube,0.68,2.49
30,Male,Canada,Retired,Divorced,6.71,0.75,0.26,4.7,3.68,Facebook,8.27,Smartphone,89.4,50GB,2,Moderate,7,7.02,9,4,0.67,1778.15,66.64,4,Short Videos,News,Netflix,3.99,0.3
47,Other,India,Student,Divorced,7.04,2.43,0.91,2.26,1.73,Facebook,7.04,Tablet,42.21,10GB,7,Moderate,3,6.13,7,4,1.51,2698.33,302.81,4,News,Education,Spotify,2.05,0.15
64,Other,India,Professional,Single,2.17,5.54,0.22,2.0,1.38,TikTok,7.36,PC,7.14,Unlimited,5,Moderate,3,5.55,6,4,0.27,3509.5,334.75,3,Short Videos,Education,YouTube,3.42,0.57
47,Male,Canada,Unemployed,Divorced,3.83,1.37,1.42,4.02,2.92,TikTok,11.23,PC,5.55,50GB,5,Low,2,4.2,7,4,0.03,4022.03,298.49,1,Movies,Education,Amazon Prime,0.07,2.87
42,Female,Australia,Retired,Divorced,5.57,5.02,2.08,4.68,1.98,Instagram,3.32,Smartphone,15.06,50GB,4,Low,7,8.76,9,8,1.52,5239.79,57.33,3,Short Videos,Networking,Spotify,0.08,2.86
50,Male,India,Student,Single,3.68,5.87,3.53,2.43,1.33,YouTube,2.26,Smartphone,23.47,Unlimited,4,Moderate,4,4.17,2,1,0.22,4554.06,464.6,3,Short Videos,Entertainment,YouTube,3.62,1.45
37,Female,Germany,Unemployed,Widowed,7.9,0.6,0.43,2.14,3.74,Facebook,3.66,Smartphone,99.92,Unlimited,3,High,7,5.25,5,2,0.35,5456.05,465.95,1,Short Videos,News,YouTube,0.04,0.74
16,Other,Australia,Retired,Divorced,1.65,9.82,3.32,0.67,1.59,Facebook,7.19,Tablet,18.52,10GB,2,High,2,6.69,8,3,1.19,7861.37,107.96,0,Short Videos,Education,YouTube,0.8,0.99
42,Female,Germany,Professional,Married,7.3,0.51,4.22,6.09,3.45,Facebook,3.59,PC,23.45,Unlimited,6,Moderate,9,6.8,9,5,2.68,4336.72,34.78,2,Movies,Entertainment,Amazon Prime,1.6,1.15
62,Female,India,Unemployed,Widowed,6.87,3.51,1.17,6.84,4.95,YouTube,9.62,PC,68.73,50GB,3,Low,7,7.42,2,5,0.53,1099.13,360.81,4,Series,Education,Amazon Prime,2.27,2.5
22,Other,Canada,Student,Single,4.21,9.3,4.0,5.88,0.34,TikTok,4.36,PC,43.23,50GB,7,Low,9,7.6,3,7,0.73,5915.63,275.68,5,Movies,Education,Spotify,1.3,2.26
48,Other,Canada,Professional,Single,4.28,8.67,0.87,6.65,3.68,Facebook,6.94,Smartphone,42.34,Unlimited,4,Moderate,9,5.95,2,9,0.72,4032.93,92.81,0,Movies,News,Spotify,0.37,1.81
23,Male,Germany,Student,Single,0.82,8.45,4.14,1.83,2.55,TikTok,9.81,Tablet,70.17,Unlimited,6,High,8,4.03,4,3,2.89,5322.8,60.65,3,News,Entertainment,Spotify,3.82,2.13
40,Male,UK,Unemployed,Single,4.82,1.68,2.37,4.81,4.86,TikTok,7.47,Tablet,74.13,Unlimited,5,Low,4,7.3,2,1,1.9,5525.9,416.36,1,Series,Entertainment,Spotify,3.58,1.17
18,Female,Germany,Professional,Widowed,1.7,5.87,4.58,3.74,4.83,Twitter,9.44,PC,54.12,10GB,5,Low,5,6.63,1,1,1.63,8858.28,237.94,4,Series,Education,Spotify,1.58,0.92
36,Female,Germany,Professional,Single,6.91,4.14,0.52,1.97,1.34,Twitter,6.21,PC,10.39,50GB,1,Low,3,5.82,7,3,3.0,9032.12,214.01,2,Short Videos,News,YouTube,2.47,0.82
52,Female,Canada,Unemployed,Married,4.13,4.57,1.42,6.67,1.92,TikTok,3.87,PC,99.72,10GB,9,Low,2,8.06,2,9,2.31,4335.81,492.06,3,News,Education,YouTube,3.5,1.98
31,Male,Australia,Retired,Widowed,6.12,8.01,0.62,5.99,3.62,Facebook,5.33,Smartphone,90.45,50GB,7,Moderate,1,5.49,1,5,2.33,5258.31,489.0,0,Movies,News,YouTube,1.84,2.13
47,Female,India,Retired,Widowed,5.51,7.58,0.4,4.13,0.42,Twitter,6.64,Tablet,67.04,50GB,6,Moderate,6,5.82,8,1,1.76,2120.92,485.97,2,Short Videos,Entertainment,Amazon Prime,2.74,1.44
54,Male,Canada,Unemployed,Divorced,5.25,4.36,4.94,6.03,1.4,Twitter,6.11,Smartphone,20.39,Unlimited,1,High,6,7.43,6,8,2.4,2445.35,440.84,0,News,Networking,Amazon Prime,0.7,2.84
61,Other,Canada,Student,Divorced,4.73,2.45,3.91,6.77,2.71,Instagram,5.97,PC,90.3,50GB,1,High,4,8.29,4,4,2.9,1177.15,432.9,0,Series,News,Netflix,3.35,2.92
25,Other,Australia,Retired,Married,5.6,9.53,3.26,5.42,0.57,TikTok,6.8,Tablet,15.96,50GB,9,Moderate,10,6.64,3,7,0.38,4446.18,42.22,1,Series,Entertainment,Netflix,2.34,2.2
33,Male,USA,Professional,Single,7.03,9.89,2.86,3.78,3.92,TikTok,8.67,PC,69.08,Unlimited,8,High,6,7.93,6,2,0.23,1134.51,447.34,0,Series,Education,Spotify,2.55,1.89
20,Other,USA,Unemployed,Married,1.14,9.06,2.85,3.7,2.47,Facebook,3.12,PC,7.49,Unlimited,9,Moderate,5,7.84,5,2,0.27,1797.9,157.97,4,News,Entertainment,YouTube,2.22,1.23
64,Other,Germany,Retired,Married,2.87,7.95,2.99,5.8,3.4,YouTube,4.83,Tablet,55.02,Unlimited,4,Moderate,1,7.03,4,9,2.38,6398.3,126.44,2,Series,Networking,YouTube,1.68,2.78
61,Other,Germany,Student,Married,3.33,0.87,1.73,4.02,2.35,YouTube,3.46,Smartphone,93.53,50GB,9,Low,8,7.58,4,9,1.25,1650.15,1.29,3,News,Entertainment,Spotify,1.59,1.21
41,Other,USA,Retired,Widowed,6.45,5.26,4.83,5.04,4.56,Instagram,2.74,PC,67.57,Unlimited,8,Moderate,7,4.58,3,6,2.4,8270.0,454.99,5,Short Videos,Networking,Netflix,2.57,0.74
56,Female,Germany,Unemployed,Married,0.61,2.17,4.77,5.11,3.73,YouTube,6.37,Smartphone,66.45,10GB,4,Low,2,8.92,2,2,1.96,3000.35,276.11,0,News,Entertainment,Amazon Prime,1.14,1.7
40,Male,UK,Unemployed,Widowed,5.59,1.64,2.13,4.48,3.98,Facebook,3.08,Tablet,55.65,50GB,6,High,4,5.05,1,3,2.38,691.86,74.15,2,Series,Education,Spotify,3.95,2.1
45,Female,Germany,Unemployed,Divorced,1.18,4.35,3.39,5.66,4.12,Twitter,11.51,PC,60.4,Unlimited,2,Moderate,3,8.01,3,8,1.08,9928.61,334.54,2,Series,Networking,YouTube,1.37,2.27
17,Male,USA,Professional,Divorced,4.38,9.77,0.56,6.17,0.65,YouTube,4.95,Tablet,76.96,Unlimited,9,Moderate,2,8.42,9,9,1.17,1685.18,23.45,2,Series,Entertainment,Spotify,1.86,0.45
52,Other,UK,Professional,Divorced,0.7,2.1,0.86,0.86,1.72,Instagram,9.96,Tablet,34.22,10GB,2,Moderate,5,4.67,2,5,0.56,6253.98,9.85,4,News,Education,Amazon Prime,1.89,0.61
19,Female,USA,Professional,Married,6.66,3.18,3.23,1.23,4.31,Instagram,4.15,Smartphone,18.51,10GB,7,Moderate,5,4.76,5,6,0.15,8020.35,359.06,1,Series,Networking,Amazon Prime,2.52,2.85
55,Female,Australia,Unemployed,Married,3.44,6.54,3.76,4.02,3.59,Twitter,10.93,PC,96.83,Unlimited,4,Low,7,5.77,7,6,0.02,4206.96,21.55,1,Short Videos,News,YouTube,3.98,0.03
53,Other,Australia,Unemployed,Widowed,1.65,1.22,1.18,4.27,1.53,Instagram,5.38,Tablet,20.71,Unlimited,4,Low,4,8.8,6,9,2.26,5757.52,121.72,1,Movies,News,Amazon Prime,0.25,0.51
49,Female,UK,Professional,Married,2.95,1.66,2.15,4.38,3.58,Facebook,2.63,Smartphone,32.36,10GB,2,High,1,4.62,3,8,0.25,4205.44,459.9,0,News,News,Amazon Prime,2.03,1.71
14,Male,UK,Student,Widowed,1.06,5.81,1.49,0.9,1.55,Facebook,2.08,Tablet,14.21,Unlimited,2,Low,9,6.94,7,3,0.22,4348.44,426.87,2,Movies,Networking,Amazon Prime,3.53,2.47
28,Male,Germany,Professional,Married,1.19,4.04,1.52,2.61,3.37,Instagram,3.41,Tablet,48.33,10GB,3,High,3,8.33,8,3,1.22,3354.24,169.85,3,News,Education,Netflix,3.45,2.47
26,Other,India,Professional,Single,4.83,2.14,4.77,4.52,3.0,Twitter,4.96,Tablet,86.44,50GB,6,Moderate,2,8.01,4,5,1.63,2396.24,477.28,1,Movies,Networking,Spotify,0.17,2.01
31,Male,USA,Retired,Divorced,1.12,4.49,1.48,2.04,1.52,YouTube,11.11,Tablet,53.12,50GB,2,High,3,5.05,2,6,0.58,7499.01,491.34,1,Movies,News,Netflix,0.31,0.21
17,Female,USA,Student,Married,1.82,4.25,3.11,5.89,1.04,Facebook,11.92,PC,11.85,50GB,2,Moderate,2,7.69,4,5,2.99,7328.71,235.3,1,Series,Education,Spotify,0.87,2.7
61,Male,USA,Unemployed,Divorced,5.14,1.78,1.64,2.58,3.69,Facebook,8.52,Smartphone,55.11,Unlimited,3,Moderate,9,6.85,7,9,1.34,9841.41,35.72,2,Movies,Entertainment,YouTube,3.73,0.5
41,Male,Canada,Student,Divorced,1.31,2.92,3.19,2.95,4.82,Facebook,4.9,Tablet,68.28,50GB,1,Moderate,8,8.71,5,2,2.62,5402.03,262.35,1,Short Videos,News,Spotify,2.16,0.68
28,Other,UK,Professional,Single,7.3,6.25,2.13,3.7,2.97,TikTok,11.65,Smartphone,26.7,Unlimited,2,High,9,4.97,1,4,1.37,1258.28,260.97,3,Series,Networking,Netflix,0.19,0.98
33,Female,UK,Student,Divorced,4.44,7.58,3.66,5.08,1.3,Facebook,7.89,PC,32.77,Unlimited,9,High,9,7.88,9,2,0.85,7126.54,207.18,5,Short Videos,Entertainment,YouTube,1.97,2.01
36,Male,Canada,Student,Divorced,4.75,0.71,1.18,4.42,2.78,Instagram,11.92,Tablet,57.52,50GB,3,Low,6,7.89,7,2,0.0,9140.92,198.39,3,Movies,Education,Netflix,2.52,1.07
44,Female,India,Professional,Single,2.3,5.12,3.8,5.25,3.19,YouTube,2.09,PC,83.37,10GB,8,High,5,6.97,1,4,0.33,6286.07,276.96,1,News,Networking,Amazon Prime,0.76,2.7
39,Female,UK,Unemployed,Widowed,3.21,7.74,3.14,5.29,4.2,TikTok,6.39,Tablet,93.03,Unlimited,3,High,2,5.47,3,4,0.4,4040.81,31.51,2,Series,News,Netflix,1.75,0.05
60,Other,Australia,Retired,Single,3.69,5.32,3.3,4.96,0.97,Instagram,11.69,Tablet,32.49,Unlimited,5,Low,1,8.37,7,6,0.84,9844.62,90.76,4,News,News,YouTube,0.64,1.29
38,Other,USA,Student,Married,6.64,9.6,3.65,2.09,3.61,TikTok,3.32,Tablet,42.32,50GB,7,Low,1,6.06,1,1,1.47,4459.74,62.02,2,Short Videos,Entertainment,YouTube,2.9,1.23
64,Male,USA,Unemployed,Divorced,4.32,7.15,3.5,6.03,4.56,YouTube,11.73,Tablet,30.8,10GB,3,High,6,4.21,3,3,2.44,894.86,385.15,0,News,Education,Netflix,0.27,2.59
57,Female,India,Retired,Widowed,3.63,2.65,0.63,5.33,1.81,TikTok,4.4,Smartphone,7.19,10GB,5,Low,7,7.4,9,2,0.87,5666.88,64.19,2,Short Videos,Networking,Spotify,0.17,1.58
23,Female,USA,Unemployed,Divorced,6.18,3.7,0.69,3.95,0.49,Twitter,10.5,Tablet,42.66,10GB,3,Moderate,1,6.97,1,2,2.04,6181.2,112.31,0,Short Videos,Education,YouTube,1.06,0.11
61,Female,USA,Retired,Divorced,7.82,5.69,4.32,2.7,3.97,TikTok,4.06,PC,29.59,10GB,1,Moderate,6,8.29,8,8,2.71,4058.75,103.4,1,News,News,Spotify,2.76,2.3
19,Male,Germany,Retired,Divorced,3.16,4.94,4.37,2.17,3.94,YouTube,5.94,PC,30.44,10GB,9,Low,5,5.0,3,1,0.28,7130.82,143.84,1,Short Videos,News,Amazon Prime,3.85,1.19
55,Other,UK,Professional,Divorced,4.01,3.57,1.14,2.64,1.58,TikTok,4.54,PC,68.97,50GB,4,High,1,5.58,8,8,2.04,3811.38,70.32,4,Movies,Education,Amazon Prime,0.74,0.96
32,Other,India,Student,Single,4.98,5.63,2.06,1.99,3.17,Facebook,6.28,Tablet,57.01,10GB,1,Moderate,5,5.61,6,1,2.24,7372.48,436.21,4,Short Videos,Education,YouTube,2.32,1.12
58,Male,India,Student,Married,6.61,2.87,3.03,6.81,0.2,Instagram,9.11,Tablet,10.38,Unlimited,8,High,1,4.25,5,7,0.96,2233.99,386.53,2,Short Videos,Networking,Netflix,2.29,0.79
58,Female,Canada,Retired,Single,2.27,0.55,1.99,6.74,1.17,TikTok,2.79,PC,14.19,10GB,1,Moderate,9,6.41,1,3,0.73,1162.44,302.99,4,News,Networking,Amazon Prime,2.04,2.16
54,Male,USA,Retired,Widowed,2.11,1.09,1.6,5.68,3.09,Twitter,11.66,Tablet,66.36,Unlimited,4,Moderate,1,7.97,6,1,1.82,7536.97,312.15,4,Movies,Entertainment,YouTube,0.67,1.64
54,Male,USA,Retired,Widowed,7.48,7.53,4.32,3.19,2.49,YouTube,8.3,Smartphone,66.66,50GB,5,Low,9,4.6,3,1,1.07,3436.86,304.04,3,Series,Entertainment,Netflix,2.31,0.61
28,Male,Australia,Retired,Single,4.4,8.96,2.8,3.73,2.46,Twitter,7.9,Tablet,57.25,50GB,9,Moderate,6,7.43,5,5,1.72,4510.62,393.61,1,Series,Networking,Spotify,0.26,0.71
17,Male,Australia,Student,Single,5.66,5.94,1.64,4.4,4.4,YouTube,6.15,Smartphone,88.21,50GB,3,Moderate,2,6.06,5,7,1.56,828.97,139.25,2,Short Videos,Networking,YouTube,3.79,1.47
33,Female,Canada,Professional,Single,6.97,8.59,4.16,3.63,1.12,Facebook,9.57,PC,20.07,10GB,5,Low,8,5.97,2,2,1.73,8413.88,357.71,2,News,News,Amazon Prime,1.5,0.82
22,Female,Germany,Unemployed,Widowed,6.84,2.43,4.52,2.33,2.33,Facebook,10.32,Tablet,51.63,50GB,1,Moderate,6,4.21,5,3,2.98,8214.49,341.62,2,Short Videos,Networking,Netflix,3.11,1.06
49,Female,Germany,Unemployed,Divorced,2.82,9.64,2.43,4.61,4.18,YouTube,2.57,PC,19.82,Unlimited,6,High,1,6.34,8,3,0.74,3640.52,326.7,2,Series,News,YouTube,1.33,2.15
31,Female,Germany,Retired,Divorced,7.25,8.6,4.61,5.73,1.02,TikTok,8.45,Tablet,73.66,10GB,1,Low,7,5.14,4,7,0.62,4814.29,430.28,2,Movies,News,Netflix,3.29,2.78
63,Female,Canada,Student,Single,5.68,6.4,3.92,0.65,4.94,Facebook,10.01,PC,83.23,50GB,8,Moderate,3,7.08,4,1,1.98,4578.48,275.9,4,Short Videos,News,Spotify,0.86,0.21
46,Female,Canada,Retired,Widowed,5.59,4.99,2.25,4.94,0.42,TikTok,5.84,Tablet,34.6,10GB,4,Moderate,2,5.06,6,2,1.75,6239.89,163.79,0,Short Videos,Education,YouTube,2.48,1.16
55,Other,Canada,Student,Married,6.01,6.08,4.33,5.3,3.68,TikTok,9.38,Tablet,55.96,10GB,9,High,6,6.61,2,4,1.6,2366.48,303.05,3,Short Videos,Networking,Spotify,0.57,1.54
19,Male,Canada,Retired,Married,6.41,5.77,4.56,0.57,1.75,YouTube,3.22,PC,79.69,50GB,2,Moderate,7,4.52,2,7,1.08,7658.82,229.51,3,Short Videos,Education,YouTube,1.63,2.99
57,Male,USA,Unemployed,Divorced,7.25,8.37,3.2,3.97,4.15,Twitter,6.87,Tablet,98.44,Unlimited,4,High,1,6.39,3,7,0.18,1806.06,272.76,5,Movies,Entertainment,Netflix,3.06,0.24
60,Male,Australia,Professional,Widowed,3.72,1.79,3.76,5.97,0.33,Facebook,7.99,Tablet,19.85,50GB,5,Moderate,7,6.69,9,6,0.49,1476.83,480.33,4,News,Networking,Spotify,3.82,2.32
38,Male,UK,Professional,Widowed,4.48,2.11,2.09,5.44,1.59,Instagram,10.41,PC,28.37,Unlimited,5,Low,2,7.31,3,1,1.34,3685.51,234.52,4,Movies,Education,Amazon Prime,0.77,1.91
44,Other,Germany,Student,Widowed,4.96,1.81,0.48,3.23,1.39,TikTok,4.72,Smartphone,45.32,10GB,2,Moderate,3,6.35,7,5,1.37,8906.32,257.31,1,Series,Networking,Spotify,1.12,1.67
52,Female,Canada,Professional,Single,6.61,6.02,0.4,1.67,1.95,Twitter,6.26,Tablet,31.08,50GB,9,High,5,7.6,2,1,2.47,2428.92,166.11,3,Series,Entertainment,Spotify,3.08,1.17
22,Male,Canada,Student,Married,1.65,8.28,3.43,4.76,3.89,Twitter,2.45,PC,26.99,50GB,6,High,1,7.17,5,9,2.94,7431.11,479.68,0,Movies,Education,YouTube,0.8,2.82
39,Male,UK,Retired,Married,0.75,8.07,3.82,3.03,4.14,Twitter,7.35,Tablet,48.33,50GB,7,Low,5,5.49,5,7,2.18,860.48,28.23,2,Movies,Networking,YouTube,0.78,0.97
33,Female,Germany,Professional,Married,0.95,1.36,3.51,6.46,4.32,Twitter,4.55,Tablet,96.35,10GB,9,Low,5,8.4,8,1,2.07,1512.01,137.7,4,Short Videos,Education,Netflix,3.68,0.79
20,Male,India,Retired,Widowed,3.37,2.51,2.76,2.19,3.03,Facebook,5.31,PC,95.47,50GB,6,High,8,6.43,3,6,1.66,9078.04,265.5,1,Short Videos,News,Spotify,2.32,2.31
32,Other,UK,Student,Single,7.91,9.47,1.96,3.57,4.18,TikTok,5.03,Tablet,56.87,10GB,1,Low,9,6.05,5,1,0.15,3797.79,38.45,2,Short Videos,Education,YouTube,2.2,2.65
16,Other,Australia,Professional,Divorced,4.53,3.15,4.13,2.21,2.88,YouTube,7.26,PC,41.54,Unlimited,3,High,3,4.41,4,5,0.33,6794.09,302.46,0,Short Videos,Education,YouTube,1.84,2.45
14,Male,USA,Professional,Widowed,5.36,2.14,1.25,5.61,1.81,Facebook,11.77,PC,61.49,50GB,5,High,3,8.8,9,9,1.81,3421.31,493.79,0,Movies,News,Amazon Prime,3.03,1.02
20,Male,UK,Retired,Widowed,7.55,3.37,3.72,0.66,4.29,YouTube,8.72,Smartphone,48.42,50GB,9,High,2,7.76,6,7,2.13,9203.92,185.02,3,News,Education,Netflix,1.41,0.93
63,Male,Germany,Retired,Single,4.96,7.68,3.08,2.8,4.77,TikTok,4.03,PC,38.39,10GB,5,Low,3,7.66,5,7,2.09,7095.77,152.21,5,Short Videos,Education,Netflix,3.79,2.04
41,Male,UK,Professional,Single,7.35,8.55,4.05,6.81,1.99,TikTok,9.81,Smartphone,61.97,50GB,6,High,5,7.24,6,6,1.57,5529.8,298.96,1,Movies,News,Amazon Prime,1.96,0.92
63,Male,Canada,Retired,Divorced,4.17,4.28,1.88,6.39,3.74,Instagram,2.01,Smartphone,18.33,Unlimited,7,Low,4,8.11,8,4,0.23,9093.99,196.71,1,Movies,Networking,YouTube,0.38,1.25
35,Female,Canada,Student,Married,0.64,1.54,4.28,6.34,4.73,Instagram,10.47,PC,78.46,10GB,9,Low,3,4.92,6,4,0.79,7546.62,485.86,3,Short Videos,Entertainment,Amazon Prime,2.13,2.35
29,Male,Canada,Unemployed,Married,1.8,2.69,4.7,4.52,1.82,Instagram,2.21,Smartphone,31.47,50GB,9,Moderate,3,8.71,3,3,2.96,2403.62,290.85,4,Short Videos,Networking,Spotify,0.33,2.08
39,Female,Canada,Professional,Divorced,0.68,9.49,3.55,6.89,1.41,Twitter,3.79,Smartphone,49.44,Unlimited,3,Moderate,7,8.27,1,6,2.9,2939.37,12.43,0,Movies,Networking,Netflix,1.66,0.02
35,Female,India,Unemployed,Widowed,5.73,5.59,0.75,5.61,4.72,Instagram,4.85,Tablet,26.45,50GB,1,Moderate,8,4.52,4,7,0.83,6624.2,419.99,1,News,Entertainment,YouTube,2.15,1.4
18,Other,Germany,Unemployed,Single,3.52,1.1,1.7,1.0,3.55,Twitter,7.97,Smartphone,43.18,10GB,6,High,3,5.9,8,2,0.77,7557.18,469.69,4,Movies,Networking,Netflix,0.02,0.46
46,Other,Australia,Unemployed,Married,2.47,9.35,4.63,5.27,4.52,TikTok,4.75,Tablet,82.47,Unlimited,9,Moderate,6,6.64,2,6,0.43,8739.76,250.46,5,Movies,Networking,Amazon Prime,2.84,1.5
24,Male,India,Unemployed,Widowed,7.3,7.44,0.26,4.45,4.31,YouTube,2.51,PC,29.37,Unlimited,7,High,4,7.04,6,3,2.94,2496.39,229.54,4,Series,News,Spotify,2.32,0.98
45,Other,USA,Retired,Single,6.5,7.13,4.14,3.17,1.98,TikTok,11.14,PC,41.91,10GB,3,High,6,6.65,6,7,1.33,6333.49,14.07,0,News,News,YouTube,1.74,2.41
46,Other,India,Unemployed,Single,7.51,2.38,2.94,3.07,0.58,YouTube,10.17,Smartphone,16.05,Unlimited,8,Moderate,4,6.79,3,2,1.77,1574.68,486.39,4,News,News,Spotify,3.37,2.14
20,Female,India,Student,Married,6.96,9.17,1.01,4.66,1.15,TikTok,8.23,Tablet,32.6,50GB,9,Moderate,6,4.43,2,4,0.92,8381.5,339.33,4,Movies,Entertainment,Netflix,2.93,1.89
16,Male,Germany,Student,Married,4.91,9.73,2.09,1.35,4.31,Twitter,2.24,PC,63.56,Unlimited,6,Moderate,2,4.08,6,3,2.14,3051.04,343.17,3,Movies,Education,Amazon Prime,0.29,1.4
53,Other,Australia,Student,Widowed,1.91,4.12,3.63,1.41,0.31,Twitter,9.67,PC,57.54,10GB,7,Low,8,4.02,8,9,0.48,3855.61,143.06,0,Movies,Networking,Spotify,2.81,0.2
36,Male,USA,Student,Divorced,7.15,1.18,3.07,5.78,2.92,TikTok,3.48,Tablet,7.37,Unlimited,6,High,8,7.1,9,4,2.98,8767.31,371.23,5,Series,Education,Amazon Prime,1.11,0.37
16,Other,India,Unemployed,Single,6.92,6.87,1.71,2.43,1.21,Twitter,4.69,Smartphone,91.99,50GB,9,Moderate,7,6.3,6,2,2.8,3764.7,474.96,0,News,Entertainment,Netflix,1.0,1.99
64,Male,Canada,Unemployed,Married,6.78,0.6,4.36,5.15,0.54,Facebook,8.69,Smartphone,81.89,50GB,1,Moderate,6,7.31,9,6,1.41,6152.13,404.01,0,Movies,Education,Amazon Prime,2.63,2.61
16,Other,Australia,Professional,Married,1.24,5.76,0.86,3.56,2.05,Facebook,3.34,Tablet,81.34,10GB,1,High,1,8.59,5,4,0.81,1548.17,120.38,0,News,Education,Netflix,1.57,1.26
49,Other,India,Unemployed,Married,1.83,6.77,1.6,3.24,4.12,TikTok,10.2,Smartphone,37.27,Unlimited,9,Moderate,9,6.67,3,9,2.53,8209.8,203.75,0,News,Networking,YouTube,3.03,1.61
64,Female,Canada,Retired,Widowed,0.57,3.42,1.28,2.81,3.8,Instagram,2.72,PC,14.28,50GB,4,Moderate,5,7.45,3,9,1.57,7142.21,397.88,2,News,News,Amazon Prime,1.72,0.57
25,Male,Germany,Student,Single,4.03,4.0,4.8,4.82,2.17,Instagram,9.73,PC,98.06,50GB,3,Low,7,5.85,4,4,2.88,7728.07,143.4,3,Short Videos,Entertainment,YouTube,1.77,1.56
20,Female,USA,Unemployed,Single,7.52,3.75,3.21,3.08,4.86,TikTok,8.35,Smartphone,28.74,10GB,4,High,8,6.43,3,3,0.09,713.42,367.99,3,News,Entertainment,Amazon Prime,1.25,1.19
19,Other,USA,Professional,Widowed,2.2,5.48,4.85,2.09,3.98,Twitter,8.46,Smartphone,89.65,10GB,3,High,5,4.34,5,5,1.77,2325.94,50.84,5,Series,Education,Spotify,0.09,1.72
28,Female,Canada,Retired,Single,7.53,1.69,4.07,4.65,1.11,YouTube,9.8,Smartphone,31.22,Unlimited,9,Moderate,9,8.02,6,3,2.69,5694.99,128.11,2,Short Videos,Entertainment,Spotify,0.33,1.61
18,Other,India,Professional,Divorced,1.24,2.82,2.89,5.64,0.19,Facebook,5.43,Smartphone,50.17,10GB,4,High,2,5.14,6,1,1.12,4526.83,224.97,2,Short Videos,Networking,Amazon Prime,3.71,2.05
48,Other,Germany,Professional,Divorced,4.46,6.96,4.23,6.67,2.04,YouTube,8.79,PC,70.63,50GB,3,High,6,4.09,8,3,2.79,1589.89,347.48,5,Movies,News,Amazon Prime,2.2,0.54
16,Other,Australia,Professional,Divorced,3.85,2.15,4.83,4.36,3.32,YouTube,3.96,PC,74.11,50GB,7,Low,7,5.3,3,1,2.98,1257.82,236.56,5,Short Videos,Entertainment,Spotify,0.65,2.15
39,Female,India,Unemployed,Single,6.12,4.57,4.3,6.1,2.01,YouTube,4.96,PC,63.08,50GB,3,Low,4,8.61,9,2,0.27,8802.89,241.79,4,Short Videos,News,Netflix,0.68,2.26
64,Other,Australia,Student,Married,5.08,8.37,4.85,1.26,0.21,Instagram,3.54,PC,5.71,10GB,6,Low,4,7.31,1,3,0.75,7233.92,36.2,2,Series,News,YouTube,1.87,2.77
55,Male,Canada,Retired,Single,4.31,8.74,2.68,6.8,4.42,TikTok,4.2,Tablet,49.51,50GB,3,High,8,5.12,1,8,1.66,617.52,428.85,5,Series,Entertainment,Spotify,0.57,0.46
44,Male,Australia,Professional,Married,5.53,9.29,2.34,4.0,4.47,Instagram,2.67,PC,44.24,10GB,6,High,5,5.03,1,5,1.74,6843.86,201.32,3,Short Videos,Education,YouTube,3.01,2.13
28,Male,Germany,Student,Single,4.71,1.97,0.32,5.27,1.2,TikTok,9.23,Smartphone,34.81,10GB,8,Low,9,5.69,6,1,1.94,5206.43,210.87,2,News,News,Netflix,2.99,2.98
45,Male,USA,Student,Married,5.11,8.49,0.44,6.42,1.51,YouTube,2.08,Tablet,81.7,10GB,9,High,1,7.52,3,9,0.4,5647.59,391.14,3,Series,News,Spotify,2.16,1.97
40,Other,India,Retired,Widowed,4.03,5.18,4.66,6.52,3.82,Facebook,4.21,Tablet,91.69,10GB,8,High,1,4.92,3,9,0.29,1468.5,30.09,1,Short Videos,Networking,Amazon Prime,2.09,0.78
35,Male,India,Unemployed,Married,4.53,2.62,4.51,5.24,3.09,Twitter,11.56,Smartphone,72.86,Unlimited,7,Low,9,7.29,4,3,1.77,2483.82,196.22,4,Short Videos,Networking,YouTube,2.32,0.9
19,Female,Australia,Unemployed,Divorced,0.59,8.52,4.73,5.61,2.85,YouTube,5.03,PC,87.36,10GB,3,Low,9,6.45,1,9,2.27,7701.44,78.24,1,Short Videos,Education,Amazon Prime,2.77,1.88
59,Other,UK,Retired,Widowed,7.87,6.09,1.66,4.54,0.58,Twitter,4.86,Smartphone,23.67,50GB,5,Moderate,9,5.82,9,7,2.06,7868.8,42.79,2,Short Videos,Networking,YouTube,0.36,2.65
36,Male,Australia,Unemployed,Widowed,1.54,2.59,4.41,0.58,2.23,TikTok,2.49,PC,78.33,10GB,4,Moderate,8,7.86,2,6,0.97,4456.82,221.91,0,Movies,News,Amazon Prime,1.73,1.71
23,Other,India,Student,Married,6.57,2.12,3.2,1.77,3.19,Instagram,8.43,PC,36.66,50GB,8,High,5,6.44,9,3,0.62,6675.3,86.47,1,News,Entertainment,YouTube,2.18,1.37
32,Female,India,Retired,Divorced,5.46,6.46,0.53,5.75,3.98,Twitter,5.51,Smartphone,35.41,Unlimited,9,High,8,7.13,1,1,0.47,6997.39,124.91,1,Short Videos,Education,Amazon Prime,3.75,1.06
34,Other,UK,Professional,Married,4.74,3.41,4.98,1.98,1.74,Facebook,9.89,Smartphone,55.35,50GB,4,Moderate,1,6.85,3,1,0.45,8409.04,200.08,1,Short Videos,Education,YouTube,2.6,1.78
56,Female,Canada,Professional,Divorced,5.55,5.75,1.54,2.31,1.95,Facebook,9.24,PC,94.93,10GB,3,High,1,6.33,2,3,0.64,7685.05,477.58,5,Series,News,Spotify,3.35,0.06
51,Male,UK,Professional,Married,1.74,3.39,0.61,0.61,0.21,YouTube,5.38,Smartphone,70.4,10GB,1,Low,4,5.71,1,2,0.93,1005.23,224.06,1,Short Videos,Education,YouTube,1.02,0.97
53,Male,UK,Retired,Single,7.62,5.99,3.24,4.04,0.64,Instagram,5.34,Tablet,17.38,10GB,4,High,3,8.24,5,7,1.07,8917.85,340.68,5,News,News,Netflix,1.52,2.24
13,Other,UK,Student,Widowed,3.0,6.3,2.16,6.81,4.58,YouTube,11.08,PC,48.2,Unlimited,9,Low,7,8.0,8,1,0.01,8510.42,187.18,3,Series,Education,Spotify,3.53,1.21
34,Other,India,Unemployed,Widowed,3.17,2.1,0.67,2.57,3.13,Facebook,11.42,Smartphone,95.26,Unlimited,8,High,5,7.71,9,4,1.95,4836.68,263.97,4,Short Videos,Entertainment,Amazon Prime,0.52,1.06
38,Male,India,Professional,Single,2.64,9.01,3.8,4.09,1.62,Twitter,5.32,Tablet,58.2,10GB,8,Moderate,7,5.74,3,5,1.98,8822.38,36.79,4,Short Videos,Entertainment,Amazon Prime,2.58,0.74
14,Other,India,Retired,Widowed,3.86,8.52,2.6,1.14,4.2,TikTok,4.15,Tablet,30.44,10GB,2,Moderate,2,8.18,1,2,1.16,4976.19,387.09,1,Short Videos,Entertainment,Netflix,2.93,0.85
26,Female,USA,Retired,Widowed,6.47,0.81,4.47,2.65,2.46,TikTok,3.59,Tablet,71.17,Unlimited,7,High,4,8.51,2,2,0.93,6490.43,190.41,3,Series,Education,Netflix,0.32,0.23
52,Other,India,Professional,Divorced,6.1,1.8,0.97,3.7,1.44,Instagram,7.2,Smartphone,34.52,Unlimited,4,Moderate,4,5.35,8,7,1.05,875.99,218.76,5,Series,News,Amazon Prime,0.48,2.87
20,Female,UK,Professional,Single,2.44,4.63,4.0,3.02,0.47,Facebook,9.54,Tablet,76.87,50GB,8,Low,7,4.17,2,7,2.54,6152.26,364.83,3,Short Videos,News,YouTube,1.36,1.92
40,Female,Canada,Professional,Divorced,1.89,5.98,1.43,1.92,3.01,TikTok,8.25,Tablet,97.32,Unlimited,9,Low,1,6.65,7,7,2.0,3992.45,488.01,5,News,Entertainment,YouTube,3.8,1.83
24,Male,India,Student,Married,7.65,8.22,3.6,2.58,3.4,TikTok,5.32,Smartphone,46.87,10GB,7,Moderate,7,8.46,2,1,0.11,1819.83,306.73,5,News,Networking,YouTube,1.18,2.15
13,Male,Germany,Unemployed,Single,6.93,7.41,4.03,6.25,2.96,Twitter,5.01,PC,29.84,Unlimited,8,Moderate,3,6.11,1,4,0.17,6720.8,33.16,0,News,Networking,Amazon Prime,1.53,0.64
25,Other,Canada,Retired,Married,6.81,6.75,2.66,4.22,1.7,Twitter,6.73,Smartphone,51.8,10GB,3,High,4,8.91,9,4,1.07,9621.49,313.89,4,Movies,Entertainment,YouTube,0.43,2.62
63,Male,Australia,Student,Married,1.91,1.48,2.13,1.98,3.92,TikTok,4.44,PC,9.01,10GB,4,High,7,8.71,8,5,2.98,4314.13,29.19,1,News,News,Netflix,3.88,2.12
54,Other,Germany,Professional,Married,1.56,3.31,2.4,4.37,1.75,Instagram,6.33,PC,33.48,10GB,2,High,2,8.01,2,8,1.55,5025.03,472.99,2,News,Networking,Amazon Prime,0.45,0.2
62,Male,UK,Student,Widowed,7.76,5.28,2.93,4.57,1.67,Twitter,7.23,PC,32.23,Unlimited,5,High,7,7.49,8,9,1.04,9826.37,319.09,0,News,Education,YouTube,2.69,2.49
38,Female,UK,Student,Married,3.13,4.09,2.11,5.0,2.92,TikTok,4.33,Smartphone,22.78,10GB,9,Moderate,6,4.89,3,4,1.24,6286.92,248.38,4,Movies,News,Amazon Prime,2.18,0.57
18,Other,USA,Professional,Married,7.82,8.28,3.78,6.18,3.01,TikTok,7.13,Smartphone,93.0,Unlimited,5,Moderate,2,7.25,4,4,2.77,6534.61,57.8,2,Short Videos,News,YouTube,1.85,2.29
41,Other,Canada,Unemployed,Married,5.15,2.02,0.96,5.85,3.1,Facebook,8.68,Smartphone,73.77,10GB,5,Low,9,8.59,3,2,1.4,1340.77,8.51,5,Movies,News,Spotify,2.03,1.04
36,Male,USA,Professional,Widowed,0.97,3.22,4.75,3.47,3.18,YouTube,6.44,Tablet,16.21,50GB,4,High,4,8.59,5,1,1.78,2013.26,124.57,0,News,Education,Netflix,2.02,1.7
56,Male,Australia,Student,Single,0.66,4.14,2.59,6.95,3.89,Facebook,4.72,PC,15.48,Unlimited,7,Low,9,7.69,9,7,0.05,9440.67,432.77,2,News,Education,Amazon Prime,0.01,1.49
18,Male,India,Professional,Widowed,1.07,5.16,4.47,3.32,1.73,Facebook,3.74,Tablet,92.88,10GB,9,Low,3,5.65,9,2,0.13,615.36,421.9,1,Series,News,Netflix,2.25,0.85
38,Male,Australia,Unemployed,Married,0.91,7.98,1.9,3.35,2.75,TikTok,5.0,PC,75.49,Unlimited,3,Low,8,8.89,4,8,0.71,7645.5,423.56,5,Series,News,Spotify,3.89,2.01
20,Male,Canada,Professional,Widowed,1.33,2.84,2.88,3.15,3.48,Instagram,3.85,Tablet,41.07,Unlimited,2,Low,7,8.74,2,3,1.3,9235.55,250.12,4,Series,Education,Netflix,1.58,2.97
29,Male,Canada,Student,Widowed,2.19,9.2,0.92,6.89,4.71,Facebook,8.07,Smartphone,77.94,10GB,9,High,7,5.26,6,9,1.35,8095.66,122.12,1,Movies,Entertainment,YouTube,2.69,2.31
51,Other,UK,Student,Married,7.82,1.91,0.54,1.25,0.16,Facebook,4.94,PC,78.22,10GB,1,High,4,6.79,9,1,0.21,7270.59,264.58,5,Movies,Entertainment,YouTube,0.77,2.99
37,Other,USA,Professional,Single,4.55,0.83,4.94,4.36,3.11,YouTube,2.5,Smartphone,57.7,Unlimited,8,Moderate,1,8.6,6,5,1.52,4650.77,218.39,3,News,Networking,Netflix,3.46,0.01
32,Female,Germany,Professional,Single,6.23,7.91,2.72,2.9,2.18,YouTube,4.38,Smartphone,71.74,50GB,8,High,6,8.53,8,8,0.03,9178.8,472.98,0,Short Videos,News,YouTube,2.36,2.3
33,Female,Canada,Unemployed,Widowed,1.55,2.26,2.76,4.95,3.75,Facebook,10.01,Smartphone,76.2,Unlimited,3,Low,1,7.47,6,4,1.98,6578.23,211.96,3,Series,Education,Spotify,1.77,0.89
36,Other,UK,Retired,Married,4.01,8.5,1.72,0.51,2.08,YouTube,8.89,Smartphone,64.0,50GB,2,Moderate,5,8.72,1,4,0.8,6105.08,301.15,0,Series,News,Amazon Prime,2.06,0.19
53,Other,Germany,Retired,Divorced,4.92,5.27,4.2,6.78,1.94,Instagram,8.0,PC,12.52,Unlimited,9,High,2,5.79,9,1,1.57,8438.27,15.73,3,Short Videos,Entertainment,Spotify,1.89,2.73
59,Female,USA,Retired,Widowed,4.27,4.69,2.25,5.16,4.48,Instagram,9.91,Tablet,62.09,50GB,3,High,6,5.01,6,1,0.89,2053.94,158.44,3,News,Education,Amazon Prime,1.83,1.04
62,Other,Canada,Student,Married,2.63,9.79,4.19,2.4,4.0,Facebook,11.76,Smartphone,90.91,50GB,8,High,5,6.01,8,8,1.32,4118.83,239.3,3,Movies,News,Netflix,0.77,2.81
53,Female,UK,Student,Widowed,2.44,5.85,3.96,6.24,4.51,Twitter,4.16,Smartphone,11.62,50GB,7,Low,9,6.8,8,7,1.56,1902.4,244.61,5,Short Videos,Networking,Spotify,0.91,2.99
29,Male,UK,Unemployed,Divorced,7.17,1.08,0.26,2.57,0.7,Instagram,2.38,PC,82.1,50GB,6,Low,4,7.2,7,2,0.63,3486.85,227.93,3,Short Videos,News,Spotify,1.37,2.38
48,Male,UK,Retired,Single,4.92,0.8,1.26,1.07,4.88,TikTok,5.77,Smartphone,56.41,10GB,3,Low,6,6.98,9,4,2.37,1048.26,254.85,5,Short Videos,News,YouTube,1.47,2.11
35,Female,USA,Student,Divorced,0.95,4.33,2.7,4.05,3.79,Twitter,8.81,Tablet,90.93,50GB,5,High,7,8.69,3,7,1.22,3040.97,475.0,2,News,News,Netflix,1.96,0.78
26,Other,Australia,Professional,Widowed,0.94,6.7,2.36,5.3,1.22,TikTok,4.7,Smartphone,43.19,50GB,7,Low,1,7.5,3,9,1.53,8087.77,214.61,0,News,Networking,Amazon Prime,2.67,0.1
56,Other,Australia,Retired,Widowed,4.48,5.23,3.64,2.66,2.51,Instagram,7.05,Smartphone,34.02,10GB,4,Moderate,8,8.45,6,8,2.2,5805.6,141.27,5,News,Networking,Netflix,1.95,1.57
15,Male,India,Professional,Divorced,5.69,9.39,3.69,4.21,2.57,Twitter,9.83,Tablet,96.84,Unlimited,2,Low,6,4.4,2,6,2.89,3962.4,361.49,2,Short Videos,Education,Spotify,1.21,1.66
59,Female,USA,Professional,Single,3.34,3.28,2.41,1.65,4.65,YouTube,6.09,Smartphone,54.44,10GB,5,Moderate,1,8.37,5,8,0.21,7792.51,279.2,1,Short Videos,Networking,Netflix,0.22,1.23
37,Other,UK,Student,Single,1.65,9.92,3.14,2.66,2.22,Facebook,6.35,Tablet,17.58,50GB,6,Low,8,4.9,8,8,1.08,500.95,139.2,2,News,Entertainment,Amazon Prime,0.06,1.15
46,Other,USA,Retired,Widowed,5.19,5.14,1.99,0.61,2.27,Instagram,5.91,Smartphone,73.07,50GB,2,Low,4,4.36,6,4,2.17,6038.59,338.8,3,Short Videos,Education,Spotify,1.84,0.01
47,Other,India,Professional,Single,2.54,9.93,0.53,5.17,1.42,TikTok,6.63,Smartphone,95.01,50GB,2,Low,1,6.78,5,5,1.87,5542.38,311.25,4,Movies,Networking,Netflix,3.62,2.23
59,Male,USA,Student,Single,6.43,6.96,1.81,5.1,3.28,Twitter,2.95,Tablet,47.32,50GB,3,Low,6,5.34,3,4,2.13,2455.92,289.79,0,Movies,Networking,YouTube,0.06,2.95
46,Female,India,Retired,Married,4.12,7.99,4.37,5.31,0.96,TikTok,3.86,Tablet,66.17,10GB,3,High,8,6.45,1,3,1.91,4902.52,127.77,3,Short Videos,Entertainment,YouTube,1.62,1.49
44,Female,USA,Unemployed,Divorced,6.82,8.56,1.59,2.08,0.04,Facebook,5.44,Tablet,8.77,50GB,5,Low,5,4.88,5,2,1.55,7947.74,136.23,4,Movies,News,Spotify,2.96,2.23
16,Male,Australia,Unemployed,Single,3.02,9.28,0.49,1.62,3.69,Facebook,2.59,Tablet,43.53,10GB,7,High,1,8.08,7,7,0.85,9556.31,461.12,1,Short Videos,Education,Netflix,3.8,1.99
39,Female,India,Student,Widowed,4.91,2.98,2.81,6.04,0.46,Instagram,9.56,Smartphone,90.55,50GB,5,Moderate,4,6.87,4,8,1.01,2251.01,350.76,0,Short Videos,Networking,Spotify,3.36,2.35
20,Male,Australia,Professional,Divorced,6.32,5.15,0.91,3.07,4.82,Facebook,8.25,PC,94.3,50GB,4,Low,5,6.63,8,9,2.09,6989.19,476.24,0,Movies,Education,Netflix,2.67,1.54
51,Other,India,Unemployed,Divorced,1.55,3.09,0.57,3.88,4.11,Instagram,9.38,Tablet,54.05,50GB,4,Moderate,9,5.04,4,9,0.81,5635.55,190.44,4,Series,Entertainment,YouTube,0.39,2.48
39,Male,UK,Unemployed,Single,1.42,1.95,3.94,1.88,3.76,TikTok,7.2,Smartphone,23.96,Unlimited,6,Moderate,3,6.38,5,8,1.12,4784.64,397.55,4,News,Education,YouTube,2.49,0.19
48,Male,Canada,Student,Single,4.92,6.77,0.61,6.2,1.34,YouTube,5.03,Tablet,33.34,10GB,1,High,4,5.07,1,2,1.25,4868.73,128.09,1,Short Videos,Networking,Amazon Prime,1.07,0.7
15,Female,India,Retired,Married,3.58,5.4,1.57,4.82,0.28,Twitter,2.98,Smartphone,75.32,Unlimited,6,High,8,8.27,9,7,1.56,5659.5,295.47,5,Short Videos,Networking,Netflix,0.65,1.54
17,Other,UK,Student,Married,5.88,3.82,2.25,3.5,3.98,YouTube,7.72,PC,81.45,10GB,2,Low,4,4.07,8,8,0.6,3316.06,275.7,3,Series,Entertainment,YouTube,2.55,0.54
50,Male,India,Retired,Divorced,7.57,8.06,1.23,1.41,4.63,TikTok,7.75,PC,15.64,Unlimited,9,Moderate,1,5.13,3,4,2.8,971.28,295.96,5,Short Videos,News,Netflix,3.7,1.82
16,Male,USA,Unemployed,Married,7.82,6.48,3.97,4.48,3.71,Twitter,2.11,Smartphone,75.99,Unlimited,5,High,9,6.84,3,1,0.04,1505.73,6.3,1,News,Education,YouTube,1.03,1.46
16,Female,Canada,Retired,Single,4.74,4.18,1.08,3.68,0.01,Twitter,9.46,PC,8.01,Unlimited,7,Low,4,6.73,1,8,0.04,1865.91,418.5,3,Movies,Education,Spotify,2.91,1.85
13,Female,UK,Student,Divorced,5.33,2.18,3.7,2.57,1.51,Instagram,2.65,Tablet,82.64,Unlimited,2,High,4,5.98,2,7,0.67,4694.42,157.64,5,Movies,Networking,Netflix,1.39,2.9
62,Other,India,Professional,Married,7.0,5.42,0.88,3.44,3.31,YouTube,2.09,PC,86.56,50GB,5,Low,2,5.39,7,5,0.44,8684.96,91.38,2,Series,News,YouTube,2.89,2.58
51,Male,Germany,Student,Single,0.97,2.32,0.7,6.37,2.28,Twitter,8.75,Tablet,40.12,50GB,1,Low,4,4.8,4,5,2.11,5451.18,225.08,1,Series,Education,YouTube,0.06,1.8
31,Male,UK,Professional,Single,1.42,3.62,4.99,3.16,1.49,Facebook,5.91,Smartphone,30.92,Unlimited,2,High,1,8.86,9,9,0.55,4421.88,421.33,1,Movies,Networking,YouTube,1.2,2.2
28,Other,India,Unemployed,Married,3.36,1.04,4.09,4.09,3.67,Facebook,6.2,PC,9.93,50GB,4,Low,3,4.51,4,3,0.26,3236.93,291.09,2,Short Videos,Networking,Spotify,1.5,2.96
31,Male,Canada,Professional,Widowed,6.25,3.17,2.92,4.3,4.71,Twitter,11.29,PC,25.66,50GB,7,High,3,7.12,5,9,0.24,605.49,117.12,2,Movies,Networking,Netflix,1.91,0.51
53,Female,UK,Professional,Widowed,2.91,6.53,4.26,6.52,0.22,YouTube,4.2,Smartphone,56.27,Unlimited,4,Low,6,4.88,4,8,2.2,5139.66,439.21,1,Short Videos,Networking,Amazon Prime,2.65,1.59
47,Female,Germany,Professional,Widowed,3.29,7.1,4.2,3.28,4.18,Twitter,2.68,PC,48.14,10GB,2,High,3,7.29,9,7,2.18,1883.76,278.96,5,Series,Entertainment,YouTube,2.98,1.89
22,Male,Canada,Retired,Single,5.55,3.11,1.43,0.58,4.79,Facebook,8.77,PC,41.87,Unlimited,3,Moderate,3,5.33,9,8,2.86,3132.91,289.62,2,Series,Networking,Amazon Prime,3.02,1.69
22,Male,Australia,Unemployed,Married,4.79,9.97,2.04,3.67,3.55,Facebook,10.12,Smartphone,31.71,50GB,5,Moderate,7,6.42,7,1,2.18,657.08,490.26,2,Movies,Entertainment,Netflix,2.49,0.68
18,Male,UK,Professional,Divorced,5.72,4.87,4.41,2.68,1.86,TikTok,8.01,PC,58.46,Unlimited,1,High,6,7.79,2,1,1.02,6315.53,286.31,2,Movies,Entertainment,Amazon Prime,1.6,0.4
47,Male,India,Unemployed,Married,2.73,6.88,4.08,1.82,3.25,Instagram,5.01,Tablet,51.18,50GB,8,Low,7,7.81,3,2,0.64,9763.89,88.28,2,Series,Entertainment,Amazon Prime,2.46,0.17
52,Male,Germany,Student,Married,1.48,3.64,2.82,1.47,4.41,Facebook,7.08,PC,58.88,10GB,4,Moderate,2,6.82,6,1,2.45,1727.71,9.1,1,Short Videos,Education,YouTube,1.14,0.73
26,Male,Australia,Professional,Divorced,6.05,9.64,2.2,3.56,2.09,Facebook,8.09,Smartphone,41.81,Unlimited,6,High,6,8.83,7,6,2.59,1525.93,48.41,3,Short Videos,Entertainment,Spotify,2.26,2.45
14,Male,Germany,Retired,Single,5.15,2.34,0.76,2.92,1.93,TikTok,9.2,Smartphone,41.31,Unlimited,2,Moderate,1,7.0,2,2,0.25,8892.02,444.97,0,News,News,Spotify,1.92,0.79
17,Female,UK,Unemployed,Single,3.57,4.91,4.3,3.74,0.89,Facebook,7.64,Tablet,89.21,10GB,7,High,7,4.59,2,9,2.14,7484.35,180.14,3,News,Networking,Spotify,2.84,1.19
63,Other,UK,Retired,Single,7.17,9.03,2.3,3.79,3.82,TikTok,10.87,PC,58.59,50GB,3,Moderate,2,6.45,1,2,1.06,3393.26,419.72,2,Short Videos,Networking,Amazon Prime,2.24,1.62
28,Female,Canada,Student,Widowed,5.57,6.21,2.55,1.38,2.41,TikTok,8.7,Smartphone,53.85,50GB,3,High,9,8.63,5,7,1.12,3020.77,24.29,3,Series,News,Netflix,3.7,2.46
53,Female,Australia,Retired,Single,0.58,8.14,2.6,5.07,0.59,TikTok,2.47,Tablet,73.84,50GB,4,High,1,6.18,2,8,2.66,2822.87,39.7,3,Movies,Education,Netflix,1.07,0.2
45,Female,Germany,Unemployed,Married,7.36,5.63,2.43,5.33,2.38,Twitter,3.28,PC,50.09,10GB,6,High,6,4.44,7,4,2.61,1362.91,418.01,3,Short Videos,Entertainment,Netflix,1.25,0.24
32,Male,Canada,Professional,Divorced,5.28,2.43,3.89,2.91,0.25,Facebook,6.77,PC,48.29,10GB,8,High,6,5.06,9,6,1.06,3813.16,362.54,4,Movies,News,YouTube,1.72,2.76
23,Female,Germany,Unemployed,Widowed,1.24,2.76,0.85,1.74,0.03,Twitter,9.72,Smartphone,29.13,Unlimited,8,Moderate,8,4.77,2,9,2.94,1954.07,136.55,3,News,Education,Amazon Prime,1.35,2.93
19,Other,Australia,Retired,Married,7.03,8.52,0.96,3.87,4.14,Facebook,4.47,Tablet,53.5,10GB,7,Moderate,3,8.52,8,4,0.89,8259.1,202.45,2,News,Entertainment,Netflix,1.11,2.25
44,Other,India,Professional,Divorced,1.19,9.91,3.07,2.49,2.69,Instagram,4.07,Smartphone,88.54,10GB,5,High,4,6.79,7,2,2.13,2125.4,266.79,0,Movies,Networking,Netflix,1.45,2.98
53,Other,USA,Student,Single,5.77,7.1,1.38,1.04,1.13,Facebook,9.92,Smartphone,20.12,50GB,2,High,6,7.66,8,3,2.38,4080.36,374.56,2,Series,Networking,YouTube,3.07,0.64
46,Female,Germany,Student,Married,5.64,1.45,1.46,0.69,2.0,Facebook,11.32,Smartphone,70.48,Unlimited,6,High,3,8.32,6,8,1.36,7746.84,34.01,0,Series,Networking,Netflix,3.27,2.25
40,Male,UK,Professional,Divorced,0.89,6.64,1.62,2.47,0.13,Instagram,7.86,Tablet,81.36,10GB,1,Low,1,5.45,1,8,0.25,4832.59,480.44,3,News,News,YouTube,1.14,0.01
15,Female,USA,Unemployed,Single,5.84,3.86,2.36,5.73,2.09,Twitter,5.22,Tablet,51.65,10GB,8,Moderate,4,4.13,3,6,2.59,1734.21,359.74,1,Short Videos,News,Spotify,0.26,2.96
63,Other,India,Unemployed,Single,3.22,2.24,5.0,0.69,0.61,Facebook,8.81,Smartphone,64.51,Unlimited,9,High,5,4.75,9,4,1.01,6572.18,133.25,5,Series,Entertainment,Spotify,2.98,2.98
54,Other,USA,Professional,Married,6.67,4.22,4.92,6.32,2.19,Facebook,10.45,Tablet,75.14,10GB,8,Moderate,4,5.89,8,7,2.63,2233.93,168.19,3,News,Entertainment,Netflix,2.83,2.93
28,Male,Germany,Professional,Widowed,7.87,4.86,4.49,1.9,1.8,TikTok,4.89,PC,82.63,50GB,3,High,7,5.29,3,5,0.4,4322.3,145.09,1,News,News,Spotify,0.54,1.47
63,Male,UK,Student,Divorced,7.29,9.75,2.81,6.7,0.96,Instagram,6.94,PC,16.37,50GB,2,Low,5,6.25,1,3,0.03,2463.73,263.52,3,Short Videos,Education,Amazon Prime,1.3,2.04
44,Other,UK,Retired,Single,3.46,1.81,4.78,6.8,1.87,Facebook,10.84,Smartphone,77.27,50GB,1,Moderate,2,7.07,1,9,0.36,7763.69,450.28,2,Movies,Entertainment,Netflix,2.86,0.21
43,Other,Germany,Retired,Widowed,4.28,3.26,2.62,1.99,0.76,YouTube,11.63,PC,29.55,Unlimited,4,Moderate,9,7.73,6,5,0.29,8345.4,156.72,2,Movies,News,Amazon Prime,0.59,0.88
51,Other,USA,Retired,Divorced,3.79,3.21,2.52,4.78,4.41,Facebook,9.35,Tablet,41.66,50GB,2,Low,6,6.17,6,9,1.16,7810.35,115.73,5,Movies,Education,Amazon Prime,2.49,2.21
55,Female,Germany,Professional,Divorced,3.47,6.53,3.75,5.15,2.45,Twitter,9.21,Tablet,67.71,50GB,1,High,5,6.79,2,1,1.2,8830.67,493.55,1,News,Networking,Netflix,0.25,0.01
47,Male,Australia,Professional,Divorced,1.29,8.58,2.88,2.26,0.63,Instagram,2.46,Smartphone,48.53,10GB,1,Moderate,4,6.48,7,3,1.67,8314.18,164.47,2,News,Networking,Spotify,0.08,2.98
19,Male,Canada,Student,Single,5.04,8.87,2.89,1.73,0.6,Twitter,5.56,PC,69.09,Unlimited,1,Low,7,8.61,4,8,1.74,4775.42,373.56,4,News,Education,Amazon Prime,2.57,2.71
30,Female,Germany,Professional,Married,3.43,4.27,4.06,1.01,0.23,Instagram,7.46,Tablet,49.93,Unlimited,3,Low,4,4.68,8,1,0.6,6642.26,57.4,0,Movies,Entertainment,Amazon Prime,0.28,0.6
61,Female,India,Unemployed,Widowed,1.32,3.89,1.23,4.97,0.79,TikTok,5.8,PC,26.04,Unlimited,5,High,7,8.47,6,4,1.59,7739.43,123.02,4,Movies,News,Amazon Prime,2.3,0.43
24,Other,USA,Unemployed,Single,6.12,4.8,1.59,2.54,3.17,Twitter,7.64,PC,63.26,10GB,7,Low,4,4.41,9,2,2.68,3509.35,168.5,4,Short Videos,Networking,Amazon Prime,1.55,0.28
32,Female,Canada,Retired,Married,2.14,2.01,3.09,6.47,0.64,TikTok,10.55,PC,7.01,50GB,3,High,6,6.18,9,6,1.24,9794.29,461.78,5,News,Networking,Spotify,1.21,1.82
35,Male,India,Professional,Divorced,5.98,8.1,3.13,5.08,0.14,Instagram,6.85,Smartphone,96.09,10GB,2,Moderate,3,4.26,7,1,2.92,2059.03,237.19,0,Movies,Networking,Netflix,3.03,0.76
35,Female,India,Unemployed,Single,3.02,7.76,2.15,4.65,3.5,Facebook,4.22,Smartphone,87.25,Unlimited,8,High,4,4.59,2,5,1.58,2932.23,320.67,2,Movies,News,Spotify,0.8,2.12
44,Female,Germany,Unemployed,Widowed,4.75,5.29,1.1,6.37,2.38,Instagram,4.79,Smartphone,87.3,10GB,6,High,9,5.32,6,9,2.78,5907.38,402.23,0,Movies,News,Spotify,0.46,2.9
62,Other,Canada,Professional,Single,2.86,1.41,2.07,2.85,1.08,Twitter,11.81,PC,64.29,Unlimited,2,High,8,5.54,7,3,1.92,7617.63,417.38,1,News,Networking,YouTube,1.41,2.37
25,Other,USA,Retired,Widowed,3.02,0.84,3.48,3.78,4.33,Twitter,3.78,Smartphone,17.44,10GB,8,Low,6,5.44,4,3,0.37,8706.9,32.1,4,News,News,Spotify,2.28,1.7
19,Female,Canada,Unemployed,Single,5.4,1.61,4.47,5.99,0.12,TikTok,11.04,Smartphone,57.68,50GB,4,Moderate,8,7.48,2,1,0.73,4908.74,493.57,2,Movies,Education,YouTube,0.53,2.42
23,Other,Australia,Student,Divorced,1.92,2.46,1.38,4.77,3.97,YouTube,7.8,PC,75.96,Unlimited,5,Moderate,3,4.54,1,8,2.03,4108.25,407.74,2,Series,Education,Amazon Prime,1.97,0.05
59,Male,India,Unemployed,Divorced,5.09,1.81,4.98,2.33,1.31,Facebook,2.31,PC,45.78,50GB,3,High,6,6.27,3,2,1.68,6913.28,427.35,4,Movies,Education,Netflix,3.83,1.21
46,Female,India,Unemployed,Married,5.94,0.85,2.71,1.5,4.26,Twitter,7.1,PC,16.52,Unlimited,7,Low,9,4.71,2,9,1.85,3394.68,316.22,4,Series,Entertainment,YouTube,2.01,1.46
27,Female,India,Retired,Married,3.64,6.06,1.0,1.64,1.81,Twitter,4.81,Smartphone,46.89,Unlimited,5,Moderate,6,4.27,5,7,2.67,6778.49,75.61,1,News,Education,Netflix,1.45,1.73
55,Male,UK,Retired,Married,3.7,0.59,3.11,2.44,2.49,TikTok,5.46,Smartphone,69.97,50GB,1,Low,4,4.32,8,3,2.86,8337.92,283.68,0,Short Videos,Education,Spotify,2.12,2.47
57,Other,India,Professional,Single,1.04,1.34,1.35,2.46,4.19,Instagram,5.96,PC,12.89,Unlimited,6,High,6,7.18,5,5,2.99,4138.86,189.2,0,News,Entertainment,Spotify,0.1,2.64
57,Other,Germany,Professional,Single,7.96,7.24,3.74,2.27,0.77,Instagram,5.08,PC,89.75,50GB,4,Moderate,7,7.82,7,9,1.61,4301.21,290.76,3,News,Networking,YouTube,2.35,1.76
60,Female,India,Professional,Married,4.41,3.31,4.19,6.7,1.06,Facebook,6.94,Smartphone,10.01,Unlimited,5,High,5,6.66,2,4,1.32,8656.84,408.12,3,Series,Education,Netflix,0.01,2.82
26,Female,UK,Student,Widowed,1.18,1.16,3.68,6.0,2.14,YouTube,4.37,Tablet,23.09,50GB,7,Low,8,8.77,5,4,0.59,1099.67,310.91,4,News,Education,Netflix,2.84,2.79
52,Male,UK,Unemployed,Widowed,6.94,7.68,0.38,5.66,2.72,YouTube,7.46,Tablet,18.62,50GB,7,High,3,6.15,4,5,2.17,2543.47,424.28,4,News,News,Netflix,0.5,1.58
36,Other,USA,Student,Single,6.64,6.42,1.01,1.71,3.1,Twitter,2.85,PC,27.66,10GB,5,Moderate,6,6.6,3,8,1.8,3776.94,307.98,2,Short Videos,Networking,YouTube,3.48,0.16
56,Male,Australia,Retired,Single,7.81,8.03,3.03,6.1,0.51,YouTube,10.94,Smartphone,81.56,10GB,5,High,2,7.13,9,7,2.58,767.74,452.23,0,Movies,Networking,Amazon Prime,2.08,2.44
50,Female,Australia,Student,Married,7.79,6.65,2.24,1.79,3.88,Facebook,2.78,Tablet,13.08,50GB,2,Moderate,9,5.85,8,2,1.96,579.99,199.24,5,Short Videos,Entertainment,YouTube,0.12,0.7
53,Female,Germany,Retired,Divorced,5.66,9.73,2.8,3.86,1.11,Instagram,4.81,Smartphone,80.99,Unlimited,4,Moderate,9,4.94,4,6,0.07,9118.27,194.48,1,Series,Education,YouTube,0.41,2.47
47,Other,Australia,Retired,Single,4.27,5.12,3.53,5.99,0.42,Facebook,9.48,Tablet,24.4,10GB,1,Moderate,8,6.62,5,2,0.64,1119.97,476.5,1,Movies,Education,Amazon Prime,0.33,2.79
22,Other,UK,Professional,Widowed,2.36,4.81,1.04,3.19,4.87,YouTube,3.32,PC,53.81,10GB,7,High,4,4.34,8,9,0.62,1736.26,393.13,5,Short Videos,Networking,Netflix,1.19,2.75
41,Male,Canada,Retired,Single,2.94,6.3,0.76,4.46,4.34,Twitter,3.44,PC,52.95,50GB,8,Low,6,7.19,4,1,1.44,4588.78,334.18,2,News,Education,Netflix,3.16,1.78
64,Other,USA,Unemployed,Single,4.16,3.86,2.18,4.34,1.88,Twitter,9.8,Tablet,94.34,Unlimited,9,High,8,4.16,5,5,0.86,8551.04,352.56,5,Series,Networking,Amazon Prime,1.74,2.87
61,Male,India,Retired,Widowed,4.58,0.64,0.39,2.79,1.86,YouTube,4.38,Tablet,27.04,50GB,3,Low,7,7.56,7,1,1.27,8434.92,157.97,5,Movies,Networking,Spotify,0.7,1.75
15,Female,Australia,Professional,Widowed,1.55,4.96,1.52,1.94,3.02,YouTube,8.26,Tablet,32.93,Unlimited,5,Low,8,6.69,5,8,1.37,949.11,240.13,1,Movies,Entertainment,Amazon Prime,2.4,0.44
21,Male,USA,Retired,Divorced,0.93,2.17,3.98,3.6,2.75,YouTube,2.17,Tablet,5.69,10GB,2,Moderate,8,4.53,7,8,1.35,4509.39,175.67,2,Short Videos,Entertainment,YouTube,2.35,0.01
19,Other,Australia,Student,Divorced,3.57,7.99,2.81,6.86,0.73,TikTok,7.65,Smartphone,21.14,10GB,7,High,4,6.8,5,3,0.98,2593.36,359.81,2,Series,Education,Amazon Prime,0.36,1.02
50,Other,UK,Professional,Married,6.13,0.87,4.34,3.91,0.07,Twitter,6.82,Tablet,20.27,50GB,8,Low,2,4.16,7,3,1.14,1802.12,2.83,2,Series,Education,Amazon Prime,0.6,0.31
55,Male,Canada,Unemployed,Married,5.19,2.47,2.62,1.74,3.13,Twitter,9.41,PC,29.05,50GB,1,Low,4,5.92,4,1,2.5,5097.79,221.05,0,Series,Networking,Amazon Prime,2.33,2.73
24,Male,Germany,Professional,Widowed,6.88,5.9,2.19,5.43,1.76,Twitter,8.71,PC,78.81,Unlimited,4,High,7,4.96,9,9,2.9,3962.94,419.42,2,Series,Entertainment,Amazon Prime,3.15,2.09
39,Other,UK,Retired,Divorced,7.66,8.19,1.53,2.28,2.96,Instagram,4.66,Tablet,62.32,Unlimited,1,Moderate,7,8.78,5,9,0.58,5332.78,24.79,2,Series,News,Spotify,1.39,1.03
56,Male,Canada,Retired,Single,4.63,5.92,1.27,5.72,0.68,Twitter,3.0,PC,99.41,10GB,4,High,7,8.55,7,8,2.24,9520.9,412.61,5,News,News,YouTube,1.44,0.46
51,Other,Canada,Student,Married,4.31,8.13,1.99,4.09,1.89,TikTok,6.82,PC,34.57,10GB,8,Low,7,4.81,1,8,1.6,8722.02,381.43,0,Movies,Networking,YouTube,1.69,2.11
41,Other,Australia,Unemployed,Single,3.62,7.06,1.98,3.84,3.56,TikTok,2.57,Tablet,46.8,10GB,2,Moderate,1,6.69,8,3,0.33,6195.36,48.73,1,News,Education,Amazon Prime,3.31,1.66
43,Female,UK,Retired,Single,5.77,3.61,1.62,2.6,1.69,Instagram,10.96,PC,14.87,Unlimited,7,Low,3,5.6,8,3,2.81,2917.4,181.56,2,Series,Education,Netflix,3.96,0.27
39,Male,USA,Retired,Widowed,3.37,2.8,4.92,6.9,1.69,Facebook,6.59,Tablet,52.23,10GB,1,Moderate,2,4.12,1,2,1.53,9254.9,365.65,0,Short Videos,News,YouTube,1.6,1.83
28,Female,India,Student,Divorced,2.89,4.0,4.07,4.87,2.4,Twitter,6.0,PC,28.8,50GB,7,Moderate,1,5.86,9,4,2.1,5594.8,5.89,1,Series,News,Netflix,3.32,2.92
42,Other,India,Student,Widowed,3.92,7.36,2.92,0.6,4.6,Twitter,7.08,PC,81.79,50GB,9,High,9,7.67,4,1,0.16,1043.57,156.04,3,News,Networking,Amazon Prime,3.55,0.89
48,Male,USA,Student,Married,1.25,7.22,2.3,6.74,4.94,Instagram,5.21,Tablet,38.84,Unlimited,5,High,4,4.1,2,7,0.42,8362.59,235.27,3,Movies,Networking,Amazon Prime,3.71,2.61
58,Male,USA,Student,Divorced,5.26,7.67,1.67,2.05,0.69,YouTube,5.52,Tablet,11.35,10GB,4,High,6,4.06,7,2,1.86,8481.69,387.14,1,Short Videos,News,Spotify,0.48,2.62
46,Male,UK,Student,Married,3.92,8.95,2.68,0.51,2.26,YouTube,9.77,Smartphone,83.09,50GB,2,Low,2,5.17,7,6,2.02,6935.25,377.44,0,Short Videos,Networking,Spotify,1.29,2.0
52,Male,Germany,Professional,Single,7.75,4.63,4.96,4.98,0.99,Facebook,5.5,Tablet,5.05,Unlimited,4,Moderate,4,5.93,5,7,2.86,4305.54,359.52,5,Short Videos,News,Spotify,1.14,2.06
21,Other,Australia,Unemployed,Divorced,7.15,6.02,4.95,4.89,4.54,YouTube,8.77,Smartphone,23.56,Unlimited,8,High,5,7.55,1,2,0.72,6682.32,253.19,5,Short Videos,News,Spotify,2.79,1.66
37,Male,Canada,Unemployed,Divorced,2.03,5.71,1.39,4.63,2.41,YouTube,7.12,Tablet,6.1,Unlimited,2,Low,4,6.58,8,7,2.71,5853.76,107.99,2,News,Entertainment,Spotify,0.23,0.6
13,Male,India,Retired,Single,0.78,3.32,2.49,6.43,2.24,TikTok,10.58,Smartphone,38.24,50GB,5,Low,8,8.21,5,3,2.52,8296.33,125.97,3,News,Education,Netflix,1.96,2.0
25,Other,USA,Professional,Single,7.41,3.12,0.51,2.37,1.1,YouTube,4.56,PC,37.21,Unlimited,4,Moderate,8,6.82,1,6,2.98,2231.49,394.97,2,Series,Entertainment,Netflix,2.39,2.66
50,Male,USA,Student,Single,7.46,4.01,2.37,4.54,3.27,Twitter,7.79,Smartphone,44.33,Unlimited,6,Low,2,8.36,9,3,2.03,1232.16,0.41,1,Short Videos,Networking,Amazon Prime,3.66,1.81
64,Other,India,Retired,Divorced,7.67,4.35,1.41,3.62,0.16,YouTube,3.4,Tablet,85.02,Unlimited,3,High,4,5.67,1,5,1.72,5516.49,478.76,2,News,Networking,Spotify,1.21,0.87
18,Male,USA,Professional,Single,2.01,6.41,1.61,5.36,1.26,Instagram,10.22,Smartphone,74.84,50GB,9,High,2,4.47,3,9,2.29,9417.93,332.38,3,News,Entertainment,YouTube,0.24,1.09
33,Female,Australia,Unemployed,Single,6.26,8.41,3.24,5.08,0.14,Facebook,2.95,PC,71.51,50GB,5,High,5,8.71,1,5,2.93,1003.21,349.82,1,News,Networking,Amazon Prime,3.52,1.42
54,Male,Australia,Unemployed,Divorced,3.14,1.26,0.43,2.97,3.4,TikTok,10.98,PC,98.17,50GB,5,Low,9,8.5,5,7,2.19,5345.12,62.61,1,Series,Entertainment,Amazon Prime,3.93,0.27
23,Female,UK,Unemployed,Married,1.88,5.0,4.63,6.81,2.6,Twitter,9.84,PC,83.32,10GB,6,Moderate,3,7.87,8,1,0.01,7472.61,329.96,1,Series,Networking,Netflix,0.34,1.22
41,Female,Canada,Student,Widowed,3.99,8.23,3.51,0.89,4.53,Instagram,7.17,PC,48.57,50GB,3,Moderate,3,4.29,5,4,1.81,6690.76,225.97,3,Series,Education,Spotify,2.64,2.18
51,Other,USA,Student,Widowed,7.68,6.77,3.83,2.59,1.56,TikTok,4.64,Tablet,71.71,Unlimited,8,Moderate,8,8.55,9,3,0.66,5357.24,64.93,2,Short Videos,News,Netflix,0.07,0.11
45,Other,USA,Retired,Married,2.77,6.56,0.25,1.65,1.35,YouTube,7.3,Tablet,6.72,10GB,7,Low,6,4.08,4,8,0.77,4647.36,466.95,2,Movies,News,Spotify,3.42,2.09
22,Female,UK,Retired,Married,5.89,5.33,0.35,6.88,0.34,Instagram,11.47,PC,85.65,Unlimited,4,High,8,7.48,9,1,1.18,2790.21,252.02,1,Short Videos,News,Spotify,1.36,2.48
31,Other,India,Student,Widowed,4.91,4.01,0.9,1.64,1.86,Instagram,6.09,PC,66.57,10GB,7,Low,5,8.62,7,6,2.11,3964.17,268.45,4,Movies,Entertainment,Amazon Prime,1.65,1.5
53,Other,India,Professional,Divorced,6.58,0.91,2.08,1.86,0.44,Facebook,10.03,Smartphone,10.51,50GB,8,Low,1,4.07,7,6,1.13,6919.23,231.04,3,Series,Networking,YouTube,2.42,2.69
41,Male,UK,Professional,Widowed,4.65,9.35,1.74,4.37,4.11,TikTok,11.58,PC,64.8,Unlimited,4,Low,3,5.9,5,1,0.73,7788.87,474.72,3,Series,Entertainment,YouTube,0.79,0.75
13,Male,Australia,Student,Widowed,2.79,9.52,0.55,4.18,2.36,Twitter,9.7,Tablet,55.57,10GB,8,High,1,4.99,4,2,2.03,806.21,420.99,5,Series,Education,Amazon Prime,3.79,0.89
52,Female,Germany,Retired,Widowed,1.6,6.11,4.9,6.5,2.32,Instagram,3.87,Smartphone,56.13,10GB,8,High,2,8.74,3,2,1.46,6770.84,450.12,1,News,Entertainment,Amazon Prime,2.52,2.52
14,Female,UK,Professional,Married,7.79,9.23,1.49,3.45,2.21,Instagram,11.14,Tablet,54.49,50GB,2,Moderate,3,4.43,9,8,1.36,8262.76,275.21,2,Short Videos,Education,Spotify,2.85,2.63
51,Female,UK,Student,Divorced,3.63,4.79,3.15,5.23,2.61,TikTok,2.75,Smartphone,85.03,50GB,6,High,4,6.18,4,4,0.14,5366.34,65.32,0,News,Networking,Amazon Prime,2.86,1.87
23,Other,Australia,Retired,Married,6.54,9.11,2.45,6.39,3.81,Instagram,5.31,Smartphone,89.99,50GB,5,High,5,6.19,2,7,0.04,3793.67,451.91,2,Short Videos,Entertainment,YouTube,2.41,1.16
62,Other,India,Retired,Widowed,2.68,3.38,1.52,6.71,3.02,Facebook,2.14,Smartphone,40.28,Unlimited,8,High,9,5.26,2,9,1.17,734.64,405.03,1,News,Entertainment,Amazon Prime,1.89,0.85
32,Other,USA,Professional,Single,5.92,2.23,4.07,4.74,1.65,TikTok,8.38,PC,34.3,10GB,7,Low,8,7.56,6,9,2.7,4074.9,37.32,0,News,Education,Amazon Prime,2.73,1.37
30,Female,Canada,Professional,Widowed,6.39,2.84,0.83,1.34,2.16,TikTok,8.33,Smartphone,17.49,50GB,4,Low,3,6.82,1,1,2.02,640.3,478.98,4,News,Networking,YouTube,1.9,1.64
20,Female,USA,Student,Widowed,7.58,4.6,1.98,4.09,1.0,Instagram,6.61,Smartphone,12.52,Unlimited,3,High,9,4.11,3,1,1.02,3388.64,436.21,5,Short Videos,Networking,Netflix,1.4,2.78
28,Other,Canada,Retired,Widowed,5.36,9.76,1.48,6.71,0.86,Facebook,10.76,Smartphone,30.92,50GB,6,High,9,6.64,7,5,2.83,5769.56,225.27,5,Series,Networking,Spotify,1.75,0.29
58,Female,UK,Professional,Widowed,3.27,1.8,0.87,1.34,1.89,TikTok,9.54,Smartphone,82.16,Unlimited,4,Moderate,6,6.77,2,3,0.51,7240.17,3.5,4,Short Videos,News,YouTube,3.22,0.71
64,Other,Australia,Unemployed,Married,7.34,0.82,4.58,4.42,2.86,Facebook,9.64,Smartphone,84.58,Unlimited,8,Low,3,8.47,5,9,0.97,8425.92,78.42,0,Short Videos,Networking,YouTube,3.52,0.57
32,Other,India,Unemployed,Married,4.49,9.92,2.89,6.96,2.69,Twitter,2.12,PC,93.37,Unlimited,6,Low,4,5.76,2,2,1.62,6821.76,68.03,3,News,Entertainment,Amazon Prime,2.03,1.73
36,Female,USA,Retired,Divorced,5.6,2.51,1.49,4.88,4.83,Facebook,3.8,Smartphone,12.89,10GB,8,High,1,8.0,6,8,1.98,6238.81,47.11,2,Series,News,Amazon Prime,0.67,0.17
50,Male,Germany,Retired,Widowed,5.25,2.93,2.0,1.25,3.84,YouTube,7.06,Smartphone,79.83,Unlimited,2,Moderate,8,5.37,8,3,1.26,8670.25,375.41,2,Series,Education,Spotify,2.87,1.86
59,Other,India,Unemployed,Divorced,4.71,8.74,0.25,3.74,0.05,Twitter,10.09,Smartphone,58.12,50GB,4,High,8,4.24,5,8,2.59,8185.38,275.25,4,News,Entertainment,Netflix,1.71,2.64
43,Male,Australia,Unemployed,Divorced,4.69,7.52,4.53,2.07,4.99,YouTube,4.4,Smartphone,26.02,50GB,5,High,5,4.31,2,9,1.9,8426.26,410.21,2,News,Entertainment,Netflix,1.71,0.96
33,Male,Canada,Student,Divorced,6.78,6.71,3.2,2.22,0.31,Instagram,4.32,Smartphone,40.33,50GB,9,Low,4,7.58,3,2,2.96,7326.84,53.24,0,News,Entertainment,YouTube,0.86,0.16
34,Male,India,Student,Widowed,3.61,5.36,3.05,3.41,4.5,Instagram,4.33,PC,67.17,10GB,4,Low,6,4.09,6,5,0.42,2888.43,496.56,0,Movies,Networking,Amazon Prime,1.41,2.01
49,Female,Australia,Unemployed,Single,5.5,0.77,4.91,6.63,2.75,YouTube,4.13,Tablet,52.18,Unlimited,5,Moderate,7,8.44,4,8,1.98,6147.85,29.14,3,Movies,Networking,Netflix,3.66,1.19
13,Male,Canada,Professional,Divorced,1.17,2.88,2.53,2.39,3.6,TikTok,8.23,Tablet,62.03,Unlimited,1,Low,1,7.43,4,3,1.06,4502.29,326.61,5,Short Videos,News,Netflix,1.17,0.65
45,Other,USA,Retired,Married,7.71,5.05,1.37,0.69,3.15,Facebook,7.36,PC,83.41,Unlimited,1,Low,7,6.63,1,2,1.91,6703.47,161.97,0,Movies,Education,Amazon Prime,3.98,0.3
31,Other,UK,Unemployed,Divorced,5.97,4.55,4.41,2.9,0.13,Instagram,6.02,Tablet,67.83,Unlimited,5,Low,4,7.96,5,7,1.01,4198.75,140.91,2,Movies,Education,YouTube,3.74,0.27
54,Other,UK,Retired,Divorced,5.19,0.74,4.23,3.18,3.69,Instagram,11.43,PC,68.34,10GB,2,Moderate,4,4.99,8,6,0.89,3361.56,202.55,5,Series,Education,Spotify,3.06,2.88
17,Female,India,Unemployed,Single,7.12,4.14,3.82,6.3,3.01,Facebook,2.13,Tablet,82.94,50GB,6,High,3,4.82,8,1,0.34,8533.48,39.41,1,Series,Education,Spotify,0.81,1.73
43,Male,UK,Student,Married,7.16,1.71,2.02,6.51,3.18,Instagram,5.37,PC,46.37,50GB,1,Moderate,5,8.48,3,1,2.43,7963.98,374.31,3,Short Videos,News,Netflix,1.5,0.1
38,Other,UK,Unemployed,Widowed,1.02,0.73,0.56,4.87,4.5,Twitter,7.07,Tablet,13.77,50GB,1,High,7,8.29,1,3,1.59,5770.72,382.71,3,Series,Education,YouTube,0.12,1.21
46,Other,Germany,Student,Single,3.28,3.7,1.87,1.31,4.22,YouTube,9.16,Smartphone,20.89,Unlimited,9,Low,1,7.74,3,9,2.79,9175.09,352.5,1,Series,Entertainment,YouTube,3.3,2.68
16,Male,USA,Student,Divorced,7.48,2.48,0.27,1.21,0.51,Twitter,9.06,PC,20.96,10GB,4,Moderate,9,4.1,1,3,0.29,6454.81,400.77,5,News,Entertainment,Spotify,3.86,2.28
43,Other,USA,Unemployed,Single,5.16,3.62,0.63,3.22,4.87,Twitter,6.63,Tablet,91.8,10GB,1,Moderate,8,8.19,5,7,0.1,9790.45,400.04,0,Short Videos,Networking,Netflix,1.39,1.25
42,Female,Australia,Student,Single,1.86,3.51,0.33,2.37,0.25,Facebook,10.67,Smartphone,15.68,Unlimited,2,High,5,6.08,7,2,2.39,5823.97,496.23,4,Short Videos,Education,Amazon Prime,2.57,1.24
42,Other,India,Unemployed,Divorced,4.76,3.12,1.4,2.71,4.73,Instagram,7.43,Tablet,82.51,50GB,2,Moderate,7,5.92,2,3,1.01,5966.58,28.99,0,Short Videos,Networking,YouTube,0.7,1.58
44,Other,Australia,Retired,Widowed,3.18,0.65,1.59,5.17,0.56,Twitter,4.98,Tablet,33.42,50GB,7,Low,4,8.4,7,1,0.23,8496.92,287.15,0,News,Networking,Amazon Prime,1.25,2.76
48,Female,Canada,Student,Divorced,4.7,7.84,1.81,5.65,4.25,Facebook,7.75,Smartphone,10.87,50GB,9,Low,1,8.08,1,4,2.8,9572.86,220.82,1,Short Videos,Entertainment,Netflix,1.41,0.56
54,Other,USA,Professional,Single,5.24,4.81,2.65,5.48,2.71,Instagram,8.3,Smartphone,18.32,10GB,9,Moderate,8,6.22,4,7,2.08,8857.63,242.1,1,Movies,Networking,YouTube,3.01,1.12
27,Other,India,Student,Married,7.41,6.25,3.77,1.29,1.43,Instagram,3.31,Tablet,6.19,50GB,7,Low,3,6.33,4,7,2.68,8172.02,478.51,0,Short Videos,News,Spotify,2.37,2.96
55,Female,Canada,Student,Single,7.78,6.01,0.49,6.26,0.72,Facebook,4.02,Smartphone,63.33,Unlimited,2,High,2,8.92,5,3,2.87,2447.86,181.3,3,Series,Networking,Netflix,2.64,1.4
38,Male,Australia,Student,Widowed,5.77,2.95,0.42,0.62,1.41,Facebook,4.61,PC,63.74,Unlimited,3,Moderate,3,8.6,5,6,0.06,5112.73,328.58,1,Series,Networking,Netflix,1.44,2.35
17,Male,Australia,Student,Single,5.93,2.07,3.61,3.93,0.23,Twitter,5.37,Tablet,54.0,50GB,4,High,4,6.62,5,4,0.58,1523.37,175.0,3,News,News,YouTube,0.09,1.08
16,Other,UK,Student,Widowed,3.45,0.88,1.08,4.75,4.43,Facebook,4.21,PC,82.29,10GB,4,Low,9,8.95,5,4,1.29,2341.92,417.05,2,Short Videos,Education,Amazon Prime,3.37,2.31
30,Male,UK,Unemployed,Married,5.72,1.46,0.53,1.04,0.66,Twitter,4.49,Tablet,98.53,10GB,5,Moderate,8,7.41,2,8,0.96,7298.99,242.15,1,News,Networking,Netflix,2.32,0.18
53,Male,Germany,Student,Single,7.18,0.6,1.97,5.3,2.43,TikTok,2.19,Tablet,32.47,10GB,3,Moderate,3,5.33,9,3,2.54,7116.01,305.66,0,News,Networking,Netflix,1.32,1.61
49,Male,India,Professional,Married,7.59,8.58,0.81,4.18,1.21,Twitter,6.2,PC,94.44,10GB,4,Low,8,7.99,2,1,1.1,2740.54,450.12,4,Series,Networking,Spotify,0.42,1.15
54,Female,Germany,Unemployed,Divorced,2.46,5.61,4.46,1.39,1.24,Twitter,8.88,Tablet,11.71,10GB,1,Low,2,4.2,8,8,1.37,6767.67,374.57,2,Series,Networking,YouTube,3.87,2.27
39,Female,Australia,Retired,Divorced,4.19,1.7,3.42,3.72,0.05,Twitter,6.51,Tablet,56.54,Unlimited,8,Moderate,6,7.34,9,6,0.21,2409.01,342.58,5,Movies,Networking,Netflix,0.32,0.57
35,Other,USA,Retired,Widowed,1.11,4.79,3.05,6.19,1.22,TikTok,2.43,PC,68.18,50GB,1,Moderate,5,6.41,2,5,0.71,5052.5,449.35,5,Short Videos,Entertainment,Amazon Prime,3.56,2.06
20,Male,Germany,Professional,Married,5.62,4.38,0.61,5.65,0.25,Instagram,7.98,PC,34.97,10GB,1,Moderate,8,4.56,9,3,2.53,1675.2,321.94,5,Movies,Networking,Spotify,3.86,1.02
30,Female,Canada,Unemployed,Widowed,5.32,4.45,1.9,0.84,0.94,TikTok,3.2,Tablet,58.75,Unlimited,2,Moderate,9,6.99,5,6,1.09,9251.16,224.29,1,Short Videos,Entertainment,YouTube,0.9,2.09
35,Male,USA,Unemployed,Widowed,0.77,2.2,4.77,5.87,0.46,TikTok,7.23,Tablet,81.66,50GB,4,Low,7,8.24,8,6,2.16,2931.0,426.0,4,Series,Networking,YouTube,2.14,1.79
17,Male,Canada,Retired,Single,2.13,3.31,2.94,0.67,3.1,TikTok,9.12,Smartphone,19.62,Unlimited,8,High,2,6.4,8,1,0.22,8288.68,0.05,2,Series,Education,YouTube,3.23,2.78
24,Other,India,Student,Widowed,7.35,2.37,2.53,4.63,4.39,TikTok,3.05,Smartphone,47.61,10GB,7,Moderate,3,5.9,2,3,2.25,1367.19,174.35,2,Series,Entertainment,Netflix,0.95,2.5
44,Other,Australia,Professional,Widowed,5.08,3.1,3.03,5.44,1.51,Instagram,8.33,Smartphone,97.51,50GB,6,Low,3,7.61,2,2,0.74,2951.31,0.59,4,Movies,Education,Amazon Prime,1.39,0.92
51,Female,Germany,Retired,Married,5.44,3.41,0.53,3.27,0.69,Twitter,10.63,Smartphone,81.92,Unlimited,6,Low,7,7.37,3,5,1.63,8670.9,12.38,3,Series,Networking,Spotify,1.71,1.28
64,Female,Germany,Unemployed,Married,2.82,4.85,4.92,0.88,2.01,YouTube,2.32,Tablet,15.55,10GB,1,Low,7,8.05,3,6,1.41,1230.79,73.82,0,Movies,Education,Netflix,1.41,1.95
61,Female,USA,Professional,Married,3.95,1.6,4.94,1.6,0.5,Twitter,10.92,PC,53.63,10GB,2,Moderate,5,4.14,5,1,0.69,8127.11,108.03,3,Short Videos,Networking,Spotify,0.9,1.74
46,Female,UK,Retired,Married,1.56,8.91,0.24,4.22,3.2,YouTube,4.95,Smartphone,84.66,Unlimited,9,Low,4,5.41,1,4,1.0,7944.4,168.64,5,Short Videos,Networking,Spotify,3.59,0.69
34,Male,Germany,Student,Divorced,3.72,8.13,0.3,5.41,3.57,Facebook,6.79,Smartphone,34.59,Unlimited,8,Low,6,4.77,5,4,2.82,1139.19,461.38,1,Short Videos,Education,Amazon Prime,1.72,0.79
46,Female,UK,Student,Divorced,5.34,4.15,3.63,0.77,0.73,TikTok,2.25,PC,60.07,Unlimited,1,High,4,4.17,6,6,2.12,7529.03,201.99,0,News,Education,YouTube,1.59,2.05
53,Other,Germany,Student,Single,7.47,6.74,3.01,4.74,1.46,Twitter,5.99,PC,47.33,50GB,7,Low,9,6.65,4,6,1.37,8245.29,461.96,4,News,Education,YouTube,2.97,1.36
19,Other,Germany,Professional,Divorced,4.8,7.16,4.54,6.03,2.98,Twitter,3.91,Smartphone,33.79,10GB,7,High,7,8.29,3,2,2.5,855.97,316.62,2,Series,News,Amazon Prime,0.77,0.2
34,Other,Canada,Student,Single,6.36,6.43,2.21,5.85,4.57,YouTube,9.41,Tablet,36.6,10GB,1,Low,9,4.2,1,3,1.24,8029.52,450.97,5,Short Videos,News,Netflix,2.74,0.76
56,Female,Canada,Unemployed,Married,7.42,3.44,1.21,1.08,4.79,Facebook,2.99,PC,11.82,Unlimited,8,High,4,8.03,7,5,2.94,3179.25,268.9,4,Series,Education,YouTube,2.32,2.44
32,Other,Canada,Professional,Divorced,4.53,4.18,1.45,0.91,2.32,Facebook,8.71,Smartphone,28.9,Unlimited,4,High,4,4.73,6,7,2.95,8995.76,252.39,2,News,Networking,YouTube,0.63,2.12
42,Male,Canada,Student,Divorced,5.19,4.42,0.33,6.91,2.64,Instagram,9.52,Tablet,84.93,50GB,3,Low,5,4.26,7,2,0.23,6647.15,331.73,4,Movies,Entertainment,Amazon Prime,0.53,2.17
43,Female,Germany,Retired,Widowed,6.91,6.8,2.86,0.51,1.63,TikTok,10.72,Smartphone,10.35,10GB,5,Moderate,2,8.7,4,5,1.77,7214.51,394.91,5,News,News,Spotify,2.01,1.41
22,Female,Australia,Student,Single,5.11,9.09,3.81,5.46,4.97,Instagram,10.34,Smartphone,37.95,Unlimited,5,High,9,5.73,3,5,2.19,2456.63,247.21,4,News,Education,Netflix,1.89,1.8
31,Male,UK,Student,Widowed,1.23,4.01,2.22,0.83,3.65,TikTok,3.84,Tablet,21.33,50GB,1,High,1,4.96,7,3,0.62,9698.44,464.76,4,Series,News,Netflix,0.08,2.11
30,Female,India,Student,Married,3.43,9.2,0.72,4.6,0.64,TikTok,6.96,PC,51.75,10GB,8,Low,6,4.59,2,6,2.41,708.71,171.43,0,Movies,Entertainment,Amazon Prime,2.86,0.4
14,Other,India,Professional,Divorced,7.15,4.01,1.92,6.47,4.75,Facebook,9.72,Smartphone,21.36,Unlimited,8,Low,9,7.37,4,6,0.92,7997.71,116.58,0,Movies,Entertainment,Netflix,0.42,1.8
14,Female,USA,Student,Divorced,7.45,6.32,1.12,5.63,1.67,YouTube,5.98,Tablet,23.72,50GB,2,Moderate,5,7.71,2,2,0.05,2730.54,261.57,5,News,News,Amazon Prime,0.38,0.82
56,Male,USA,Unemployed,Single,7.87,7.51,3.44,4.64,1.0,Facebook,2.31,Tablet,74.32,50GB,6,High,9,7.55,6,4,2.25,5445.33,314.33,2,Short Videos,Entertainment,Amazon Prime,0.51,1.11
27,Other,USA,Retired,Divorced,6.75,3.53,0.79,5.06,4.39,Instagram,9.05,Smartphone,96.3,10GB,1,Moderate,7,8.44,5,7,0.16,8761.38,417.02,4,Movies,Education,Netflix,0.8,0.46
39,Male,Germany,Retired,Married,3.5,8.45,0.24,3.6,4.47,Facebook,3.35,Tablet,77.69,50GB,1,Low,2,8.2,6,3,1.62,5333.18,328.04,1,Movies,News,Spotify,2.97,0.31
28,Male,Australia,Student,Single,5.04,2.44,1.06,6.69,1.15,Instagram,9.39,PC,17.21,10GB,8,Moderate,4,7.61,6,2,2.07,9684.08,81.61,5,Series,Education,YouTube,2.2,1.75
61,Female,UK,Professional,Widowed,4.44,5.85,3.21,5.14,1.96,Twitter,2.52,Smartphone,48.03,50GB,1,Low,8,6.79,4,4,2.07,2087.41,66.21,0,Short Videos,Education,Netflix,1.71,2.03
26,Male,USA,Retired,Married,2.42,7.75,1.72,2.92,1.37,Facebook,8.25,PC,65.92,50GB,9,High,4,8.52,6,8,2.32,6673.21,98.63,1,Series,Education,Netflix,1.96,1.78
35,Other,India,Student,Single,4.8,9.45,3.16,4.5,1.84,TikTok,9.44,PC,47.46,Unlimited,9,Moderate,2,5.51,7,7,2.97,5465.11,46.71,2,Short Videos,News,Spotify,1.57,0.88
58,Male,USA,Professional,Widowed,0.77,5.29,2.86,1.33,1.66,Twitter,5.11,Smartphone,79.82,Unlimited,1,Moderate,9,8.39,6,2,0.06,5182.78,390.42,1,Series,Networking,Amazon Prime,3.97,2.2
56,Other,UK,Professional,Divorced,7.6,1.18,2.27,2.67,2.77,YouTube,5.65,Tablet,55.85,Unlimited,7,Low,6,5.68,7,1,2.02,4654.4,348.63,0,Short Videos,Networking,Netflix,1.01,2.94
22,Other,Canada,Professional,Single,1.73,7.48,2.38,4.0,1.31,Instagram,10.28,Smartphone,57.34,Unlimited,8,Low,6,5.82,6,3,1.82,2280.4,201.1,3,Movies,Entertainment,Spotify,0.09,0.22
54,Other,Canada,Professional,Single,3.54,6.36,2.76,0.86,0.54,Twitter,6.89,Smartphone,59.91,10GB,3,Low,8,5.57,3,8,0.85,9688.83,477.85,5,Movies,Networking,Amazon Prime,2.44,0.59
36,Male,Australia,Unemployed,Widowed,3.46,9.97,0.92,0.78,2.93,Instagram,7.7,Tablet,97.26,10GB,4,Low,1,7.08,5,4,1.47,3037.92,319.95,3,Movies,Education,Netflix,2.05,1.26
38,Other,UK,Professional,Divorced,2.11,8.34,3.79,3.37,3.5,Twitter,5.52,Smartphone,28.01,50GB,3,Low,4,4.33,3,2,1.84,5205.97,397.12,0,Movies,Education,Amazon Prime,0.55,0.67
19,Female,India,Retired,Divorced,1.39,9.65,4.92,3.88,3.09,TikTok,10.29,PC,29.93,10GB,7,Moderate,5,7.85,7,7,1.68,4828.92,119.48,0,Movies,Networking,Spotify,3.06,0.62
17,Other,India,Professional,Divorced,1.92,6.67,2.65,5.93,3.65,YouTube,9.99,Tablet,21.34,Unlimited,9,Low,7,4.65,4,2,1.99,7833.27,432.32,0,News,News,Amazon Prime,2.27,2.87
50,Female,UK,Unemployed,Married,7.72,0.57,1.66,3.36,4.6,Twitter,3.79,PC,68.06,Unlimited,4,High,9,5.75,5,8,1.33,5486.45,230.52,1,Movies,News,Amazon Prime,0.55,2.52
38,Other,Canada,Unemployed,Single,3.17,7.65,3.47,1.72,1.69,YouTube,5.37,Smartphone,15.12,50GB,7,Moderate,6,6.98,9,9,2.46,2134.84,50.62,4,Short Videos,Education,YouTube,2.05,2.47
35,Male,Australia,Student,Single,4.85,3.95,2.89,0.58,1.52,Instagram,7.1,PC,58.6,50GB,6,Low,4,4.4,3,2,2.33,1155.3,438.2,4,News,Networking,Netflix,2.89,2.0
50,Female,USA,Student,Widowed,3.56,0.57,3.62,4.88,3.05,Instagram,6.32,Tablet,30.21,Unlimited,5,Low,5,4.81,2,5,0.06,7799.38,354.08,1,News,Entertainment,Netflix,3.21,1.19
52,Other,Canada,Student,Single,6.05,4.71,0.46,6.3,3.38,Facebook,6.24,Smartphone,69.02,Unlimited,6,Moderate,7,5.1,6,6,0.03,1698.84,113.71,0,Movies,Entertainment,Netflix,1.04,1.92
21,Other,UK,Unemployed,Single,6.87,1.58,4.66,4.15,3.98,TikTok,4.23,Smartphone,61.64,10GB,4,Moderate,7,4.25,7,6,0.03,644.95,437.25,3,Short Videos,Networking,Spotify,3.05,1.16
44,Other,India,Student,Widowed,3.83,3.21,0.57,3.08,0.27,YouTube,7.19,PC,33.96,Unlimited,8,Low,4,5.53,2,7,2.13,1262.24,479.04,4,News,Networking,Amazon Prime,1.05,0.13
20,Male,USA,Retired,Divorced,5.32,3.9,2.74,6.17,1.73,Instagram,6.9,PC,33.3,50GB,9,Moderate,5,5.58,9,3,1.48,9767.29,202.33,5,Series,Entertainment,Spotify,0.5,0.33
52,Male,Canada,Professional,Divorced,5.12,2.5,3.75,4.0,2.64,YouTube,10.35,PC,13.74,10GB,3,Moderate,7,8.8,5,9,1.88,2096.42,127.4,3,Short Videos,Education,YouTube,1.13,0.01
47,Other,USA,Retired,Divorced,4.43,7.33,1.64,4.43,3.37,Instagram,10.06,Tablet,48.0,Unlimited,9,High,4,6.21,1,3,0.35,7366.78,303.15,5,Short Videos,Networking,Netflix,3.66,2.09
62,Female,Canada,Professional,Married,7.04,8.99,1.13,5.55,4.59,Twitter,4.44,Smartphone,46.65,Unlimited,6,High,8,7.77,7,3,2.87,7550.31,475.08,3,Movies,Education,YouTube,1.02,2.0
16,Male,Australia,Student,Single,7.92,8.09,0.28,5.28,2.04,TikTok,10.48,PC,82.34,50GB,8,Low,6,5.27,4,1,2.76,6606.55,139.12,1,Short Videos,Networking,YouTube,1.09,0.3
15,Male,UK,Student,Divorced,7.91,2.61,1.64,4.06,2.89,Twitter,10.41,Tablet,61.89,50GB,5,Moderate,8,4.15,1,3,1.65,8582.42,98.79,2,Series,Education,Spotify,1.0,0.5
27,Other,USA,Professional,Divorced,7.66,6.17,4.81,4.36,4.38,TikTok,6.28,Tablet,84.97,Unlimited,2,High,6,6.73,9,8,1.38,6525.16,289.18,2,Movies,Networking,Amazon Prime,1.8,1.16
26,Female,Germany,Retired,Married,2.88,4.53,3.56,2.62,4.12,TikTok,3.64,PC,53.09,Unlimited,9,Low,5,5.44,9,9,1.02,8646.75,157.37,3,Movies,Entertainment,Spotify,0.5,2.24
25,Male,Australia,Unemployed,Divorced,1.25,9.54,3.5,4.7,3.42,Twitter,10.49,PC,27.36,10GB,3,High,6,8.62,4,2,1.18,4299.97,282.88,0,Series,Entertainment,Spotify,0.11,1.05
60,Male,UK,Retired,Divorced,3.47,1.46,4.55,3.16,4.04,Facebook,9.57,PC,6.53,10GB,6,High,9,4.33,7,1,2.82,2123.75,491.54,2,Short Videos,Networking,Netflix,2.17,0.07
25,Other,Australia,Professional,Single,6.1,0.62,3.11,6.06,1.5,Facebook,9.7,Tablet,51.33,10GB,8,High,4,5.93,9,1,2.49,8737.06,31.28,5,News,Entertainment,Spotify,1.9,2.78
27,Male,India,Professional,Single,4.82,7.89,3.9,3.62,1.25,TikTok,3.99,Smartphone,92.56,Unlimited,3,Moderate,6,7.93,6,2,2.66,5113.17,150.59,0,Series,Entertainment,Spotify,3.58,1.95
52,Male,Canada,Retired,Divorced,1.31,0.73,2.27,2.93,0.01,Twitter,4.28,PC,25.21,50GB,9,High,2,4.8,3,6,2.4,7720.63,394.69,4,News,Education,YouTube,3.09,2.28
36,Other,Canada,Professional,Married,5.44,2.9,3.98,3.89,1.5,Instagram,6.73,Smartphone,59.66,10GB,3,Moderate,5,6.69,7,3,1.79,9452.99,194.28,3,Short Videos,Entertainment,YouTube,2.37,1.05
53,Female,Canada,Student,Single,3.22,4.19,1.91,1.27,3.87,Twitter,3.83,PC,89.98,10GB,2,High,8,8.07,8,8,0.79,6816.05,145.64,1,News,Education,Amazon Prime,0.21,0.22
16,Female,Germany,Student,Widowed,5.7,4.55,3.92,2.05,3.29,Facebook,2.27,PC,80.57,50GB,2,High,8,7.66,9,1,0.77,2042.9,167.18,0,Movies,Networking,Netflix,2.51,2.05
38,Male,India,Professional,Single,5.9,4.26,3.07,6.91,0.53,YouTube,2.08,Tablet,25.84,50GB,4,Low,3,8.47,4,7,2.58,8451.43,193.58,5,Movies,Education,YouTube,0.94,0.99
14,Male,India,Professional,Widowed,4.15,6.03,0.53,3.37,4.37,Facebook,11.8,Tablet,10.57,50GB,6,High,2,4.52,8,9,2.28,8809.42,40.0,4,Series,Entertainment,Netflix,3.85,2.59
16,Other,USA,Professional,Divorced,5.45,7.81,4.74,4.7,0.82,Instagram,2.1,Smartphone,67.81,Unlimited,2,High,1,6.48,4,2,1.94,4056.14,387.34,1,News,News,Spotify,2.38,0.27
60,Male,India,Unemployed,Divorced,3.69,6.37,2.77,0.75,4.95,YouTube,10.39,PC,24.88,10GB,6,Moderate,3,7.21,5,8,1.0,8483.0,349.0,5,Movies,Entertainment,YouTube,1.07,1.47
20,Male,Germany,Student,Divorced,2.07,1.45,4.89,6.21,1.25,Facebook,12.0,Smartphone,51.8,10GB,9,Moderate,1,6.59,6,1,0.46,4488.32,180.73,5,News,Entertainment,Spotify,0.24,1.62
40,Female,USA,Student,Divorced,6.26,6.58,3.38,2.73,0.69,Twitter,10.52,PC,67.27,10GB,3,Moderate,2,6.94,4,7,1.61,6649.75,128.99,5,Movies,News,Spotify,3.68,2.25
34,Other,Germany,Student,Widowed,4.24,7.49,0.26,5.44,2.49,Twitter,2.3,PC,20.85,10GB,7,Moderate,4,8.57,1,6,2.58,1266.63,496.67,2,Series,News,Netflix,2.25,1.68
31,Female,UK,Retired,Married,7.72,4.58,4.26,0.58,2.62,TikTok,3.85,Smartphone,21.71,10GB,4,Moderate,5,5.61,7,4,1.92,7791.31,194.62,5,Series,Education,Spotify,0.86,1.52
59,Other,UK,Student,Widowed,0.55,1.24,0.79,1.34,0.99,TikTok,8.56,PC,44.56,10GB,2,Moderate,1,5.82,9,3,2.7,9680.22,487.61,2,Movies,News,YouTube,2.1,1.87
14,Male,Canada,Retired,Single,3.77,1.37,2.42,6.09,2.02,TikTok,2.49,PC,69.53,Unlimited,9,Low,8,7.15,2,4,0.83,6357.05,121.06,0,Short Videos,News,Amazon Prime,2.16,1.28
47,Other,UK,Professional,Married,4.89,7.3,2.73,3.37,1.26,Facebook,7.87,Smartphone,24.08,50GB,6,Moderate,5,7.64,5,7,2.37,9569.14,478.89,2,Movies,Education,Amazon Prime,2.42,0.61
63,Female,Australia,Student,Married,1.8,5.61,0.63,4.57,0.46,Facebook,8.08,Smartphone,72.65,50GB,1,High,5,8.27,6,2,1.98,5600.39,29.69,3,Series,Networking,Spotify,1.69,0.75
42,Other,UK,Unemployed,Widowed,4.38,3.73,0.39,1.6,3.09,Twitter,11.31,Tablet,93.38,50GB,4,Low,3,7.43,7,7,1.56,7516.83,389.54,4,Short Videos,Networking,YouTube,3.44,2.9
61,Other,USA,Retired,Widowed,0.98,8.3,3.19,5.87,3.64,Twitter,5.64,PC,90.1,10GB,3,High,7,4.06,3,5,0.74,4000.2,384.67,4,Series,Education,Amazon Prime,1.41,1.06
15,Female,India,Student,Married,6.06,4.6,2.83,6.25,0.41,Twitter,6.6,Smartphone,68.56,10GB,8,Moderate,4,6.74,7,5,2.42,3666.71,471.25,4,Series,Education,Spotify,2.36,2.42
34,Female,Germany,Unemployed,Widowed,3.86,6.07,2.13,0.64,4.29,Twitter,8.24,Smartphone,53.02,10GB,9,High,9,5.63,9,5,1.44,4942.92,225.46,5,Movies,Networking,Amazon Prime,1.32,2.16
26,Other,Germany,Unemployed,Widowed,7.82,7.05,3.63,6.05,3.93,Twitter,4.66,PC,31.88,Unlimited,1,Moderate,1,5.72,1,9,1.37,2057.99,313.6,4,Series,News,Amazon Prime,0.22,0.41
51,Other,India,Retired,Divorced,1.85,5.08,1.54,2.25,1.76,YouTube,11.63,PC,76.84,Unlimited,2,High,6,4.53,3,4,0.9,7606.77,191.09,3,Series,Networking,Spotify,3.06,1.59
64,Other,USA,Professional,Married,5.15,7.67,1.02,2.54,0.27,Twitter,7.38,PC,60.74,10GB,1,Moderate,3,4.37,1,3,1.37,9954.15,166.01,3,Short Videos,News,Netflix,3.47,1.9
26,Female,Germany,Unemployed,Widowed,2.24,5.85,1.34,0.9,2.77,YouTube,5.98,PC,29.91,10GB,2,High,2,4.78,5,7,2.94,7096.17,356.42,1,Movies,Networking,YouTube,1.33,2.18
47,Male,UK,Student,Divorced,2.45,9.14,2.14,1.96,0.46,Instagram,8.93,Smartphone,29.72,50GB,7,Low,5,5.66,1,5,0.63,8573.67,251.48,5,Movies,Networking,Netflix,2.07,2.5
23,Other,Germany,Student,Single,3.53,2.26,0.26,2.26,3.08,Facebook,10.38,PC,46.57,50GB,5,Moderate,8,5.7,6,6,0.04,8539.54,469.38,1,Movies,Entertainment,Spotify,0.59,0.69
42,Other,UK,Retired,Widowed,5.14,7.86,3.81,1.0,3.85,YouTube,5.71,PC,12.01,10GB,7,Moderate,4,5.84,6,1,1.04,1278.23,395.23,2,Movies,News,YouTube,0.46,1.92
37,Male,Australia,Professional,Single,4.05,4.02,3.23,3.29,2.67,TikTok,7.38,Smartphone,49.98,10GB,1,Moderate,4,5.78,8,8,1.42,4828.46,385.15,1,Series,Entertainment,YouTube,1.63,2.57
63,Other,Australia,Retired,Married,0.89,9.46,3.19,3.15,2.23,YouTube,6.26,Tablet,63.08,50GB,2,High,5,7.49,3,2,2.05,4802.92,409.18,3,Series,Education,YouTube,0.49,1.39
44,Male,India,Student,Married,2.95,3.01,0.58,2.65,3.07,Instagram,10.49,PC,16.81,Unlimited,3,High,4,8.25,8,5,0.17,1023.99,146.8,2,Movies,Networking,Netflix,3.55,0.32
31,Other,Germany,Student,Divorced,6.12,7.29,2.97,5.53,2.72,Facebook,8.87,Smartphone,26.7,10GB,9,Low,3,8.84,7,8,1.51,804.29,147.26,0,News,Entertainment,Amazon Prime,1.83,1.93
18,Male,Australia,Student,Married,4.92,4.74,2.28,1.78,3.5,Twitter,3.39,Tablet,17.65,Unlimited,9,Moderate,8,8.1,5,9,0.45,572.6,161.79,0,Movies,Networking,Netflix,3.33,2.32
20,Female,USA,Student,Married,7.91,8.02,2.13,6.04,4.65,Facebook,8.58,PC,20.05,Unlimited,5,Low,6,5.58,8,2,1.81,4804.08,156.25,3,Short Videos,Education,YouTube,1.46,2.76
24,Male,India,Retired,Married,6.64,0.87,4.75,1.7,3.02,YouTube,8.04,PC,14.39,50GB,8,Moderate,3,5.22,7,2,2.33,2054.1,156.24,0,Series,Education,Amazon Prime,1.15,1.74
26,Female,India,Unemployed,Married,6.22,1.7,3.55,1.88,1.82,Facebook,2.03,Tablet,27.24,10GB,5,Moderate,1,7.09,6,5,1.35,4481.45,1.53,3,Short Videos,Networking,YouTube,1.24,1.61
57,Male,USA,Retired,Widowed,6.84,9.28,2.28,0.63,1.77,Facebook,10.46,Tablet,18.74,50GB,6,High,6,4.29,2,5,2.91,1931.16,377.56,5,Movies,Education,Netflix,0.65,0.93
42,Male,UK,Unemployed,Widowed,4.26,7.82,1.37,3.6,2.42,Twitter,5.24,PC,49.9,50GB,7,Low,2,5.03,7,6,2.49,5958.41,12.91,4,News,Entertainment,Netflix,2.05,0.65
40,Female,India,Student,Married,2.37,6.83,2.7,6.39,2.36,YouTube,5.86,Tablet,61.39,50GB,3,Moderate,1,5.01,9,9,1.57,9041.96,431.96,0,Series,Education,Netflix,2.93,0.7
18,Other,Australia,Retired,Divorced,5.81,2.84,1.64,2.22,1.52,YouTube,2.12,PC,75.46,10GB,5,Moderate,1,4.54,3,8,1.32,7953.71,405.49,0,Short Videos,Networking,Spotify,0.04,0.53
57,Male,USA,Student,Widowed,4.2,7.41,3.92,5.95,4.99,TikTok,8.5,Tablet,47.88,Unlimited,5,Low,7,5.15,4,7,1.54,7152.58,1.16,4,News,Networking,YouTube,3.36,0.48
50,Male,UK,Retired,Divorced,1.84,2.54,0.46,4.42,1.63,Facebook,8.68,Smartphone,59.99,10GB,6,Moderate,2,7.14,2,4,1.7,944.07,396.3,5,News,Entertainment,YouTube,0.56,2.53
16,Other,Canada,Retired,Divorced,5.21,8.74,0.4,4.56,0.99,YouTube,9.5,Smartphone,87.25,10GB,4,High,6,4.41,2,2,2.14,9907.0,394.46,4,Series,News,Amazon Prime,0.55,0.41
49,Male,Germany,Student,Divorced,2.4,5.03,2.56,0.9,1.65,Instagram,5.2,Smartphone,17.25,50GB,2,Moderate,9,8.43,9,8,1.2,4621.36,330.98,1,Short Videos,Education,YouTube,2.2,0.72
41,Male,UK,Student,Widowed,6.22,9.13,3.35,3.8,2.78,Facebook,2.64,PC,92.35,10GB,3,High,8,6.17,4,7,0.65,3740.37,434.38,5,Series,News,YouTube,0.8,2.64
17,Female,Australia,Retired,Divorced,0.54,5.54,4.73,5.15,4.71,Twitter,8.73,PC,23.32,10GB,1,Moderate,6,4.58,5,2,0.11,4337.42,168.9,2,Short Videos,News,Amazon Prime,0.49,2.88
36,Male,Australia,Retired,Married,6.56,3.21,3.05,3.78,0.32,Instagram,2.69,Tablet,47.68,10GB,4,Low,2,4.02,9,7,0.92,864.25,185.93,4,Series,Networking,YouTube,3.58,0.22
38,Other,Australia,Retired,Married,7.69,8.74,1.53,5.84,2.15,YouTube,6.4,Tablet,47.92,10GB,7,High,1,7.73,9,4,0.77,8259.56,470.15,4,Series,Entertainment,Spotify,2.71,0.6
21,Male,UK,Unemployed,Single,5.79,3.11,3.06,2.35,0.56,Twitter,6.65,PC,77.17,Unlimited,8,Moderate,5,6.68,2,9,0.8,2300.13,137.03,4,Short Videos,Networking,Amazon Prime,2.1,0.99
62,Male,USA,Professional,Married,3.36,3.4,3.6,1.38,4.74,YouTube,11.02,PC,90.37,10GB,4,Moderate,5,8.56,4,1,2.86,8595.58,171.71,1,Movies,Networking,Amazon Prime,1.41,0.04
57,Female,UK,Unemployed,Divorced,6.98,3.26,2.93,3.34,4.8,Facebook,4.75,Tablet,21.1,Unlimited,6,High,2,6.08,5,8,0.05,1716.13,354.88,4,News,News,Amazon Prime,3.42,2.94
47,Female,USA,Professional,Divorced,4.19,5.05,0.43,3.29,1.78,Twitter,6.19,Smartphone,68.91,50GB,5,Moderate,3,7.33,2,4,2.4,3774.49,46.53,1,News,News,Spotify,0.7,0.6
37,Male,Germany,Unemployed,Single,0.64,3.44,2.33,4.97,3.51,Instagram,5.54,Smartphone,49.93,50GB,2,High,1,6.54,4,9,0.56,5331.78,403.55,1,Short Videos,Networking,Netflix,2.69,0.58
34,Other,India,Unemployed,Married,2.62,2.18,2.54,1.47,0.64,YouTube,5.02,Smartphone,15.56,Unlimited,9,Low,6,5.81,3,5,0.56,2994.42,128.02,1,Short Videos,News,Netflix,3.37,0.06
46,Other,USA,Student,Widowed,1.23,2.91,1.33,3.84,1.85,TikTok,10.29,Smartphone,89.08,Unlimited,6,High,9,6.33,1,7,0.72,4435.05,73.13,2,Short Videos,News,Spotify,3.42,0.89
41,Female,Germany,Unemployed,Divorced,3.48,8.83,0.61,6.0,2.9,YouTube,3.24,PC,21.95,10GB,2,Low,7,8.73,6,4,0.43,6280.0,389.21,3,Series,Education,YouTube,0.12,2.25
16,Male,Canada,Unemployed,Single,6.41,4.4,0.48,2.85,0.08,Twitter,5.92,PC,94.09,10GB,9,Moderate,8,5.31,2,6,0.85,2613.76,14.68,5,News,Networking,Netflix,1.16,2.69
39,Male,USA,Professional,Widowed,5.36,4.33,3.45,6.03,3.98,Facebook,6.2,Tablet,97.58,Unlimited,5,Low,8,8.65,4,6,1.84,6122.56,100.81,5,Movies,Entertainment,Amazon Prime,0.45,0.5
54,Other,Canada,Retired,Single,5.88,5.77,2.05,1.29,1.1,Facebook,4.24,Tablet,40.81,Unlimited,2,High,6,7.6,2,7,1.06,1840.56,49.8,3,Short Videos,Entertainment,YouTube,2.5,1.32
36,Male,Canada,Student,Single,4.95,1.11,1.99,1.68,0.81,Facebook,2.97,Tablet,8.17,50GB,9,Moderate,5,4.03,5,7,1.12,3312.99,117.63,0,News,Networking,Amazon Prime,1.84,2.21
15,Other,UK,Student,Married,7.5,2.35,2.34,1.19,0.24,YouTube,3.38,PC,84.67,50GB,6,Moderate,7,5.48,6,3,2.33,8462.42,269.8,5,Short Videos,Education,Netflix,0.5,0.16
53,Female,Australia,Unemployed,Married,3.61,9.57,1.06,1.31,2.4,TikTok,9.05,Smartphone,88.76,Unlimited,2,Moderate,8,4.53,9,4,1.82,7777.96,232.27,0,Series,Entertainment,Spotify,0.83,2.17
23,Male,Germany,Unemployed,Widowed,1.54,6.54,1.73,2.11,0.52,Facebook,5.46,Smartphone,32.18,Unlimited,8,High,3,4.42,5,6,2.74,908.88,97.77,3,Series,Networking,Amazon Prime,0.49,0.99
26,Other,USA,Retired,Divorced,6.32,7.82,0.23,3.0,4.45,Twitter,4.47,Tablet,17.99,Unlimited,8,Moderate,9,4.68,4,7,0.6,7437.46,97.42,1,Movies,Networking,Netflix,1.45,0.01
21,Female,Australia,Unemployed,Married,0.82,8.25,3.23,0.65,4.78,Twitter,5.9,Smartphone,24.81,Unlimited,2,Moderate,3,6.78,2,7,2.97,2602.99,172.06,4,Short Videos,Education,Amazon Prime,1.51,2.79
30,Male,Germany,Student,Widowed,7.23,7.71,0.71,5.49,4.36,YouTube,9.54,Smartphone,21.6,Unlimited,9,High,4,5.85,1,3,2.71,7446.37,54.53,3,Short Videos,Entertainment,YouTube,1.02,2.41
52,Other,India,Student,Widowed,1.3,0.82,2.05,0.53,4.18,Instagram,4.77,PC,65.25,10GB,9,Low,1,7.88,4,1,0.99,2371.9,386.35,0,Series,Entertainment,YouTube,3.99,1.78
40,Female,Australia,Professional,Widowed,0.67,5.14,1.2,0.76,1.14,YouTube,4.61,Smartphone,67.89,Unlimited,1,Moderate,4,6.14,9,2,2.01,7093.69,24.41,0,Short Videos,Entertainment,Spotify,3.61,1.8
23,Female,Germany,Professional,Widowed,7.91,4.29,2.29,3.57,2.9,YouTube,10.78,PC,76.63,50GB,2,High,4,8.14,6,4,2.04,9107.14,367.74,1,News,News,Spotify,3.99,3.0
58,Other,Canada,Retired,Widowed,1.01,3.63,1.28,1.62,0.48,Facebook,6.02,Tablet,86.42,50GB,2,Moderate,5,5.76,9,7,2.48,7282.66,240.44,2,Series,Education,YouTube,1.19,0.81
58,Male,UK,Retired,Married,4.95,1.7,2.95,6.7,3.36,Instagram,11.43,PC,89.89,Unlimited,1,High,2,5.44,5,5,1.34,2719.67,155.85,1,News,News,Netflix,0.83,2.81
58,Female,USA,Unemployed,Widowed,7.45,6.72,4.8,6.71,0.19,Facebook,8.97,Smartphone,41.67,10GB,3,High,7,8.86,9,5,2.44,5683.78,200.19,5,Series,News,Netflix,0.7,1.88
25,Other,Canada,Student,Single,2.87,6.11,2.3,4.32,4.36,TikTok,7.13,Smartphone,52.92,Unlimited,2,Low,2,8.59,2,8,0.86,6084.61,229.65,5,Short Videos,Entertainment,Spotify,3.8,0.81
36,Male,Germany,Student,Divorced,5.82,5.32,1.34,5.73,2.08,TikTok,11.82,Tablet,22.5,50GB,3,Moderate,1,7.51,3,2,2.61,9194.43,26.54,4,Movies,Networking,Netflix,3.58,0.0
64,Male,Canada,Student,Married,7.62,1.18,3.07,4.91,2.27,Twitter,2.78,PC,75.75,10GB,1,Low,3,7.1,2,9,0.04,9241.82,460.63,5,Movies,News,YouTube,2.63,2.53
53,Female,Australia,Student,Married,7.24,4.1,4.86,1.01,0.67,YouTube,8.83,Tablet,46.03,Unlimited,9,Low,3,8.22,7,7,1.29,7435.11,200.45,4,Movies,Entertainment,Spotify,0.52,1.42
14,Female,USA,Student,Married,7.89,1.65,0.88,6.0,3.18,Instagram,2.63,PC,15.51,10GB,9,Moderate,1,8.41,5,3,2.76,8047.39,484.86,4,Series,Entertainment,Netflix,1.06,2.12
16,Male,UK,Unemployed,Widowed,4.79,8.53,2.05,2.83,3.03,Facebook,8.74,PC,61.16,10GB,2,Low,2,5.71,8,1,0.73,3112.74,376.0,0,Series,Education,Amazon Prime,2.41,2.1
37,Female,UK,Professional,Widowed,6.42,8.92,2.32,5.67,4.01,Facebook,11.96,Smartphone,40.83,Unlimited,3,Moderate,6,8.95,7,1,2.68,4367.04,81.12,4,Short Videos,Education,Amazon Prime,0.4,1.93
60,Male,Canada,Student,Single,2.87,5.16,2.62,6.62,1.47,TikTok,8.28,Tablet,74.06,10GB,1,High,8,6.96,5,4,2.33,635.22,92.25,0,Movies,Education,Spotify,3.57,0.59
41,Male,Australia,Student,Divorced,6.08,9.99,2.24,0.65,2.22,Instagram,10.78,PC,23.79,10GB,9,Moderate,1,8.32,6,1,1.1,688.32,498.93,2,News,Education,Spotify,2.5,1.97
38,Male,India,Unemployed,Widowed,4.57,9.97,0.86,2.2,1.75,Instagram,4.86,Smartphone,46.82,50GB,9,Moderate,5,7.16,5,7,0.51,4631.21,467.34,4,Short Videos,Education,Spotify,1.45,0.63
18,Other,USA,Retired,Married,3.86,2.52,1.25,5.26,2.57,Twitter,6.58,Smartphone,81.73,Unlimited,1,High,7,8.39,6,7,0.12,7889.01,103.15,1,Short Videos,Entertainment,YouTube,1.81,0.65
47,Other,India,Retired,Married,4.26,9.49,4.83,0.54,4.76,TikTok,2.34,Smartphone,88.61,Unlimited,9,Moderate,2,7.73,9,6,1.46,6444.43,467.65,3,Series,Education,Netflix,0.33,0.45
55,Other,UK,Professional,Divorced,7.07,5.23,3.42,6.01,0.59,YouTube,5.06,Tablet,71.97,10GB,6,Low,1,4.17,6,5,1.5,9906.14,154.97,5,Short Videos,Entertainment,YouTube,0.96,1.3
32,Other,UK,Unemployed,Single,5.45,4.02,2.19,3.13,4.31,Instagram,10.9,Smartphone,71.89,Unlimited,1,Moderate,9,5.7,3,6,2.6,820.61,330.59,0,News,Education,Netflix,1.55,0.7
53,Other,Canada,Professional,Divorced,2.6,5.17,4.51,3.74,4.59,Instagram,9.53,PC,9.11,Unlimited,7,Low,5,7.08,3,7,2.75,5139.82,427.97,4,Short Videos,Entertainment,Amazon Prime,2.59,2.53
63,Other,Australia,Retired,Single,7.24,7.45,3.51,4.21,2.09,Facebook,3.03,Smartphone,86.65,10GB,8,Moderate,1,7.41,1,4,2.38,9058.42,73.12,2,News,Networking,Spotify,2.72,2.03
23,Other,India,Student,Single,6.93,8.91,0.41,6.45,4.32,TikTok,8.49,Smartphone,16.76,10GB,4,Moderate,5,4.94,1,5,2.13,4236.82,437.25,0,Movies,Education,Amazon Prime,1.33,2.15
40,Female,Germany,Professional,Divorced,6.38,7.17,4.07,2.82,1.72,YouTube,8.9,PC,24.13,50GB,7,Moderate,5,4.18,4,8,0.55,6493.8,283.15,0,Movies,News,YouTube,0.3,0.85
27,Other,Australia,Professional,Widowed,7.03,5.92,4.34,3.83,0.81,Instagram,4.3,Tablet,9.71,Unlimited,8,Low,7,5.89,4,3,0.48,8725.13,93.17,2,Series,Entertainment,YouTube,3.69,1.68
54,Other,Germany,Unemployed,Divorced,3.07,9.18,3.73,5.68,1.5,Facebook,11.4,PC,68.99,10GB,7,Low,1,5.59,7,8,0.76,2584.79,394.23,2,News,Networking,Spotify,0.07,2.1
43,Female,Australia,Retired,Widowed,4.78,4.58,1.74,6.51,3.31,Facebook,7.77,Tablet,87.03,10GB,8,Moderate,5,6.19,6,5,0.26,1385.08,82.8,0,News,Education,Amazon Prime,3.18,2.94
46,Other,UK,Unemployed,Widowed,7.16,1.75,1.29,4.12,0.88,Instagram,11.88,PC,71.81,50GB,9,Low,7,8.01,6,8,1.23,5278.76,403.8,5,Movies,Entertainment,Spotify,0.32,1.74
54,Other,India,Unemployed,Married,0.84,6.95,3.14,2.07,4.59,TikTok,8.44,Tablet,70.91,10GB,7,High,3,7.82,9,7,2.68,1537.47,195.0,5,Series,Education,YouTube,0.24,0.13
33,Other,Australia,Professional,Married,6.04,1.88,2.89,4.83,1.59,Instagram,10.41,PC,39.98,10GB,1,Moderate,8,4.1,4,5,1.97,2907.75,302.45,5,Series,Networking,Amazon Prime,0.27,2.95
60,Male,Canada,Professional,Widowed,1.43,7.82,3.94,2.69,3.4,Facebook,8.0,PC,75.27,50GB,3,Low,6,5.97,4,6,1.46,4528.26,282.59,0,Movies,Entertainment,Amazon Prime,0.37,2.74
40,Other,Canada,Student,Single,6.24,9.8,3.55,4.53,0.11,Instagram,11.31,Smartphone,99.15,10GB,7,Low,6,6.33,1,4,1.57,4485.45,95.99,0,News,Networking,Netflix,3.52,1.46
21,Other,Australia,Student,Divorced,2.33,0.76,1.58,4.02,3.13,Instagram,6.36,Tablet,27.97,10GB,8,Low,3,6.03,7,9,0.42,3350.13,425.38,4,Movies,Entertainment,Spotify,3.58,2.12
49,Male,Australia,Retired,Divorced,3.81,8.43,2.46,3.63,1.88,Twitter,10.66,Smartphone,21.39,50GB,6,High,5,6.45,4,2,2.51,6898.54,102.17,1,Series,Education,YouTube,2.32,0.74
54,Female,USA,Professional,Divorced,2.87,3.58,1.19,6.87,3.34,TikTok,11.33,Tablet,80.97,10GB,7,Low,4,7.27,1,6,0.84,4036.97,206.53,1,News,News,Amazon Prime,0.27,2.15
29,Female,Canada,Retired,Divorced,1.71,7.34,2.86,1.79,1.94,Facebook,9.65,PC,14.24,10GB,5,Low,1,8.55,4,2,0.88,3732.67,475.53,5,Short Videos,Entertainment,Amazon Prime,1.98,1.06
57,Male,UK,Student,Married,3.11,9.01,1.2,3.87,2.96,Instagram,4.1,Smartphone,67.36,50GB,8,High,7,5.53,4,7,2.06,8906.71,419.59,0,Series,Education,Amazon Prime,1.21,2.31
60,Other,UK,Unemployed,Married,1.14,8.54,0.23,5.72,3.87,Twitter,5.19,Tablet,83.51,Unlimited,1,High,4,7.24,1,6,2.63,3950.48,327.03,1,Movies,Entertainment,YouTube,0.7,0.97
27,Female,UK,Retired,Married,3.73,8.11,0.83,1.55,1.74,Instagram,9.85,PC,38.75,50GB,7,Low,9,4.33,5,5,2.39,2985.72,491.0,2,News,Networking,Amazon Prime,0.1,2.89
64,Other,UK,Professional,Single,3.99,5.6,2.0,1.79,0.83,Facebook,6.44,PC,24.52,Unlimited,9,Low,2,7.19,1,1,2.43,7943.93,477.9,0,Movies,Entertainment,Amazon Prime,1.12,1.37
20,Other,USA,Professional,Widowed,3.83,5.12,2.06,6.37,0.53,Instagram,7.02,PC,56.06,10GB,3,High,5,8.71,6,7,0.14,6705.68,191.82,4,Series,Networking,Netflix,3.52,1.86
23,Female,Canada,Student,Divorced,3.07,5.31,2.09,5.3,4.77,Facebook,6.27,Smartphone,34.32,50GB,2,Low,6,6.34,9,5,1.62,8514.67,208.94,1,Short Videos,News,YouTube,1.22,0.59
22,Other,USA,Professional,Married,2.04,3.87,4.04,1.36,1.95,Twitter,4.67,Smartphone,98.25,50GB,1,Moderate,4,5.33,7,2,0.28,5089.74,451.6,0,News,Networking,Netflix,2.22,2.1
59,Other,Germany,Retired,Widowed,3.17,6.63,3.41,1.65,0.61,Instagram,5.33,PC,51.79,10GB,5,Moderate,8,4.63,4,1,0.19,5576.27,187.47,3,Movies,Education,YouTube,0.75,0.66
47,Other,India,Student,Widowed,5.83,4.6,3.08,5.98,4.68,TikTok,9.71,Tablet,9.03,10GB,8,High,8,6.3,5,7,2.17,5820.83,448.21,5,Movies,Education,YouTube,1.73,0.94
20,Male,USA,Professional,Widowed,5.98,9.51,2.67,4.02,2.44,TikTok,9.8,Tablet,41.21,10GB,8,High,6,4.77,7,9,2.57,3884.49,451.7,2,Series,Entertainment,Amazon Prime,2.97,0.32
35,Other,Germany,Professional,Widowed,0.74,3.64,2.08,0.79,1.83,TikTok,5.79,PC,40.29,50GB,1,Moderate,4,8.65,9,8,0.78,5118.36,322.37,3,News,Entertainment,YouTube,1.2,0.13
45,Female,Australia,Student,Divorced,4.47,1.53,2.57,2.89,1.61,Facebook,9.49,PC,92.49,Unlimited,7,Moderate,6,8.04,2,4,1.21,2137.89,172.55,5,News,Education,YouTube,0.52,1.97
17,Other,Canada,Retired,Married,3.85,3.09,1.05,5.0,0.08,Instagram,4.42,PC,34.41,50GB,5,Moderate,6,4.69,8,9,0.95,5937.51,294.48,3,Series,Education,Spotify,1.44,0.49
58,Female,Australia,Retired,Widowed,6.42,2.29,4.05,0.74,0.35,YouTube,11.0,Smartphone,52.15,10GB,5,High,9,6.88,6,1,1.18,8979.09,345.72,0,Movies,Networking,Netflix,0.04,2.56
54,Female,USA,Retired,Single,6.84,5.61,1.59,2.27,3.89,TikTok,11.01,Smartphone,30.79,50GB,5,Low,3,7.11,9,6,2.26,8729.98,63.06,3,Series,News,Netflix,1.76,2.25
39,Male,Germany,Student,Divorced,3.13,9.07,4.0,5.97,2.59,Instagram,5.85,Tablet,47.49,10GB,7,Moderate,8,4.78,3,7,1.11,7697.13,450.57,1,News,Networking,Amazon Prime,2.98,0.5
63,Other,USA,Retired,Divorced,7.8,2.87,3.78,2.36,5.0,YouTube,4.19,PC,99.72,Unlimited,4,Moderate,3,4.41,6,8,0.94,1920.06,164.74,0,Series,Entertainment,YouTube,2.26,1.33
34,Female,USA,Retired,Single,3.36,5.44,3.85,4.2,1.62,YouTube,5.29,Smartphone,48.94,50GB,1,High,6,4.57,5,1,2.6,919.98,469.98,4,Series,News,Amazon Prime,3.93,0.83
64,Other,Canada,Student,Single,4.97,8.61,2.69,4.79,3.57,Facebook,6.16,Tablet,31.27,Unlimited,8,High,3,7.92,2,6,2.62,4150.97,197.91,5,Series,Networking,Amazon Prime,0.69,1.55
47,Male,USA,Student,Widowed,5.0,4.81,4.49,4.89,0.45,Facebook,2.92,Smartphone,56.82,10GB,5,Moderate,5,5.28,4,8,0.75,1961.69,248.86,4,Series,Networking,Amazon Prime,1.86,2.01
46,Female,India,Professional,Single,6.01,1.9,2.63,0.8,0.96,Instagram,6.33,Smartphone,47.32,50GB,3,Low,9,5.73,5,8,1.6,2989.72,378.5,3,Series,News,YouTube,2.77,2.41
21,Other,Germany,Student,Widowed,3.92,5.5,2.36,1.91,3.47,Instagram,8.32,Smartphone,43.8,Unlimited,8,Moderate,1,6.66,6,1,0.91,8741.39,154.45,3,Movies,Networking,Spotify,2.52,2.21
58,Female,Canada,Student,Divorced,0.86,3.13,0.32,6.6,2.78,Instagram,8.32,Smartphone,52.56,50GB,4,High,1,5.08,7,2,0.96,9889.25,406.6,1,News,Entertainment,Amazon Prime,2.03,2.63
35,Female,Germany,Student,Divorced,4.45,5.74,1.49,3.83,3.39,Instagram,9.65,Smartphone,6.77,50GB,6,Moderate,7,7.33,1,8,1.29,8668.9,132.97,0,Short Videos,Networking,Amazon Prime,2.3,2.33
21,Female,Canada,Unemployed,Widowed,6.7,6.05,2.11,0.59,2.06,Facebook,11.3,Smartphone,29.84,10GB,7,High,7,5.48,2,8,2.6,8294.94,381.25,4,Short Videos,News,Amazon Prime,0.39,1.42
13,Male,India,Student,Widowed,5.6,3.45,0.8,4.54,0.62,Instagram,5.37,Tablet,38.31,Unlimited,9,Low,5,5.31,5,4,2.15,6902.23,164.18,0,Short Videos,News,YouTube,3.29,0.78
42,Other,Canada,Professional,Single,3.16,3.45,1.08,3.02,4.34,Instagram,5.14,Tablet,96.12,10GB,1,High,5,8.26,7,7,0.36,8033.82,130.54,0,Movies,Networking,Netflix,3.57,0.23
40,Male,Canada,Retired,Single,1.92,9.44,1.99,0.76,0.17,Instagram,4.75,PC,12.44,50GB,9,Moderate,3,8.82,9,9,2.28,8280.33,402.89,3,Short Videos,Entertainment,Netflix,0.28,0.56
50,Female,India,Student,Divorced,4.16,8.42,4.56,1.59,0.03,TikTok,3.24,Smartphone,50.23,10GB,2,Moderate,1,7.99,2,2,0.09,4164.96,496.22,4,Series,Networking,Amazon Prime,0.34,1.49
59,Female,Germany,Retired,Single,4.55,3.1,4.83,5.83,2.49,Facebook,10.23,Tablet,65.58,50GB,7,High,1,8.3,8,6,0.96,1024.56,203.73,0,Movies,Entertainment,Spotify,2.86,2.37
17,Male,Canada,Retired,Widowed,4.44,6.38,0.35,5.4,3.36,Twitter,11.88,Tablet,97.88,50GB,2,Moderate,1,6.54,1,1,2.75,3026.58,455.14,0,Series,News,Spotify,1.67,2.44
51,Female,Canada,Student,Widowed,4.75,3.01,2.22,3.44,1.1,Twitter,11.04,Tablet,69.98,50GB,2,Moderate,5,6.32,1,6,2.05,5138.61,275.08,5,Series,News,YouTube,0.52,1.94
22,Male,Canada,Professional,Married,0.87,5.22,0.69,1.3,1.37,YouTube,7.32,Tablet,54.48,50GB,9,High,8,7.74,6,7,2.28,9199.78,162.05,2,Movies,Networking,Spotify,3.22,1.46
57,Male,Germany,Professional,Widowed,4.97,2.74,1.89,4.79,1.09,YouTube,11.11,Smartphone,85.3,10GB,7,High,7,7.62,3,3,2.06,3290.94,108.06,1,Short Videos,News,YouTube,2.72,0.08
55,Male,UK,Unemployed,Married,4.63,7.69,2.38,2.91,3.44,YouTube,9.16,Tablet,9.73,Unlimited,4,Moderate,7,8.09,2,9,0.31,3742.01,140.03,1,Series,Entertainment,Amazon Prime,3.26,2.29
41,Female,UK,Retired,Widowed,4.27,3.24,4.53,5.61,3.53,Facebook,7.01,Smartphone,85.7,Unlimited,4,Low,4,5.24,6,2,2.04,9593.93,137.53,5,Movies,Education,Spotify,1.17,1.72
49,Male,India,Student,Divorced,2.62,0.65,4.89,5.42,4.89,YouTube,7.16,Tablet,60.95,10GB,3,Moderate,2,5.03,8,1,2.82,4089.54,249.52,4,News,Education,Amazon Prime,2.25,0.16
29,Male,India,Unemployed,Married,2.35,0.98,3.05,3.69,0.7,Instagram,11.84,Tablet,97.69,Unlimited,1,Moderate,9,8.75,1,5,0.04,6748.8,90.75,3,News,Entertainment,YouTube,2.63,0.79
37,Female,Australia,Retired,Married,4.86,6.89,1.21,1.28,4.22,Facebook,10.16,Smartphone,45.03,10GB,6,High,7,8.4,3,4,1.61,833.15,357.76,2,Short Videos,Networking,Spotify,2.12,1.56
55,Other,Germany,Retired,Married,1.62,5.56,2.16,3.14,1.48,TikTok,7.16,Smartphone,10.77,Unlimited,3,Moderate,8,7.65,9,2,2.68,1856.03,441.79,2,News,Education,Spotify,0.36,2.55
36,Female,UK,Unemployed,Single,0.53,6.57,1.52,3.13,3.36,Facebook,7.51,Tablet,31.41,Unlimited,5,High,9,6.01,8,8,2.37,7287.69,303.38,0,Movies,Education,Amazon Prime,1.22,1.38
31,Other,USA,Professional,Widowed,7.16,4.49,1.94,3.8,0.35,TikTok,9.45,PC,65.78,Unlimited,2,High,6,4.38,2,8,1.03,1246.79,219.09,3,News,Networking,Spotify,0.43,0.8
38,Male,Germany,Professional,Married,4.21,8.25,3.45,2.06,1.37,TikTok,10.47,Tablet,32.78,Unlimited,8,High,9,8.76,1,8,0.44,6599.01,487.72,5,Series,Entertainment,Spotify,0.59,0.32
56,Female,Canada,Professional,Single,6.63,3.56,4.54,2.37,3.17,Facebook,2.9,Tablet,40.15,Unlimited,8,High,5,4.16,2,4,0.66,802.96,459.38,5,Series,Entertainment,Amazon Prime,2.15,1.66
30,Other,Canada,Unemployed,Widowed,4.27,1.98,1.16,6.6,2.28,Twitter,3.36,Tablet,77.85,Unlimited,7,High,9,8.68,2,4,0.2,897.43,345.13,0,Series,News,Spotify,0.16,0.46
22,Other,India,Professional,Married,7.84,0.9,0.25,2.97,1.37,Facebook,7.06,Smartphone,18.02,10GB,2,Low,4,8.19,6,2,2.7,5517.06,165.44,3,Short Videos,News,YouTube,2.6,1.1
50,Female,India,Unemployed,Divorced,0.86,5.25,1.36,1.95,1.96,YouTube,2.35,Smartphone,40.36,Unlimited,6,Low,7,8.4,1,2,2.88,8174.72,419.75,2,News,News,Netflix,2.38,1.57
55,Other,Canada,Retired,Married,2.59,8.88,3.52,2.64,4.75,YouTube,8.17,Smartphone,91.37,50GB,5,Moderate,7,4.36,8,4,1.4,9182.66,403.19,2,Movies,Networking,Spotify,0.97,0.07
18,Male,India,Professional,Married,2.55,6.13,2.72,6.71,0.27,YouTube,2.93,PC,8.87,50GB,6,Low,8,4.02,2,2,1.23,2754.26,428.98,3,Short Videos,News,YouTube,1.69,0.22
25,Male,India,Professional,Divorced,7.58,0.82,4.69,1.03,2.99,Instagram,4.26,Smartphone,25.66,Unlimited,1,Low,6,8.15,7,5,1.09,8043.29,340.65,0,News,Entertainment,Netflix,2.4,1.6
20,Other,UK,Retired,Divorced,0.92,7.89,1.52,1.56,1.91,Instagram,11.96,Tablet,53.08,10GB,6,Low,2,5.68,6,5,1.56,2876.89,64.3,3,Movies,News,Amazon Prime,3.44,0.07
31,Female,Canada,Professional,Married,3.96,5.75,0.7,2.68,1.08,Twitter,10.52,PC,22.39,10GB,1,Low,2,8.15,3,4,0.35,6541.76,465.47,0,Movies,Entertainment,Spotify,1.92,2.21
36,Female,Canada,Retired,Widowed,5.4,9.34,0.79,5.91,4.47,Facebook,9.64,Smartphone,54.7,Unlimited,7,Low,6,7.84,3,3,0.09,5505.76,31.37,4,News,News,Netflix,0.4,1.33
51,Male,Australia,Student,Widowed,6.69,7.03,0.64,4.3,4.89,Instagram,3.72,PC,11.56,Unlimited,6,Moderate,5,4.33,2,4,2.68,2901.31,397.66,4,Movies,Education,Spotify,2.57,1.42
46,Other,Canada,Student,Divorced,2.34,5.04,1.43,6.1,1.26,Facebook,10.36,Tablet,36.08,10GB,8,Low,6,4.19,6,8,1.56,1982.99,54.23,2,Short Videos,Entertainment,Netflix,0.48,2.99
45,Female,UK,Professional,Married,4.47,5.16,1.62,6.99,1.5,YouTube,4.66,Smartphone,31.31,50GB,8,High,3,5.0,5,6,0.17,5400.44,293.44,3,Series,Education,Spotify,1.5,2.14
31,Male,India,Unemployed,Widowed,7.35,5.69,3.88,1.86,4.44,YouTube,6.46,Tablet,21.21,Unlimited,6,Low,6,8.69,3,3,0.45,9675.86,376.57,5,Movies,Education,Spotify,0.89,1.59
56,Other,UK,Retired,Single,1.4,4.77,2.15,3.67,3.95,YouTube,8.21,Smartphone,87.62,50GB,4,Low,8,8.4,1,6,1.53,2922.91,10.66,4,Movies,Education,YouTube,2.23,1.43
37,Other,Australia,Professional,Single,7.66,0.82,1.09,3.69,2.34,Instagram,10.03,Tablet,98.43,10GB,9,Moderate,8,7.59,9,5,0.51,545.2,17.89,0,Series,News,Netflix,0.62,2.32
63,Female,Canada,Unemployed,Divorced,2.09,9.4,4.75,0.59,3.46,Facebook,2.64,Smartphone,30.27,50GB,2,Moderate,7,6.97,9,8,2.29,8381.81,15.65,4,Movies,News,Spotify,2.13,2.37
45,Other,India,Retired,Widowed,5.29,9.65,3.88,5.68,0.26,Twitter,2.07,Tablet,6.91,50GB,7,Moderate,9,8.88,1,1,2.74,2068.49,419.92,3,Short Videos,Entertainment,YouTube,3.18,2.53
19,Female,Germany,Professional,Single,4.26,7.18,1.47,1.14,0.21,TikTok,8.29,Smartphone,78.43,Unlimited,7,Moderate,5,5.55,4,5,1.16,3047.86,494.62,3,Series,News,Netflix,3.99,2.58
48,Other,Australia,Student,Divorced,3.5,6.01,1.18,3.58,4.33,TikTok,6.87,Tablet,12.86,10GB,9,Low,9,8.58,7,9,1.73,4667.79,233.07,1,Short Videos,Networking,Spotify,3.1,1.26
29,Male,UK,Unemployed,Single,5.83,9.05,0.69,5.78,4.69,Instagram,6.29,PC,68.08,50GB,2,High,8,5.0,6,3,1.5,859.83,135.11,1,Short Videos,News,Netflix,1.54,0.46
48,Other,Germany,Student,Married,5.74,5.52,2.49,2.58,4.94,TikTok,2.92,Tablet,35.71,50GB,9,Low,4,5.12,4,4,1.25,2989.7,218.63,2,Series,Networking,Netflix,2.93,0.82
16,Male,Canada,Unemployed,Widowed,1.38,3.5,4.63,6.83,2.27,Instagram,6.18,PC,12.47,Unlimited,1,Moderate,6,8.37,3,8,0.76,7688.74,183.71,4,Movies,Education,Netflix,0.4,1.05
22,Other,Australia,Professional,Married,4.89,4.41,0.24,1.83,1.68,Twitter,5.03,Smartphone,40.45,50GB,1,Low,5,5.32,1,2,1.26,4324.44,378.22,1,News,Education,Netflix,0.62,1.26
57,Female,Germany,Unemployed,Single,5.69,1.86,2.5,6.79,2.26,TikTok,2.64,Tablet,31.2,10GB,6,Moderate,4,4.8,3,8,0.99,3389.09,230.1,3,Short Videos,Entertainment,Spotify,3.56,0.75
24,Female,Australia,Student,Married,3.94,6.38,3.18,3.88,1.98,Facebook,7.4,PC,9.74,50GB,1,Low,5,6.78,6,5,0.4,3879.6,349.64,0,News,Entertainment,Netflix,2.5,0.21
56,Male,India,Retired,Single,5.47,4.25,4.32,1.64,5.0,Twitter,7.28,PC,66.16,10GB,1,High,6,4.89,4,3,0.53,8126.41,342.54,3,Short Videos,Networking,Netflix,1.11,0.9
27,Male,India,Unemployed,Divorced,0.59,3.79,0.44,1.16,2.48,Twitter,8.06,Tablet,85.95,10GB,6,High,5,7.3,2,1,0.1,7682.32,57.19,4,Short Videos,Entertainment,Amazon Prime,3.25,1.99
46,Male,Germany,Unemployed,Divorced,4.3,8.16,0.77,4.82,2.93,Instagram,7.48,PC,11.58,50GB,5,Moderate,7,6.96,3,1,2.55,9905.28,11.73,5,News,Entertainment,YouTube,2.57,2.1
49,Other,UK,Retired,Married,2.83,7.54,4.64,0.51,2.61,Twitter,9.27,PC,78.28,10GB,5,Moderate,6,8.85,2,1,2.35,9891.63,90.59,0,Movies,Entertainment,Amazon Prime,1.63,1.92
39,Male,USA,Student,Widowed,7.28,9.73,0.72,4.9,1.9,Twitter,2.23,Tablet,87.04,50GB,3,Moderate,5,6.81,3,2,2.44,8955.98,213.58,4,News,Education,Amazon Prime,0.11,0.3
28,Other,Canada,Unemployed,Widowed,7.09,1.87,2.07,1.09,1.31,Facebook,11.24,PC,22.04,10GB,1,Moderate,6,5.22,2,1,0.72,2589.94,447.71,0,Movies,Education,Netflix,0.74,0.43
24,Male,Germany,Unemployed,Widowed,6.68,6.06,4.65,6.72,1.55,YouTube,6.42,Tablet,60.82,10GB,7,High,6,8.67,6,1,0.06,4633.23,202.75,3,News,Networking,YouTube,2.9,2.24
14,Female,UK,Professional,Single,3.27,5.66,4.1,3.06,1.34,Twitter,4.32,Tablet,47.91,50GB,6,Moderate,7,5.24,2,3,1.14,1868.48,340.74,3,News,Education,Amazon Prime,3.56,2.6
28,Other,Germany,Student,Divorced,2.6,5.63,1.71,5.34,4.89,Instagram,3.84,Tablet,43.02,10GB,1,Low,8,8.6,8,9,0.05,4227.31,33.18,4,Series,Networking,YouTube,0.16,1.25
46,Male,UK,Student,Widowed,4.96,7.69,3.11,1.67,2.58,YouTube,8.8,PC,23.5,10GB,7,Moderate,6,8.47,9,3,2.79,9018.8,333.58,5,Series,Entertainment,YouTube,3.07,1.85
61,Male,Australia,Retired,Single,3.54,2.12,1.98,4.97,4.39,Twitter,4.49,Tablet,63.36,10GB,6,High,7,7.12,7,2,2.66,7033.31,212.38,1,Short Videos,Entertainment,Spotify,2.62,2.01
58,Male,Canada,Professional,Divorced,7.86,9.08,1.86,4.88,1.96,Instagram,3.74,Smartphone,51.65,Unlimited,8,Moderate,4,6.02,1,3,0.01,3818.59,45.58,3,Series,Entertainment,YouTube,3.93,2.42
52,Other,India,Retired,Widowed,5.49,0.75,4.34,3.68,4.66,Instagram,11.78,Smartphone,76.41,10GB,3,Low,9,5.89,8,7,1.36,3411.14,371.38,3,Movies,Networking,Amazon Prime,0.06,0.81
54,Other,Germany,Professional,Single,4.41,1.88,1.03,0.58,3.94,YouTube,4.65,Tablet,39.28,Unlimited,1,Low,5,6.96,6,7,0.42,1120.25,476.82,4,News,News,Spotify,1.01,0.08
47,Other,India,Retired,Married,4.73,3.01,3.2,5.9,3.98,TikTok,7.79,PC,5.93,10GB,9,Low,3,5.72,5,7,2.03,2862.86,169.53,2,Series,Education,YouTube,3.86,1.81
26,Male,Canada,Retired,Single,2.59,2.33,3.29,3.45,2.29,TikTok,10.95,Smartphone,30.6,Unlimited,8,High,7,6.15,2,1,0.93,5985.91,149.35,5,Short Videos,News,Spotify,0.75,1.35
60,Other,India,Retired,Single,6.31,3.85,4.07,3.79,1.62,Instagram,9.44,Smartphone,84.08,10GB,9,Low,5,7.32,6,9,0.61,7286.23,77.15,3,Series,Networking,Spotify,2.74,2.07
47,Other,UK,Professional,Married,1.39,4.12,2.79,3.37,2.63,YouTube,5.35,Smartphone,85.84,Unlimited,5,Low,9,6.54,2,2,2.73,5108.26,446.3,3,Short Videos,News,Spotify,0.93,1.03
42,Male,UK,Retired,Divorced,3.52,2.5,1.77,6.88,1.62,TikTok,9.88,Smartphone,77.44,Unlimited,5,High,3,6.4,6,4,0.74,9671.1,127.27,5,News,News,Netflix,1.01,1.76
18,Male,Australia,Unemployed,Single,3.83,9.85,4.01,4.7,4.73,YouTube,10.52,PC,5.77,10GB,6,Moderate,5,6.43,2,8,0.29,1053.23,251.33,2,News,News,YouTube,1.09,2.49
36,Male,Canada,Retired,Widowed,1.58,3.52,3.17,4.35,3.07,Instagram,8.43,PC,53.64,Unlimited,7,Moderate,4,7.85,7,1,0.59,4746.62,350.42,4,Short Videos,Networking,Amazon Prime,0.5,2.12
36,Other,Australia,Professional,Single,7.83,5.73,2.86,1.66,4.77,Instagram,9.78,Smartphone,94.43,10GB,5,High,4,8.97,3,7,2.23,9818.26,403.57,4,Short Videos,Networking,Spotify,3.22,2.96
57,Other,UK,Retired,Divorced,0.92,2.95,0.84,5.26,4.15,Instagram,7.56,Smartphone,24.22,10GB,3,Low,7,8.92,3,5,0.45,8280.11,228.9,1,Short Videos,Networking,Spotify,3.46,0.35
41,Male,USA,Unemployed,Widowed,3.42,1.53,4.18,1.18,1.7,YouTube,2.81,PC,26.33,50GB,6,High,4,5.79,4,2,1.45,7236.94,350.29,0,Series,Networking,Amazon Prime,3.97,0.26
32,Female,UK,Unemployed,Widowed,3.93,0.96,3.72,6.43,3.68,YouTube,10.16,Tablet,23.57,50GB,9,Low,1,8.53,6,6,0.21,4050.35,292.42,5,Movies,Education,Netflix,1.16,2.17
63,Other,Germany,Professional,Married,1.92,4.99,1.38,1.96,0.3,YouTube,3.12,Smartphone,99.63,Unlimited,7,High,9,7.62,2,5,0.38,4972.28,156.12,2,Movies,News,Amazon Prime,1.53,0.6
18,Other,Australia,Retired,Widowed,6.06,3.58,2.06,3.45,4.13,TikTok,10.2,PC,50.0,50GB,8,Moderate,8,4.92,9,2,0.9,891.71,79.51,4,Movies,Networking,YouTube,1.52,2.68
34,Other,Germany,Retired,Married,6.34,9.5,1.16,6.99,3.23,TikTok,8.1,Tablet,28.52,Unlimited,6,High,6,4.46,1,9,2.45,3014.05,257.72,4,News,Networking,Spotify,1.96,2.8
15,Female,Canada,Unemployed,Divorced,4.61,7.88,2.78,5.74,3.08,Facebook,8.87,PC,27.15,50GB,2,Moderate,3,7.24,8,8,2.21,4978.01,44.53,1,Movies,Entertainment,Netflix,0.34,0.37
51,Female,India,Retired,Single,5.37,8.12,4.9,1.29,0.85,Twitter,10.75,PC,45.86,10GB,1,Low,9,7.37,9,9,1.72,5411.1,399.02,0,Movies,Entertainment,Spotify,1.58,2.26
60,Female,India,Professional,Divorced,1.92,3.74,1.62,3.3,0.68,Instagram,4.46,PC,77.56,50GB,3,Moderate,7,6.25,7,7,0.9,5562.7,232.21,3,News,Education,Amazon Prime,3.58,2.95
27,Male,USA,Retired,Single,1.1,8.91,1.13,5.66,4.98,Facebook,8.3,Smartphone,88.12,Unlimited,2,Moderate,7,7.49,4,3,2.82,2659.27,243.2,1,News,News,YouTube,0.14,0.62
57,Female,Australia,Professional,Divorced,6.12,1.02,0.64,4.01,0.95,YouTube,2.44,Tablet,48.33,10GB,7,Moderate,3,5.02,6,5,2.95,7532.62,218.01,4,News,Networking,Spotify,3.99,0.62
28,Female,USA,Student,Widowed,1.53,5.41,0.31,6.96,2.58,Twitter,2.14,PC,88.49,50GB,3,High,6,8.65,3,3,0.75,7436.11,246.44,3,News,Education,YouTube,3.98,1.62
60,Female,USA,Retired,Single,4.28,3.67,4.01,1.66,4.32,TikTok,8.9,Smartphone,91.37,50GB,1,High,4,7.56,8,9,1.94,2328.71,350.72,4,News,Networking,Spotify,3.66,2.3
52,Other,USA,Unemployed,Single,7.63,3.89,0.87,0.89,2.18,Twitter,11.18,Tablet,44.51,10GB,2,Low,4,7.67,9,1,0.35,501.92,491.38,2,News,Education,Spotify,3.83,2.05
54,Female,USA,Retired,Widowed,1.09,3.95,4.98,2.56,3.82,YouTube,4.89,PC,20.93,10GB,1,Moderate,3,7.94,5,9,1.81,6314.01,471.29,3,Series,Entertainment,Netflix,3.35,2.16
13,Other,Germany,Retired,Married,0.81,3.02,3.79,5.59,3.84,Facebook,9.5,Tablet,5.58,Unlimited,6,High,5,4.15,4,1,0.76,715.62,29.12,0,Movies,News,Amazon Prime,3.78,0.34
63,Other,India,Retired,Single,0.88,2.65,1.17,5.3,2.89,Twitter,4.13,PC,25.01,50GB,4,High,3,8.12,5,7,2.5,6530.54,242.38,5,Short Videos,Entertainment,Netflix,1.28,0.28
50,Other,Australia,Student,Single,6.92,9.28,2.57,6.06,2.08,YouTube,5.37,Tablet,46.3,50GB,4,High,1,8.74,3,6,2.31,8667.77,96.72,5,Movies,Education,Amazon Prime,1.05,0.79
28,Male,USA,Professional,Widowed,6.68,1.64,1.58,0.63,0.61,Twitter,8.42,Smartphone,49.81,Unlimited,6,High,3,5.46,7,5,0.69,9552.48,395.76,1,Movies,Education,Amazon Prime,1.01,2.0
56,Male,India,Professional,Widowed,6.56,7.99,2.84,2.36,4.03,Instagram,8.8,Tablet,18.6,Unlimited,1,Low,6,6.46,1,7,0.11,3125.02,240.34,1,Movies,Education,Netflix,2.18,0.47
27,Female,India,Retired,Married,2.91,1.76,1.72,5.56,3.78,Twitter,5.68,PC,75.66,50GB,4,Moderate,2,6.63,5,1,1.05,3906.05,335.58,2,Movies,Entertainment,Spotify,2.13,2.25
58,Other,UK,Professional,Single,4.1,8.5,1.3,4.79,1.18,YouTube,3.28,PC,55.61,50GB,1,Moderate,3,5.15,9,8,1.07,5526.27,15.26,4,Movies,News,Amazon Prime,2.32,1.28
18,Male,India,Retired,Widowed,3.85,6.31,1.16,6.68,3.1,YouTube,3.15,PC,20.31,50GB,2,Moderate,4,4.73,2,2,0.72,3149.46,200.76,5,News,Networking,Spotify,3.78,0.63
49,Female,Australia,Student,Widowed,7.68,1.18,4.12,6.36,3.49,YouTube,8.89,PC,19.11,10GB,9,Low,4,5.42,9,3,1.16,8124.43,355.9,5,News,Entertainment,Amazon Prime,1.31,1.88
41,Female,UK,Student,Widowed,7.12,9.99,2.0,1.47,1.7,YouTube,10.33,Tablet,48.53,50GB,3,Moderate,7,7.79,4,5,2.35,757.49,110.72,4,Series,Entertainment,Netflix,3.04,0.85
18,Other,Canada,Professional,Married,3.18,4.92,1.95,1.59,3.51,Instagram,11.92,PC,83.03,Unlimited,9,Moderate,4,4.46,4,3,1.84,5360.21,216.5,4,Short Videos,News,YouTube,0.51,0.88
25,Female,India,Student,Widowed,7.72,4.67,3.83,1.52,4.32,Facebook,8.84,Smartphone,69.86,50GB,7,Low,2,6.57,8,4,1.32,3005.88,224.09,5,Series,Entertainment,YouTube,0.14,2.77
13,Male,USA,Student,Widowed,7.48,5.52,3.87,5.21,0.08,Facebook,11.34,PC,66.83,Unlimited,8,High,7,5.49,3,5,1.8,3723.34,47.52,0,News,Education,YouTube,1.96,1.43
37,Male,Australia,Retired,Single,7.72,8.7,0.36,4.71,1.79,Twitter,6.87,Smartphone,75.77,10GB,2,Moderate,1,8.98,8,5,1.2,9709.67,72.62,1,Short Videos,News,Amazon Prime,1.07,2.26
28,Other,India,Student,Divorced,4.61,8.82,4.7,3.4,0.32,Twitter,11.49,PC,44.51,50GB,7,High,4,5.97,9,5,0.98,1632.69,352.59,1,Series,Education,YouTube,0.64,0.05
44,Other,Canada,Student,Single,2.45,8.94,2.21,1.74,1.6,Facebook,2.06,Smartphone,79.78,50GB,1,Low,7,6.21,8,8,2.15,3165.48,320.16,1,Series,Entertainment,Spotify,1.21,0.41
28,Female,Germany,Professional,Divorced,0.81,5.9,2.99,2.79,2.61,YouTube,2.81,PC,27.45,10GB,9,High,2,6.56,1,6,1.89,7334.38,443.65,2,Movies,Education,YouTube,2.03,0.88
28,Female,Canada,Unemployed,Divorced,0.55,5.71,2.81,6.97,0.54,TikTok,9.85,Smartphone,18.02,50GB,8,Low,4,4.36,5,5,0.25,8497.21,480.11,4,News,Education,Spotify,3.31,0.92
51,Female,USA,Professional,Widowed,7.68,7.02,4.38,0.79,2.55,YouTube,7.68,PC,61.22,50GB,6,Low,7,8.35,3,7,1.69,2898.67,171.99,2,Movies,News,Spotify,1.97,0.66
15,Other,USA,Student,Married,4.19,1.31,4.83,4.78,0.0,Twitter,7.04,PC,88.87,10GB,4,Low,8,5.24,2,3,0.41,4290.58,9.75,0,Short Videos,News,YouTube,0.13,0.03
59,Male,Australia,Retired,Divorced,7.0,8.41,1.59,2.83,1.72,YouTube,6.85,Smartphone,89.25,Unlimited,7,Low,1,5.13,5,6,0.58,3757.63,182.71,3,Short Videos,Entertainment,Amazon Prime,0.34,1.01
57,Male,Germany,Unemployed,Widowed,4.04,9.51,1.55,6.21,4.21,Instagram,4.1,Smartphone,86.44,50GB,1,Low,2,5.0,9,3,1.7,1763.13,438.62,4,Series,Education,Netflix,3.31,1.06
47,Female,UK,Professional,Single,6.14,1.89,4.65,2.83,4.55,YouTube,7.84,Tablet,56.01,10GB,1,Moderate,3,7.51,9,6,2.54,591.33,434.22,0,Movies,Education,Spotify,0.69,1.11
43,Male,Canada,Unemployed,Widowed,4.83,5.48,2.75,1.96,4.44,Facebook,7.64,PC,44.36,10GB,2,Low,1,7.57,6,2,2.49,6818.02,57.45,3,News,Entertainment,Amazon Prime,2.8,1.1
59,Other,Canada,Professional,Widowed,2.97,8.84,1.69,4.77,4.06,Twitter,6.91,Tablet,95.23,10GB,9,Low,2,8.5,7,4,2.64,1637.52,245.38,2,Series,Networking,Netflix,3.12,0.33
22,Female,India,Professional,Married,5.42,5.22,1.72,2.32,0.85,Instagram,4.98,PC,97.75,50GB,4,High,1,5.44,4,1,2.46,5440.51,466.46,4,News,Entertainment,Netflix,2.94,0.53
17,Male,Germany,Unemployed,Single,5.7,7.99,0.32,3.93,3.0,TikTok,8.77,Tablet,42.78,10GB,9,High,5,6.72,1,6,0.65,8042.56,386.44,2,Short Videos,Entertainment,Netflix,0.86,0.36
25,Female,Australia,Professional,Divorced,2.39,7.75,2.07,3.9,2.48,Instagram,3.5,Tablet,85.39,10GB,4,Low,6,6.86,5,8,1.9,977.9,277.4,2,Movies,Education,Spotify,1.25,2.3
54,Female,UK,Unemployed,Widowed,6.74,7.65,2.45,5.74,4.45,Instagram,9.51,Smartphone,96.29,50GB,9,Low,6,7.66,1,3,1.64,7138.28,419.12,5,Series,News,Netflix,2.92,0.34
14,Other,Germany,Professional,Single,3.09,7.77,1.83,6.71,1.96,Facebook,11.53,PC,24.41,10GB,9,Moderate,1,5.01,6,2,2.99,6629.54,459.41,5,Series,News,Amazon Prime,0.2,2.32
43,Other,Germany,Unemployed,Single,1.85,8.31,3.39,6.66,1.88,Instagram,10.18,Tablet,70.63,50GB,8,High,7,6.3,3,1,1.9,7145.46,216.04,1,News,News,Spotify,2.07,0.89
64,Male,Germany,Student,Single,6.17,2.94,3.93,2.56,1.54,YouTube,10.49,Smartphone,33.37,50GB,1,High,5,8.36,6,6,0.14,8063.22,55.68,1,Movies,Networking,Netflix,3.74,0.15
57,Male,Australia,Retired,Married,5.83,9.5,0.27,2.8,2.79,Twitter,10.44,Tablet,67.63,Unlimited,1,Low,6,4.39,7,9,2.92,6390.13,361.57,5,Movies,News,YouTube,2.08,0.87
40,Female,UK,Student,Single,1.95,5.55,1.61,5.85,4.07,TikTok,11.35,Smartphone,73.31,Unlimited,2,High,4,8.77,4,3,1.42,6317.14,280.23,4,Short Videos,Education,YouTube,1.26,2.96
16,Other,UK,Unemployed,Married,6.3,9.96,3.84,3.11,2.63,YouTube,10.07,Tablet,69.96,Unlimited,7,Low,9,8.5,5,9,1.61,3505.91,494.04,1,Short Videos,News,Amazon Prime,1.4,0.8
56,Male,India,Professional,Divorced,1.41,5.5,0.7,2.33,3.47,YouTube,4.59,Smartphone,20.56,10GB,9,Low,5,8.03,9,1,1.24,6512.08,266.04,5,Movies,Education,Spotify,2.52,2.23
44,Male,India,Unemployed,Divorced,5.31,3.34,2.78,2.68,1.78,Twitter,5.12,Tablet,77.33,50GB,2,Moderate,6,4.95,6,7,2.88,6573.6,408.22,5,Series,Networking,Netflix,1.4,0.09
18,Female,India,Professional,Widowed,4.54,5.11,4.06,3.14,3.41,TikTok,3.6,Tablet,92.6,50GB,2,Moderate,8,6.74,5,2,0.31,6693.69,490.29,2,News,News,Amazon Prime,3.21,1.27
17,Female,USA,Retired,Single,7.05,5.2,3.58,3.09,4.32,Instagram,8.96,Tablet,17.15,50GB,5,High,3,5.46,8,2,0.05,9665.09,115.15,3,Series,Entertainment,YouTube,3.92,2.37
60,Other,UK,Retired,Divorced,2.03,8.43,3.99,3.42,4.39,YouTube,9.51,PC,92.61,10GB,1,Moderate,9,4.88,4,2,1.67,3207.23,304.01,3,Movies,Networking,YouTube,2.36,0.16
47,Other,Germany,Professional,Divorced,3.3,5.61,3.1,3.53,2.31,TikTok,10.96,PC,89.52,Unlimited,8,Low,6,5.39,3,2,1.56,6469.74,262.97,4,Short Videos,Education,Netflix,2.79,1.85
56,Female,India,Unemployed,Single,7.2,5.92,2.84,0.55,1.34,TikTok,10.99,Tablet,16.45,50GB,4,Moderate,4,8.48,4,8,0.99,3791.5,428.65,1,Short Videos,Education,YouTube,3.5,2.53
58,Male,UK,Retired,Single,2.58,5.34,4.78,6.87,1.68,Facebook,11.45,Tablet,23.32,Unlimited,6,Moderate,6,8.08,5,5,2.64,9805.97,209.64,1,Series,Networking,Netflix,0.51,1.62
42,Other,Australia,Student,Divorced,5.02,6.41,4.83,1.43,4.92,Twitter,11.75,Tablet,42.84,10GB,5,Moderate,9,5.88,9,8,2.55,1786.41,307.53,2,News,Education,Amazon Prime,3.42,2.85
39,Female,USA,Retired,Single,3.3,5.02,3.23,4.62,4.18,Instagram,3.67,Smartphone,82.72,Unlimited,7,Low,1,7.4,7,2,0.07,6911.91,107.1,0,Series,Entertainment,Amazon Prime,2.7,2.13
35,Female,USA,Student,Divorced,5.16,2.27,1.33,5.52,1.41,Twitter,3.1,Smartphone,55.8,50GB,2,High,9,7.11,8,5,2.94,2558.89,498.56,1,Short Videos,News,YouTube,1.7,0.36
29,Female,India,Student,Married,6.43,5.3,1.51,5.36,1.09,YouTube,3.43,PC,94.86,10GB,7,High,2,7.36,1,1,2.25,2279.54,186.24,1,Short Videos,Networking,YouTube,2.2,2.69
35,Female,Germany,Professional,Married,2.52,8.35,1.42,1.52,4.49,Instagram,10.96,Smartphone,67.0,Unlimited,9,Low,6,4.8,7,9,0.75,7315.09,213.54,5,News,News,YouTube,2.86,2.01
53,Female,Germany,Professional,Single,1.52,5.18,0.68,6.99,4.42,TikTok,3.56,PC,49.55,Unlimited,4,High,4,4.96,9,6,1.66,1888.08,51.41,5,Movies,Education,Netflix,2.04,0.67
44,Other,Germany,Student,Married,6.99,3.0,2.22,6.06,1.09,TikTok,7.22,Smartphone,33.85,50GB,5,High,3,5.53,7,3,1.94,1996.51,268.08,5,Short Videos,Education,Amazon Prime,2.7,1.9
59,Female,UK,Professional,Single,5.58,6.95,1.19,0.58,4.43,TikTok,5.02,Tablet,59.08,50GB,5,High,2,5.82,4,9,2.77,9229.63,137.1,1,Movies,Entertainment,Netflix,3.39,2.38
36,Male,India,Unemployed,Divorced,6.5,9.62,4.37,2.75,3.27,YouTube,11.13,PC,57.4,Unlimited,3,Moderate,7,6.97,1,1,1.42,541.16,354.1,2,News,Networking,Netflix,3.53,1.66
44,Male,Germany,Professional,Widowed,6.3,7.98,3.05,6.19,3.96,Instagram,10.92,Tablet,39.97,Unlimited,6,High,7,6.26,1,3,2.91,9600.98,400.38,3,News,Networking,YouTube,3.64,2.21
45,Other,Australia,Student,Divorced,4.19,9.65,4.4,1.56,3.39,Twitter,10.28,Tablet,70.61,Unlimited,4,Low,4,4.74,1,3,2.85,3624.31,67.51,0,Movies,Networking,Amazon Prime,0.81,1.67
43,Male,USA,Retired,Single,4.37,4.53,0.71,1.13,0.02,Instagram,3.95,Tablet,77.06,50GB,4,High,1,8.1,4,8,2.82,5268.72,425.55,5,Series,News,YouTube,3.36,2.51
49,Other,Australia,Retired,Single,6.58,1.56,3.7,6.65,3.01,Twitter,4.48,Tablet,86.31,10GB,1,High,9,5.32,5,3,0.19,7692.54,29.13,4,Short Videos,Education,Spotify,2.3,2.63
25,Female,Australia,Student,Single,3.38,0.78,0.31,3.13,4.6,TikTok,5.57,Tablet,63.72,10GB,2,Moderate,5,8.74,2,7,0.01,5709.89,480.18,3,Short Videos,Entertainment,Netflix,0.51,2.35
39,Female,UK,Unemployed,Divorced,7.73,3.76,4.72,3.88,3.89,Facebook,6.1,Smartphone,52.65,50GB,6,High,2,6.46,4,5,0.34,8060.49,451.22,5,News,Entertainment,YouTube,1.07,2.17
18,Other,Germany,Retired,Widowed,6.49,0.97,1.78,3.64,4.25,TikTok,3.58,Smartphone,92.82,Unlimited,8,Moderate,2,6.14,7,7,0.56,3845.67,452.27,4,Series,Entertainment,YouTube,2.16,0.69
32,Other,Germany,Retired,Divorced,3.11,1.4,4.83,6.32,4.32,TikTok,4.55,PC,99.51,10GB,8,Low,9,8.64,1,5,0.19,2642.32,81.45,0,News,News,YouTube,0.4,0.2
38,Female,Germany,Retired,Married,1.74,1.19,2.06,3.62,0.34,Twitter,4.94,PC,27.68,10GB,2,High,7,6.62,8,8,2.15,9332.7,341.72,1,Short Videos,Networking,Netflix,0.03,0.02
46,Other,Australia,Student,Widowed,5.58,2.44,3.64,6.57,4.33,TikTok,11.49,PC,87.45,10GB,1,High,4,7.15,6,6,1.39,2967.19,262.57,3,Series,Networking,Netflix,0.96,2.72
62,Other,USA,Unemployed,Married,1.12,1.58,1.88,3.95,4.05,YouTube,5.54,PC,8.64,50GB,3,Low,4,5.09,6,1,2.44,2041.38,387.8,4,News,Networking,Spotify,2.17,0.26
44,Female,USA,Retired,Single,7.78,4.88,2.39,3.88,1.61,Instagram,9.92,PC,62.52,10GB,4,Moderate,1,8.33,9,4,1.81,7116.19,46.42,5,News,News,Netflix,3.57,0.35
51,Other,UK,Unemployed,Married,1.17,0.8,1.11,5.61,2.48,Twitter,8.42,PC,24.09,50GB,1,Moderate,6,7.2,2,2,0.21,6107.87,20.89,2,News,Education,Netflix,3.96,2.99
39,Female,UK,Retired,Divorced,6.71,3.24,4.27,1.39,2.98,Facebook,8.32,Tablet,96.44,10GB,3,Moderate,7,6.19,1,5,0.32,1376.43,295.59,0,Movies,Networking,Spotify,3.91,1.77
45,Male,Germany,Student,Married,7.14,1.12,1.1,2.66,3.43,Facebook,3.52,Tablet,41.1,10GB,6,High,1,5.92,8,3,1.34,1403.94,47.17,5,Series,News,Netflix,1.2,2.79
16,Other,USA,Student,Single,7.04,9.55,2.95,6.22,0.59,Instagram,11.2,Smartphone,99.75,Unlimited,4,Moderate,3,4.17,1,7,2.38,6642.84,319.43,5,Movies,Education,Spotify,1.77,1.07
26,Other,Australia,Professional,Divorced,5.73,0.99,1.37,4.83,1.52,Instagram,9.4,Tablet,18.99,10GB,2,High,6,8.98,6,3,1.12,4196.26,285.03,2,Series,Education,Netflix,1.06,1.23
31,Female,India,Student,Widowed,5.73,1.11,4.9,1.95,2.32,Facebook,4.88,PC,24.95,Unlimited,3,Low,6,6.37,9,4,0.41,8786.61,317.73,4,Movies,Networking,Netflix,2.35,1.74
37,Female,India,Retired,Single,0.94,6.13,2.48,5.97,4.54,Facebook,4.17,Tablet,48.34,Unlimited,7,Low,8,5.65,8,6,2.84,1268.14,87.59,5,Movies,Education,Spotify,1.4,1.67
15,Other,Canada,Retired,Single,5.47,2.62,1.94,1.9,4.0,Facebook,2.95,PC,29.31,Unlimited,4,Low,1,8.95,3,5,2.76,7818.92,408.78,2,Series,Entertainment,Spotify,0.59,2.0
20,Female,India,Retired,Widowed,4.14,4.7,3.1,1.32,1.44,TikTok,6.73,Tablet,5.09,Unlimited,6,Moderate,6,8.36,2,1,0.64,1647.97,60.25,0,Short Videos,Education,YouTube,0.39,2.72
27,Male,India,Unemployed,Single,3.17,0.57,3.83,6.51,1.09,Instagram,4.65,PC,56.31,50GB,4,High,8,8.89,7,2,0.93,8311.8,386.5,2,Movies,Networking,Amazon Prime,2.45,0.41
63,Male,UK,Retired,Widowed,2.27,4.29,3.44,1.13,4.44,YouTube,3.13,PC,32.9,50GB,2,Low,8,6.6,4,6,1.82,6114.46,201.66,3,Short Videos,Networking,Netflix,1.78,0.9
30,Other,Germany,Unemployed,Single,6.04,8.83,3.32,0.67,3.18,Twitter,5.6,Tablet,89.96,50GB,5,Low,1,7.72,7,5,2.39,7769.93,478.31,0,News,Networking,Amazon Prime,2.13,1.1
38,Male,Canada,Student,Divorced,4.58,4.48,1.99,4.27,1.58,TikTok,8.66,Smartphone,15.15,10GB,3,Moderate,7,4.44,9,8,0.56,8383.41,238.27,3,Short Videos,Education,Amazon Prime,0.35,2.84
23,Female,India,Unemployed,Married,7.64,3.43,1.71,6.01,4.13,Facebook,7.76,PC,40.83,10GB,1,Low,2,4.06,7,9,2.88,5751.87,336.94,4,Series,News,Spotify,1.46,0.82
44,Female,USA,Unemployed,Divorced,2.82,7.92,2.73,3.14,0.91,Twitter,7.45,Tablet,87.12,Unlimited,1,Low,5,5.85,4,1,0.37,2676.13,388.36,1,News,News,Netflix,3.93,1.14
27,Male,UK,Unemployed,Widowed,3.39,7.44,1.9,4.17,0.13,Instagram,3.8,PC,34.36,Unlimited,9,High,9,7.19,8,9,0.59,5483.55,176.06,5,News,News,Spotify,1.93,2.52
23,Other,USA,Student,Married,2.11,5.91,4.11,5.6,0.64,YouTube,7.09,PC,14.4,Unlimited,2,High,3,5.9,4,8,0.73,9709.44,203.66,1,Short Videos,Networking,YouTube,0.85,0.34
39,Other,Australia,Student,Widowed,4.11,1.56,0.69,1.81,2.57,Twitter,9.66,Smartphone,55.13,10GB,8,High,2,5.8,4,7,0.85,524.87,237.26,0,Series,Education,YouTube,0.53,0.05
13,Male,Germany,Professional,Single,6.69,5.51,4.2,2.57,4.73,TikTok,2.48,PC,70.69,Unlimited,6,High,8,6.89,7,5,0.35,7791.67,254.51,5,Series,Education,Netflix,3.91,1.03
13,Male,UK,Student,Widowed,2.43,8.57,4.73,0.92,3.6,Instagram,9.99,Tablet,55.5,50GB,8,Low,1,7.14,3,6,0.95,8628.75,407.76,1,Short Videos,Entertainment,YouTube,1.94,2.98
24,Male,USA,Professional,Widowed,5.82,7.17,4.77,5.77,2.9,TikTok,7.17,Smartphone,36.76,10GB,3,Moderate,4,4.14,3,9,2.98,1186.95,115.01,4,News,Entertainment,Spotify,0.5,0.11
14,Other,UK,Professional,Divorced,3.3,7.59,3.72,5.68,3.78,TikTok,8.42,Smartphone,7.99,Unlimited,7,Low,5,5.5,9,4,0.89,6846.27,488.17,3,Series,Education,Spotify,0.08,1.6
18,Female,UK,Professional,Single,6.79,2.91,2.59,3.74,0.4,Twitter,11.14,Tablet,62.66,10GB,9,Low,4,6.57,4,2,2.66,5196.29,10.6,2,Short Videos,Networking,Netflix,1.31,2.24
30,Other,Germany,Unemployed,Married,7.0,8.59,3.74,1.93,2.45,YouTube,4.67,Tablet,40.94,Unlimited,6,Moderate,1,7.86,5,2,1.15,8366.0,176.12,3,Movies,Networking,YouTube,0.44,0.01
54,Other,Australia,Unemployed,Widowed,2.62,9.22,1.0,2.8,3.46,Facebook,9.96,Smartphone,15.34,10GB,9,High,2,4.97,3,4,1.37,7769.51,37.1,0,News,Entertainment,Netflix,3.56,2.48
42,Other,Germany,Unemployed,Married,2.22,2.1,1.63,0.53,0.59,TikTok,10.55,Tablet,8.44,Unlimited,3,Low,6,4.84,7,1,0.94,616.37,252.51,5,Series,Education,YouTube,3.92,0.77
39,Male,India,Unemployed,Single,7.88,6.75,4.15,5.22,0.64,Instagram,9.27,PC,12.11,50GB,2,High,1,5.08,4,2,2.54,3324.07,26.8,4,Series,Networking,Netflix,2.22,1.77
28,Female,USA,Professional,Divorced,2.15,4.33,3.27,4.48,1.41,Facebook,10.77,PC,8.5,Unlimited,3,Moderate,6,4.86,8,6,1.03,6660.75,359.65,2,Short Videos,Networking,Amazon Prime,0.69,0.03
61,Other,Germany,Retired,Married,5.37,0.54,4.51,2.41,2.11,Twitter,11.63,PC,53.47,Unlimited,5,Low,7,7.78,1,3,0.33,7416.08,104.11,1,Short Videos,News,YouTube,2.93,2.56
33,Male,UK,Student,Married,2.65,2.34,1.96,1.94,1.26,Instagram,3.21,Smartphone,20.37,50GB,9,High,8,6.6,4,1,0.89,4225.89,285.28,3,News,Education,Amazon Prime,2.28,1.38
17,Female,Germany,Retired,Married,7.16,1.17,1.35,4.93,3.47,Instagram,8.38,PC,95.9,Unlimited,8,High,6,7.19,2,2,0.1,3962.86,427.41,2,Short Videos,Networking,Amazon Prime,3.39,0.83
45,Other,Canada,Student,Married,7.15,4.51,2.17,3.64,2.86,Twitter,5.72,PC,54.92,10GB,5,High,4,8.11,8,6,1.83,5187.03,264.4,2,News,Entertainment,YouTube,0.1,2.69
18,Other,Australia,Retired,Divorced,4.11,7.61,0.29,5.08,0.57,Twitter,5.3,Smartphone,18.46,10GB,7,Moderate,3,6.45,1,3,2.11,7159.99,50.2,2,Movies,Networking,Amazon Prime,2.9,1.9
30,Other,India,Student,Married,1.67,3.77,3.05,1.68,0.86,Facebook,3.77,Smartphone,68.38,50GB,9,Low,3,6.17,4,4,2.41,515.0,400.57,3,News,Networking,YouTube,1.76,1.36
39,Other,UK,Student,Divorced,3.93,2.31,2.05,5.16,3.08,Facebook,6.02,PC,54.01,50GB,6,Low,9,7.55,8,1,2.37,4096.79,265.13,4,Movies,Networking,Netflix,0.87,1.69
58,Female,UK,Retired,Divorced,5.91,8.0,2.84,3.18,2.62,Instagram,9.15,PC,48.45,Unlimited,4,High,5,6.25,9,7,0.84,6068.27,5.98,1,News,Education,YouTube,0.92,1.26
38,Female,Canada,Retired,Single,0.92,6.56,1.63,5.55,3.54,Twitter,10.25,Smartphone,91.03,10GB,2,Moderate,5,7.98,1,5,1.35,8408.8,39.79,1,Short Videos,Entertainment,Netflix,0.23,2.03
49,Female,India,Student,Divorced,4.75,8.87,4.45,3.16,1.45,Twitter,3.75,Tablet,73.1,50GB,8,Low,2,4.63,8,1,1.52,1698.03,91.53,4,Movies,Networking,Spotify,2.88,1.56
64,Female,USA,Professional,Divorced,0.53,4.61,3.49,1.82,3.98,Twitter,2.52,PC,32.83,Unlimited,2,Low,7,5.8,7,6,1.51,5248.3,175.69,1,Series,Networking,Amazon Prime,0.86,0.83
19,Male,UK,Professional,Divorced,1.51,5.33,4.1,2.26,1.57,Instagram,4.57,Tablet,13.41,10GB,9,High,1,6.02,7,5,0.15,6463.01,365.42,3,Movies,Networking,Spotify,2.87,0.91
27,Other,USA,Student,Single,4.22,7.67,4.09,1.13,0.97,Facebook,4.45,Smartphone,6.49,50GB,5,Moderate,9,7.89,5,1,1.33,4689.25,18.08,0,News,Education,Spotify,3.92,0.63
33,Male,Canada,Unemployed,Single,4.12,8.99,4.62,3.67,1.03,Instagram,10.04,PC,45.4,10GB,4,Moderate,8,6.55,8,8,0.52,7053.86,92.92,4,Series,Education,Netflix,2.77,0.91
34,Male,Australia,Student,Married,5.8,7.54,4.05,1.96,2.64,Instagram,2.94,Smartphone,37.68,Unlimited,2,High,2,4.57,6,5,2.33,6888.77,359.72,0,Series,Education,Spotify,3.45,2.6
34,Male,India,Unemployed,Widowed,5.86,4.48,4.99,4.1,1.65,YouTube,6.34,Tablet,61.85,10GB,9,High,4,6.34,5,8,1.26,5551.63,473.59,0,Movies,News,YouTube,3.08,0.13
60,Male,Germany,Retired,Married,5.17,4.18,4.98,2.52,0.5,Instagram,4.03,Tablet,15.6,10GB,7,Low,7,5.91,1,8,0.25,9713.92,451.61,0,Movies,Entertainment,Spotify,0.88,2.64
50,Other,India,Retired,Widowed,1.1,0.84,4.63,3.11,0.08,Facebook,10.22,Tablet,54.52,50GB,2,High,5,6.28,7,1,1.0,4908.25,94.36,2,News,Education,Amazon Prime,2.34,0.61
44,Male,UK,Unemployed,Divorced,1.7,4.05,3.48,4.55,1.85,Instagram,4.05,Smartphone,83.14,Unlimited,3,Moderate,5,5.41,1,1,2.07,2264.57,484.52,2,News,News,Amazon Prime,2.08,2.89
29,Female,Australia,Retired,Single,5.38,1.6,0.88,4.35,4.84,Instagram,8.89,PC,26.61,50GB,7,Low,7,5.53,8,3,1.54,7400.95,396.61,2,Movies,Entertainment,Amazon Prime,3.5,2.84
55,Other,India,Unemployed,Widowed,2.83,8.06,4.41,3.48,2.53,YouTube,7.45,PC,69.19,Unlimited,7,Moderate,8,5.93,1,3,0.92,1989.83,102.25,3,News,Networking,YouTube,1.54,2.63
62,Male,Germany,Student,Single,5.89,9.05,0.54,4.16,1.65,Twitter,3.84,Smartphone,85.45,Unlimited,9,Moderate,8,6.73,1,1,0.72,1590.71,46.88,2,Series,Entertainment,YouTube,2.71,0.83
55,Other,Canada,Student,Married,6.5,4.47,3.9,0.91,4.9,Facebook,2.27,Tablet,50.41,10GB,2,Moderate,4,8.71,8,3,2.98,2291.53,452.99,0,News,Networking,YouTube,3.59,1.62
13,Other,Germany,Retired,Divorced,6.24,3.72,3.53,5.01,1.01,TikTok,4.95,Smartphone,27.37,50GB,8,High,3,6.6,3,6,2.86,7241.52,23.6,0,News,News,Netflix,2.65,2.53
46,Female,Canada,Student,Widowed,4.69,9.35,1.72,3.74,0.18,Twitter,3.22,Tablet,80.4,50GB,6,Low,9,8.23,9,5,1.28,1159.07,244.69,4,Series,News,Amazon Prime,1.19,1.78
15,Male,USA,Student,Divorced,2.39,2.21,3.23,5.37,2.0,Twitter,5.67,PC,27.51,50GB,8,High,7,4.14,5,6,1.98,7127.55,95.61,5,Movies,Entertainment,YouTube,3.3,0.55
26,Other,UK,Retired,Single,4.67,5.42,3.82,6.82,2.43,Instagram,10.51,Smartphone,30.87,Unlimited,1,Moderate,5,6.76,5,6,0.06,948.8,289.29,2,Short Videos,News,Amazon Prime,2.77,1.67
16,Female,India,Retired,Married,4.22,9.99,2.01,2.08,1.46,Instagram,11.29,PC,68.24,50GB,2,Moderate,7,8.56,7,2,0.56,7565.72,89.52,3,Short Videos,Entertainment,YouTube,2.21,2.54
44,Male,USA,Retired,Divorced,2.75,2.69,0.82,1.74,1.34,Facebook,7.19,Smartphone,71.31,Unlimited,9,Low,1,6.22,2,2,1.61,6444.67,234.57,1,Short Videos,Entertainment,Netflix,0.29,1.49
48,Female,Canada,Professional,Divorced,6.09,9.13,4.45,2.91,3.47,Twitter,2.93,PC,21.15,50GB,7,High,5,5.47,9,9,1.98,9612.14,222.51,5,Series,Education,Spotify,3.31,2.58
18,Other,Australia,Unemployed,Single,5.12,7.02,3.69,6.55,3.02,Facebook,4.98,PC,12.7,50GB,4,Moderate,4,8.98,9,3,1.3,3084.38,466.51,0,News,Education,YouTube,1.53,2.22
32,Other,India,Student,Divorced,2.74,4.47,2.56,0.56,0.35,YouTube,2.79,Tablet,10.5,Unlimited,6,Moderate,5,8.41,6,6,2.87,6313.03,219.15,3,Series,Entertainment,YouTube,0.75,2.43
36,Male,Germany,Professional,Divorced,2.99,9.46,1.61,3.02,4.56,TikTok,6.25,Tablet,21.95,50GB,1,High,8,4.48,7,5,1.17,3529.89,113.83,4,News,News,Netflix,3.31,1.21
32,Other,Australia,Professional,Divorced,1.78,4.48,2.51,3.68,1.13,Twitter,2.94,Smartphone,42.13,10GB,4,Low,6,7.83,6,1,2.11,9732.14,441.68,3,Series,Entertainment,Amazon Prime,2.61,1.41
19,Other,Canada,Unemployed,Married,1.67,1.0,3.26,5.26,3.47,YouTube,2.94,Tablet,75.11,50GB,3,High,2,4.47,3,7,0.07,4802.77,284.47,2,News,Entertainment,Spotify,0.66,2.54
34,Female,India,Retired,Married,3.56,7.75,1.7,1.47,4.96,Twitter,8.2,PC,56.49,Unlimited,7,Low,1,5.13,3,5,2.26,4368.99,110.04,2,News,Education,YouTube,0.48,0.06
52,Female,UK,Unemployed,Widowed,1.2,6.66,3.01,3.51,4.99,Twitter,4.49,Smartphone,31.35,Unlimited,1,Low,2,4.62,4,5,1.6,4438.36,382.76,4,News,News,Amazon Prime,2.88,1.93
16,Male,Canada,Professional,Widowed,7.55,1.14,2.0,0.73,0.49,Instagram,4.45,PC,64.89,Unlimited,2,Low,5,6.07,3,8,2.58,9900.52,421.34,4,News,Networking,Spotify,1.86,1.2
17,Male,Canada,Professional,Divorced,2.41,8.63,0.57,0.94,4.22,YouTube,5.83,PC,36.8,50GB,6,Moderate,7,7.24,2,6,2.31,5537.92,330.04,2,Movies,News,Amazon Prime,1.96,0.58
31,Female,UK,Professional,Widowed,4.43,9.12,1.83,5.04,0.32,TikTok,4.48,Tablet,80.86,Unlimited,3,Low,1,7.69,2,3,1.51,8326.26,404.62,5,News,News,Netflix,2.6,2.48
61,Other,India,Professional,Widowed,2.73,8.38,3.04,1.82,3.71,Twitter,3.32,PC,55.5,50GB,9,Low,1,4.27,9,9,1.37,9448.55,160.16,5,Movies,Networking,YouTube,1.61,2.67
47,Female,Germany,Retired,Widowed,4.38,5.48,3.43,6.38,2.14,Instagram,7.65,Tablet,24.35,10GB,2,Moderate,1,4.19,2,5,0.96,5642.42,490.37,0,Series,Education,Spotify,0.75,1.39
48,Female,Canada,Professional,Divorced,5.01,6.92,1.16,5.0,4.97,TikTok,10.02,Smartphone,68.01,10GB,3,Moderate,5,6.43,4,5,1.45,8622.03,117.22,2,Short Videos,Entertainment,Netflix,1.63,2.9
31,Male,USA,Student,Married,1.8,6.44,3.03,4.17,1.04,Facebook,4.7,Smartphone,84.76,50GB,5,Moderate,3,4.51,1,4,1.28,6967.87,90.37,1,Short Videos,Entertainment,YouTube,1.54,0.26
43,Female,India,Unemployed,Widowed,2.2,6.05,3.68,4.82,0.02,Twitter,10.42,Smartphone,60.88,50GB,4,Moderate,9,4.87,4,6,1.63,5052.07,101.64,5,Movies,News,YouTube,1.63,0.74
13,Female,UK,Unemployed,Married,4.26,3.17,2.07,4.55,1.92,Twitter,9.64,Tablet,65.43,50GB,2,Low,5,7.83,3,7,0.97,4091.09,268.76,5,News,News,Amazon Prime,0.79,2.26
46,Male,USA,Professional,Single,6.66,9.09,3.01,5.03,3.08,Instagram,2.08,Smartphone,36.09,50GB,2,Low,4,6.53,5,7,2.69,4606.67,150.37,4,Movies,Networking,YouTube,2.42,0.2
60,Other,Australia,Professional,Married,1.44,0.59,4.81,0.6,1.14,TikTok,9.79,Tablet,32.14,50GB,8,Low,1,8.03,6,3,0.64,7778.2,118.95,1,Movies,Education,Netflix,0.63,0.18
44,Other,Australia,Student,Widowed,5.26,3.92,4.74,3.91,0.82,Facebook,9.04,PC,82.61,50GB,4,Moderate,1,4.99,2,9,1.76,9764.58,353.12,2,Movies,Education,Amazon Prime,3.61,1.6
58,Female,Australia,Retired,Married,2.46,2.24,4.66,4.46,3.95,Instagram,7.23,PC,29.17,50GB,5,Low,6,4.17,7,9,2.35,8811.43,218.52,1,News,Networking,Amazon Prime,0.95,2.97
50,Other,UK,Unemployed,Single,5.08,7.7,3.12,1.06,4.52,TikTok,2.75,Tablet,78.36,Unlimited,1,Low,7,7.48,9,4,1.25,4948.88,181.64,4,Movies,Entertainment,Amazon Prime,3.61,2.13
19,Male,UK,Student,Married,1.57,3.42,1.84,0.51,1.71,Twitter,6.19,Tablet,39.72,10GB,4,Moderate,9,5.46,7,7,0.51,1525.98,31.79,4,News,News,Spotify,0.85,1.45
59,Female,USA,Student,Divorced,7.5,5.52,4.47,1.84,2.29,Facebook,5.93,Tablet,84.27,Unlimited,4,High,3,8.4,6,1,2.66,6562.75,146.37,4,News,Entertainment,Amazon Prime,1.2,2.5
16,Female,Canada,Unemployed,Widowed,2.85,3.88,2.34,6.88,1.19,TikTok,8.59,Tablet,49.05,50GB,9,High,7,5.46,6,4,0.51,9508.77,235.53,2,Movies,News,Netflix,0.89,1.95
40,Other,India,Student,Married,6.87,9.82,0.76,3.05,0.25,Facebook,5.11,PC,8.8,50GB,5,High,2,6.61,6,1,0.67,6464.21,358.16,4,Short Videos,Entertainment,YouTube,1.55,1.97
20,Male,India,Student,Single,3.06,8.09,3.61,3.27,0.7,Facebook,10.41,Tablet,55.64,10GB,1,Moderate,5,6.87,7,6,0.57,3158.77,104.3,5,Short Videos,Education,Netflix,0.57,2.63
13,Other,Canada,Professional,Single,3.44,9.82,1.55,6.93,3.62,YouTube,10.78,Smartphone,71.75,50GB,6,Low,3,8.24,8,9,1.35,2452.7,141.57,0,Short Videos,Entertainment,Netflix,3.05,0.13
34,Other,UK,Professional,Single,1.4,9.92,0.99,4.08,0.59,Facebook,8.82,PC,78.52,Unlimited,3,Moderate,4,7.45,7,6,1.57,8711.01,223.04,0,Short Videos,Networking,Netflix,2.13,2.59
28,Female,Australia,Student,Widowed,3.73,7.3,2.68,0.58,3.08,Instagram,8.67,Tablet,81.97,Unlimited,7,Moderate,4,8.94,1,2,0.95,3232.26,136.04,5,News,Education,Amazon Prime,3.89,2.71
38,Female,USA,Unemployed,Married,0.77,1.49,1.95,5.83,0.28,Facebook,9.07,PC,17.73,50GB,1,Low,4,8.01,1,3,2.11,2911.44,373.66,0,Movies,Networking,Amazon Prime,3.17,2.74
43,Other,Canada,Student,Single,4.11,5.45,1.41,3.66,4.38,Facebook,9.69,Smartphone,11.8,10GB,5,Low,5,6.94,9,3,1.69,8032.73,468.9,0,News,Networking,Netflix,1.97,1.26
15,Male,India,Retired,Married,3.91,8.12,3.35,2.26,1.31,Facebook,10.92,Smartphone,73.24,Unlimited,6,High,7,4.5,8,6,0.13,520.6,173.55,2,Short Videos,Education,Netflix,3.56,1.73
19,Female,India,Professional,Single,7.21,7.5,1.5,3.55,3.65,Instagram,7.58,PC,53.08,50GB,2,Moderate,6,5.31,1,8,1.48,1991.71,166.0,4,Series,Entertainment,Amazon Prime,0.17,2.86
42,Other,India,Unemployed,Divorced,4.48,8.98,2.49,5.33,3.16,Twitter,10.37,Tablet,57.37,50GB,8,Low,4,8.74,1,7,0.53,3665.2,494.93,2,Short Videos,News,Spotify,0.11,2.44
30,Male,India,Professional,Single,5.11,1.11,3.86,3.96,4.04,YouTube,11.41,PC,12.57,50GB,6,Moderate,3,8.39,8,2,2.89,4705.98,108.95,3,Short Videos,Entertainment,Amazon Prime,1.71,2.71
50,Male,USA,Professional,Divorced,5.29,4.45,2.57,6.56,0.68,Twitter,3.05,Smartphone,68.31,Unlimited,8,Low,4,7.49,5,6,2.47,3890.11,124.59,0,Short Videos,News,Spotify,0.54,2.49
46,Male,USA,Student,Widowed,4.31,7.38,2.58,0.59,2.5,YouTube,2.32,Smartphone,39.3,10GB,2,High,4,8.9,1,4,2.61,3712.11,339.66,0,Short Videos,Entertainment,Amazon Prime,3.63,0.75
56,Female,USA,Unemployed,Married,5.86,3.52,3.42,4.42,0.98,Instagram,9.68,Tablet,67.11,50GB,5,Low,5,8.47,3,4,2.34,3356.09,439.34,0,Series,News,Amazon Prime,3.01,1.89
49,Female,USA,Professional,Single,4.86,8.73,2.44,6.54,3.58,TikTok,9.4,Smartphone,21.81,50GB,3,High,2,5.29,7,3,0.14,3292.08,433.34,4,Movies,Entertainment,YouTube,1.5,2.85
35,Female,Germany,Retired,Married,6.08,4.09,2.78,1.56,2.99,YouTube,2.58,Smartphone,28.02,50GB,2,Moderate,2,4.33,4,3,1.13,9172.17,220.69,3,Short Videos,Entertainment,YouTube,1.76,0.32
47,Other,India,Unemployed,Widowed,0.84,3.44,4.85,2.32,1.48,Twitter,6.11,PC,38.97,Unlimited,8,Low,1,5.37,9,3,1.09,7732.51,429.64,3,Series,Entertainment,Amazon Prime,2.35,2.85
27,Female,Germany,Retired,Single,3.24,0.64,4.56,5.24,0.08,Instagram,3.33,Smartphone,71.07,50GB,2,High,7,5.94,3,7,2.82,3554.14,156.85,0,Movies,News,Netflix,1.84,2.16
28,Male,UK,Retired,Married,3.27,5.83,0.63,6.85,0.58,Instagram,9.32,Smartphone,75.24,10GB,6,High,3,7.35,3,8,0.97,5479.42,407.89,0,Short Videos,Entertainment,YouTube,1.51,1.93
54,Male,Canada,Professional,Divorced,3.76,3.57,4.94,3.27,3.07,YouTube,2.39,Smartphone,38.31,Unlimited,4,Low,4,4.49,5,4,2.1,4388.88,155.59,3,News,Networking,YouTube,1.46,0.7
36,Male,Canada,Student,Widowed,6.15,1.06,0.69,4.09,0.03,Twitter,2.6,PC,47.9,10GB,4,High,1,8.96,8,7,2.43,2749.05,245.31,3,Movies,Entertainment,Spotify,0.99,0.54
54,Other,India,Retired,Divorced,4.56,9.22,3.38,1.85,2.35,Facebook,11.46,PC,59.16,10GB,9,Low,8,4.63,4,4,0.91,5532.44,264.59,1,Series,Networking,Spotify,3.53,2.38
55,Male,UK,Professional,Married,7.68,3.39,2.28,2.87,3.08,TikTok,9.27,Tablet,60.85,50GB,4,High,3,5.49,2,5,0.33,3403.14,209.64,3,News,Education,Spotify,2.52,0.13
57,Other,India,Professional,Widowed,5.65,6.21,3.5,2.84,1.5,TikTok,4.25,Smartphone,25.81,50GB,5,High,1,6.99,5,1,1.29,7883.72,92.61,3,Movies,Networking,Netflix,0.91,1.95
60,Other,UK,Unemployed,Divorced,1.79,9.47,0.71,2.66,4.15,Instagram,2.1,Smartphone,87.81,10GB,10,Moderate,9,7.74,3,7,1.87,3461.79,327.77,0,Short Videos,Education,YouTube,1.98,1.98
35,Female,Australia,Student,Widowed,3.91,9.03,4.32,6.95,4.08,TikTok,4.99,Smartphone,43.57,50GB,1,High,9,8.56,8,7,0.9,3274.18,440.9,2,Series,Networking,Amazon Prime,3.29,0.33
29,Male,India,Unemployed,Married,2.5,3.98,3.15,3.82,4.83,TikTok,11.63,PC,15.79,10GB,4,Moderate,3,5.74,2,6,1.66,3344.81,266.04,4,News,Entertainment,Amazon Prime,2.08,2.04
43,Male,USA,Student,Widowed,1.01,7.61,4.02,5.46,3.89,Facebook,10.05,Tablet,78.23,10GB,7,Moderate,9,4.05,8,3,2.69,4542.74,245.93,2,Movies,Networking,Spotify,1.8,1.64
32,Male,USA,Student,Divorced,4.33,1.02,1.95,2.18,4.99,Twitter,6.48,Smartphone,42.52,Unlimited,9,Moderate,6,7.87,7,4,1.08,8016.3,223.0,4,Movies,Entertainment,Netflix,1.57,2.26
44,Other,USA,Unemployed,Single,6.53,8.12,1.69,3.7,2.27,Instagram,11.75,PC,75.98,Unlimited,9,High,2,6.8,7,5,0.56,8451.16,117.02,5,News,Networking,Spotify,2.7,0.55
49,Female,India,Professional,Widowed,2.76,3.62,1.55,4.33,0.3,TikTok,6.33,Tablet,46.56,10GB,4,High,7,4.69,2,6,1.69,9766.53,297.32,1,Series,Entertainment,YouTube,2.94,2.02
48,Female,Germany,Unemployed,Widowed,4.42,4.53,1.98,3.24,2.07,Instagram,9.06,Smartphone,25.63,50GB,3,Low,1,6.15,7,9,0.54,5033.51,95.56,0,Movies,News,Spotify,1.74,0.93
32,Male,Australia,Student,Married,7.7,4.99,0.22,4.9,0.41,Twitter,2.6,PC,46.11,10GB,9,Moderate,9,6.18,8,2,2.14,6182.79,120.8,3,Short Videos,Networking,Amazon Prime,1.18,1.61
21,Other,Australia,Unemployed,Divorced,7.49,6.85,2.59,5.95,1.22,TikTok,7.02,PC,88.24,50GB,3,Low,9,7.53,6,3,2.62,7876.07,271.69,1,Movies,News,YouTube,2.94,0.84
35,Other,India,Student,Married,4.76,9.93,3.15,6.99,0.42,TikTok,11.21,Smartphone,71.22,10GB,8,High,4,4.21,8,9,1.15,1614.17,55.14,5,News,Education,YouTube,1.15,0.51
20,Female,USA,Professional,Widowed,7.6,2.53,3.02,3.51,2.43,Twitter,10.96,Smartphone,91.23,Unlimited,4,High,8,7.02,3,6,0.93,6340.24,176.28,2,Short Videos,News,Spotify,3.36,0.86
59,Female,UK,Professional,Divorced,5.24,8.06,1.76,2.8,2.83,Twitter,8.32,PC,90.52,10GB,9,High,4,4.49,5,9,2.67,1597.49,485.74,4,Series,Education,YouTube,3.0,0.13
30,Female,Australia,Student,Single,1.34,1.94,2.18,0.77,2.98,Instagram,6.17,Smartphone,42.12,50GB,9,Low,8,6.79,1,3,0.28,6758.43,274.48,2,Short Videos,Education,YouTube,0.54,2.4
21,Female,UK,Unemployed,Widowed,5.81,1.44,3.38,3.42,4.06,YouTube,4.71,Smartphone,92.92,50GB,6,Low,4,5.22,3,5,2.49,1779.5,461.53,0,Movies,Education,Amazon Prime,2.17,0.52
14,Female,India,Student,Divorced,1.28,9.66,1.21,5.93,1.13,TikTok,3.55,PC,26.48,10GB,3,Low,4,7.46,4,3,0.05,4230.25,289.52,2,Movies,Entertainment,Spotify,1.79,0.59
46,Male,Germany,Professional,Married,1.87,0.53,3.51,2.04,3.87,Facebook,11.59,PC,40.88,10GB,7,Low,7,4.05,1,3,2.7,4408.08,152.33,0,Short Videos,Networking,Spotify,2.04,1.17
46,Female,Germany,Student,Single,3.36,5.42,2.69,5.83,1.34,Twitter,3.09,Smartphone,82.11,10GB,7,Low,4,8.86,1,9,0.35,4119.37,432.61,3,News,Education,YouTube,3.08,1.37
30,Other,Australia,Professional,Divorced,2.51,1.48,3.8,3.43,2.75,Twitter,11.38,Smartphone,8.84,Unlimited,9,Moderate,7,4.59,1,7,1.16,910.64,352.24,1,Short Videos,Networking,Amazon Prime,2.96,0.85
16,Female,Germany,Retired,Widowed,6.44,3.32,2.98,3.53,4.98,Facebook,11.81,Smartphone,27.53,10GB,6,Low,7,8.95,4,2,2.55,9082.22,220.91,3,Movies,Entertainment,YouTube,3.38,1.62
34,Female,India,Student,Married,0.58,7.31,1.51,2.86,0.03,Twitter,3.19,PC,23.6,50GB,6,Moderate,5,6.58,1,4,0.3,4664.7,4.39,1,Short Videos,Entertainment,YouTube,0.82,2.71
29,Male,Canada,Student,Divorced,0.73,8.82,4.34,5.45,1.85,TikTok,5.44,Tablet,97.11,10GB,7,Low,1,4.32,8,6,1.76,3153.69,294.97,5,Short Videos,Education,Amazon Prime,2.87,0.59
48,Female,Australia,Retired,Widowed,3.19,7.33,1.16,5.23,4.11,Instagram,7.8,Tablet,43.21,10GB,3,High,4,4.22,2,9,2.22,4585.01,58.3,1,Movies,Entertainment,Spotify,2.63,0.38
44,Female,Australia,Professional,Widowed,3.26,0.99,1.66,6.8,1.64,Instagram,6.14,Smartphone,34.83,Unlimited,1,Low,6,8.96,8,1,1.1,8914.73,279.89,5,Series,News,YouTube,0.05,1.16
31,Female,UK,Retired,Divorced,4.32,1.38,2.07,4.77,2.0,YouTube,5.79,Smartphone,90.52,50GB,7,Low,3,8.36,2,9,1.76,3297.72,190.59,1,Short Videos,Networking,Amazon Prime,1.02,2.84
24,Male,Australia,Student,Divorced,3.59,6.13,0.36,1.35,4.91,TikTok,9.1,PC,30.48,10GB,9,Moderate,8,5.48,1,1,2.02,9443.66,470.09,2,Series,Education,YouTube,1.92,0.56
64,Female,India,Student,Divorced,7.72,5.8,1.83,4.73,3.22,YouTube,9.17,PC,8.11,10GB,7,High,1,6.39,4,6,2.3,1879.94,217.7,2,News,Entertainment,YouTube,3.54,2.22
36,Other,UK,Retired,Widowed,3.44,5.49,1.02,4.47,4.43,YouTube,11.29,Smartphone,67.89,50GB,9,High,6,7.2,7,1,1.52,1765.5,84.63,0,Movies,Entertainment,Amazon Prime,2.38,0.93
48,Female,USA,Professional,Divorced,4.16,7.2,4.72,6.71,4.02,TikTok,8.36,Tablet,63.87,50GB,1,High,1,7.69,4,1,1.75,3634.71,339.18,0,Short Videos,Education,Netflix,2.74,0.18
20,Female,Germany,Unemployed,Single,5.02,9.99,1.98,6.14,0.2,Twitter,10.98,PC,9.91,Unlimited,8,High,8,4.75,1,1,1.38,8893.93,306.88,2,Short Videos,Networking,Netflix,2.0,2.72
38,Female,Australia,Unemployed,Single,4.32,2.49,3.71,6.66,2.13,YouTube,3.81,Tablet,18.79,Unlimited,2,Moderate,3,4.86,8,3,1.66,6450.39,374.13,4,Short Videos,Networking,Amazon Prime,0.2,1.17
14,Female,UK,Unemployed,Divorced,2.57,5.92,3.37,5.69,1.29,Facebook,11.29,PC,75.11,10GB,6,Low,8,6.44,9,8,0.54,6583.04,192.25,0,News,Networking,YouTube,2.3,1.79
39,Other,Canada,Unemployed,Married,1.11,9.07,4.11,0.72,2.44,TikTok,6.11,PC,37.32,50GB,3,Moderate,6,5.08,2,2,1.17,2841.07,309.21,3,Short Videos,News,Spotify,0.45,2.83
63,Other,UK,Unemployed,Divorced,0.54,6.53,1.47,2.44,2.78,YouTube,11.96,Smartphone,29.97,10GB,6,Low,8,7.24,5,4,2.58,4258.55,423.56,1,Series,Networking,Netflix,3.81,0.15
32,Other,Canada,Student,Divorced,5.97,1.67,1.84,5.63,2.68,Facebook,9.72,Tablet,58.43,50GB,8,Low,9,8.22,5,2,1.0,8456.17,285.66,3,Series,Networking,Spotify,3.27,2.29
15,Male,USA,Retired,Widowed,7.43,2.37,2.36,3.09,0.13,Facebook,5.12,Tablet,24.77,Unlimited,3,Moderate,2,5.13,2,7,0.7,2583.44,159.74,3,Movies,Education,YouTube,2.7,2.24
14,Female,Germany,Professional,Widowed,3.73,9.45,1.68,0.68,4.49,TikTok,11.56,PC,87.63,Unlimited,7,High,1,7.26,6,9,1.96,8205.42,353.89,3,Series,Education,YouTube,1.14,2.0
33,Female,Australia,Unemployed,Widowed,4.59,3.57,1.2,2.5,4.32,Twitter,3.46,Tablet,9.9,50GB,2,Moderate,6,8.11,9,4,0.79,6286.07,419.55,0,Short Videos,Education,Amazon Prime,1.79,0.23
21,Other,USA,Student,Widowed,0.63,5.61,4.67,4.88,4.73,Facebook,2.23,PC,23.75,50GB,7,High,8,5.46,6,4,0.52,6553.56,68.23,5,Series,Networking,Spotify,0.7,1.87
14,Male,Australia,Professional,Divorced,2.88,1.92,0.32,2.04,2.71,YouTube,3.91,Tablet,18.35,10GB,6,Moderate,1,6.3,3,8,1.19,4590.26,475.65,4,News,Networking,Netflix,3.22,1.02
52,Female,Canada,Student,Single,0.67,1.2,4.91,3.68,3.8,Instagram,3.98,Smartphone,72.38,Unlimited,6,High,2,5.65,9,8,1.61,9655.59,158.07,1,News,News,Amazon Prime,3.81,1.03
36,Other,UK,Professional,Widowed,2.09,3.54,2.08,2.53,4.0,YouTube,6.44,Tablet,88.25,50GB,3,Moderate,3,5.18,4,6,2.68,3084.42,143.5,5,Short Videos,Education,Spotify,3.27,2.97
28,Female,Australia,Professional,Married,3.55,3.92,1.17,0.82,3.41,Facebook,2.37,Tablet,33.18,50GB,2,Moderate,2,6.86,5,2,0.44,8156.81,470.52,0,Series,Networking,Spotify,0.44,1.07
59,Male,Germany,Student,Divorced,2.12,3.85,3.66,4.59,2.03,Instagram,3.73,Smartphone,81.16,50GB,8,Low,9,8.98,9,8,0.75,3405.96,157.42,2,Short Videos,Entertainment,Netflix,1.37,1.93
19,Female,UK,Professional,Divorced,0.53,9.16,1.59,2.55,3.98,YouTube,2.73,PC,59.66,50GB,1,Moderate,6,6.42,1,5,2.03,9628.79,313.37,0,News,News,Spotify,2.08,0.76
62,Male,UK,Unemployed,Divorced,0.53,0.73,2.0,4.18,2.02,YouTube,11.78,PC,54.82,Unlimited,5,Moderate,2,6.28,2,1,0.19,3485.74,44.04,2,News,Entertainment,Netflix,0.56,2.71
29,Male,Australia,Unemployed,Divorced,6.05,9.2,2.6,3.14,1.24,Facebook,2.08,Tablet,32.62,50GB,4,Low,2,5.97,4,9,1.07,799.74,128.31,2,Short Videos,Networking,Netflix,0.89,1.15
59,Male,USA,Unemployed,Widowed,7.88,7.96,2.84,6.86,3.39,TikTok,11.64,Tablet,56.17,50GB,7,Low,4,5.26,7,4,0.7,2266.57,255.79,3,News,News,Spotify,3.56,1.83
44,Other,Australia,Retired,Single,4.42,3.39,1.12,0.52,1.03,Twitter,2.1,Tablet,16.61,Unlimited,3,Low,7,6.77,5,3,1.77,2167.01,386.32,1,Short Videos,Education,Netflix,0.82,2.33
55,Other,India,Retired,Divorced,4.58,5.97,3.64,6.58,3.46,Facebook,7.65,Tablet,40.47,Unlimited,6,High,7,5.09,8,7,1.73,8365.75,259.32,4,Short Videos,News,Amazon Prime,1.27,2.55
64,Other,Australia,Student,Widowed,1.24,1.5,0.21,4.28,3.75,Facebook,7.99,PC,80.78,50GB,1,High,6,7.39,9,3,1.33,9977.94,483.23,4,Short Videos,News,YouTube,3.36,2.28
28,Male,USA,Professional,Married,7.99,9.36,1.17,4.3,0.66,Instagram,10.98,PC,36.59,10GB,4,Low,5,6.31,5,8,0.79,6830.17,105.28,4,Series,Networking,Amazon Prime,1.42,1.37
62,Female,Australia,Student,Single,4.79,1.69,0.63,1.05,3.69,Facebook,4.98,Tablet,46.09,10GB,9,Moderate,9,6.55,6,9,1.51,9785.06,310.24,0,Series,News,Amazon Prime,3.19,2.21
33,Female,Germany,Professional,Married,2.87,3.18,0.78,2.44,1.26,Instagram,11.68,Smartphone,12.07,50GB,5,Moderate,4,7.86,3,2,0.37,3156.08,196.95,2,Short Videos,News,Amazon Prime,0.99,2.01
33,Other,Australia,Unemployed,Single,5.07,9.06,3.34,2.67,0.0,TikTok,7.51,Smartphone,5.69,Unlimited,8,High,9,5.93,2,8,1.13,6276.92,332.71,1,Movies,Networking,Spotify,2.74,0.28
30,Female,India,Professional,Divorced,1.29,5.7,4.28,3.97,0.17,YouTube,4.94,Smartphone,55.76,Unlimited,9,High,5,5.21,6,1,1.33,4892.44,397.67,3,Movies,Education,Amazon Prime,3.45,2.96
41,Male,Canada,Retired,Widowed,3.3,6.29,4.29,3.3,1.56,Twitter,6.37,Tablet,97.5,10GB,9,Moderate,9,8.88,2,7,1.83,2410.37,218.75,1,Movies,Education,Spotify,0.95,2.56
21,Male,India,Retired,Divorced,3.77,9.17,4.79,6.24,1.49,YouTube,7.32,Smartphone,9.18,50GB,2,High,4,4.57,6,1,0.09,9663.19,83.99,0,Series,Entertainment,Spotify,0.96,1.41
41,Other,Canada,Professional,Married,4.31,3.99,3.88,2.75,4.67,TikTok,11.34,PC,54.24,50GB,8,High,2,5.53,3,4,1.43,8305.18,256.69,2,Series,Entertainment,Amazon Prime,2.52,0.19
41,Male,India,Unemployed,Single,4.3,3.87,2.59,1.8,1.34,TikTok,8.05,Tablet,28.74,Unlimited,3,Moderate,4,7.37,8,7,2.12,8466.88,412.71,4,Short Videos,News,Netflix,3.64,2.41
52,Female,Canada,Retired,Widowed,2.22,2.96,2.02,6.6,0.62,Twitter,8.77,Smartphone,97.02,50GB,6,High,8,4.5,3,4,2.15,8086.47,17.24,2,Movies,Education,YouTube,1.99,0.52
56,Male,UK,Unemployed,Widowed,3.64,7.92,3.02,4.63,0.97,TikTok,3.35,PC,83.63,50GB,5,Moderate,7,8.0,6,5,0.88,8271.09,62.07,1,Movies,Education,Spotify,1.34,0.29
35,Male,India,Professional,Widowed,3.21,8.97,1.88,1.21,0.85,Twitter,3.43,Tablet,76.71,10GB,8,High,9,5.98,4,4,2.14,6488.25,297.14,2,Movies,Education,Netflix,2.17,2.43
28,Female,Germany,Student,Single,5.78,2.89,2.78,4.83,1.79,TikTok,2.87,Tablet,69.78,10GB,5,Moderate,9,7.05,5,6,0.26,5306.19,40.8,1,Movies,Networking,Netflix,3.22,0.18
26,Female,UK,Student,Widowed,7.94,3.62,0.37,1.96,1.27,YouTube,2.86,Smartphone,33.98,50GB,8,High,4,8.99,9,7,0.7,4172.64,460.55,1,Series,News,YouTube,3.2,0.04
23,Female,UK,Student,Widowed,4.15,6.65,4.72,6.47,1.26,YouTube,9.34,PC,44.99,Unlimited,5,Low,4,8.16,6,3,1.31,676.99,406.73,4,Movies,Networking,Spotify,1.09,0.42
16,Female,Australia,Professional,Divorced,2.77,2.4,4.0,6.62,1.12,YouTube,6.23,Smartphone,8.5,Unlimited,5,Low,3,5.01,7,1,0.61,4362.88,262.86,1,News,Networking,Spotify,2.56,2.4
30,Male,India,Student,Single,7.88,6.56,1.87,6.2,3.19,TikTok,9.36,Smartphone,52.96,10GB,2,High,3,7.99,6,5,1.23,2664.76,102.43,4,Series,News,YouTube,2.76,0.01
27,Other,India,Student,Divorced,5.33,3.17,3.24,0.69,0.01,Twitter,7.98,Tablet,53.03,Unlimited,4,Low,1,4.46,6,8,0.93,5807.98,433.21,1,Series,Networking,Spotify,1.23,0.02
63,Male,Australia,Student,Married,3.02,7.98,0.75,4.07,3.98,Twitter,8.96,PC,31.94,Unlimited,9,Moderate,4,4.44,1,3,2.96,1339.98,403.04,3,News,News,Netflix,1.72,2.03
42,Female,UK,Retired,Divorced,5.66,5.66,4.17,6.15,1.59,TikTok,11.04,Tablet,18.09,10GB,1,Low,7,7.4,9,1,2.93,9527.98,221.02,3,Movies,Networking,Spotify,1.31,2.62
31,Female,India,Retired,Single,4.05,4.11,2.23,5.44,4.11,Instagram,4.93,Tablet,15.06,50GB,5,Low,9,4.55,3,8,2.46,7779.55,245.49,4,News,Education,Netflix,2.63,1.13
43,Other,Canada,Professional,Single,7.97,5.9,4.13,4.58,2.63,Twitter,5.58,Smartphone,65.75,10GB,7,Low,2,5.22,8,9,0.91,699.09,193.99,3,Movies,Entertainment,Spotify,2.87,2.92
20,Other,Germany,Professional,Single,0.65,2.15,4.74,6.47,2.48,TikTok,5.94,Smartphone,30.94,Unlimited,2,Moderate,2,8.99,4,5,2.27,4149.03,320.08,4,Short Videos,Networking,Netflix,3.72,1.14
36,Female,Australia,Retired,Divorced,2.17,1.28,1.39,3.41,4.41,TikTok,6.54,Smartphone,77.38,Unlimited,4,High,1,5.13,7,2,1.53,4166.57,171.73,4,Series,Entertainment,Amazon Prime,3.19,2.07
45,Other,Canada,Retired,Married,5.85,2.27,3.14,5.71,3.98,Twitter,5.62,Tablet,30.23,Unlimited,3,Low,2,8.32,4,7,1.98,2653.23,403.78,5,Series,Networking,Netflix,0.83,1.01
38,Female,India,Unemployed,Married,7.7,3.12,3.63,1.75,4.84,Twitter,4.5,Smartphone,80.3,50GB,1,High,6,4.91,5,3,2.29,3677.82,12.93,3,Short Videos,Entertainment,Spotify,1.19,2.8
33,Other,USA,Professional,Widowed,0.54,8.04,1.03,4.67,2.27,YouTube,11.88,Smartphone,53.42,10GB,1,Low,4,4.31,4,5,2.81,4614.58,180.57,3,Series,Networking,YouTube,1.88,2.37
64,Male,India,Professional,Widowed,4.93,9.33,0.79,4.18,4.86,TikTok,8.88,PC,21.7,50GB,5,Moderate,4,4.24,3,9,1.98,8392.99,89.93,2,News,Networking,Amazon Prime,3.35,1.14
58,Other,Canada,Student,Married,7.28,5.78,4.63,2.01,4.38,Instagram,11.46,Tablet,14.39,Unlimited,1,High,2,7.2,3,2,2.37,6160.21,251.7,4,Series,Entertainment,Spotify,1.96,2.69
45,Male,Canada,Student,Divorced,7.12,6.35,2.79,3.61,0.1,TikTok,6.34,PC,16.01,50GB,2,Moderate,8,4.86,8,7,1.55,3330.7,412.48,3,Short Videos,Education,Spotify,0.56,0.81
42,Male,Germany,Professional,Married,2.21,5.96,0.96,6.22,0.11,TikTok,5.67,PC,50.21,Unlimited,1,High,3,6.01,8,8,0.04,6951.25,20.49,3,News,Networking,Netflix,0.47,2.68
45,Other,UK,Unemployed,Divorced,3.71,5.0,0.57,6.5,2.2,Twitter,4.47,Tablet,58.75,Unlimited,2,Low,1,6.31,1,6,0.43,6092.72,30.33,3,Movies,Entertainment,Amazon Prime,3.72,2.09
23,Female,India,Student,Divorced,6.71,5.77,4.82,4.12,0.79,Twitter,7.91,Tablet,7.84,Unlimited,7,Moderate,7,7.83,1,3,0.63,7500.07,270.01,1,News,Networking,Amazon Prime,0.16,0.27
33,Other,UK,Unemployed,Single,7.63,9.42,3.81,2.68,3.06,TikTok,8.28,Smartphone,33.16,50GB,9,Moderate,1,5.02,2,8,2.05,9195.06,250.64,0,Short Videos,Education,Netflix,1.86,2.84
15,Female,Canada,Retired,Single,0.94,2.6,2.58,6.23,3.64,Twitter,6.23,Smartphone,79.68,Unlimited,5,Moderate,4,6.83,2,4,2.2,604.72,2.14,5,Short Videos,News,Amazon Prime,3.27,1.19
37,Female,UK,Professional,Divorced,4.64,6.51,3.21,0.51,3.73,Twitter,8.1,Smartphone,35.08,Unlimited,9,Low,9,7.65,1,7,0.66,2085.43,317.66,4,News,News,Amazon Prime,1.47,0.64
41,Other,Canada,Student,Widowed,7.87,4.06,3.79,5.28,0.22,Twitter,9.04,Tablet,72.06,10GB,3,Moderate,5,7.99,8,8,1.85,5759.57,406.44,0,Movies,Entertainment,YouTube,0.97,1.64
24,Male,Germany,Unemployed,Married,5.09,4.41,0.5,6.31,0.17,YouTube,7.67,Smartphone,81.36,Unlimited,8,Low,4,4.38,6,2,1.65,2473.07,62.66,3,Series,News,Spotify,1.15,1.57
63,Male,UK,Student,Married,4.01,9.8,0.6,1.79,1.06,TikTok,7.78,Smartphone,68.77,50GB,4,Moderate,9,7.4,3,9,2.0,826.64,214.48,0,Series,Entertainment,YouTube,2.63,2.67
60,Male,India,Student,Divorced,2.62,9.16,3.21,5.37,4.62,Instagram,5.52,Tablet,44.37,Unlimited,3,Moderate,8,5.11,4,6,0.81,1984.49,39.51,3,Movies,Education,YouTube,1.19,1.61
50,Other,Australia,Student,Married,3.53,0.61,2.51,0.66,4.99,YouTube,9.02,Tablet,6.03,10GB,8,Low,3,6.93,9,6,0.11,1269.66,82.81,2,Movies,Entertainment,Amazon Prime,0.35,0.95
40,Female,India,Professional,Divorced,5.23,8.02,2.37,4.25,1.38,TikTok,2.05,Smartphone,64.32,10GB,7,Low,9,6.71,6,2,1.26,2823.67,337.4,4,Series,Networking,Netflix,2.83,2.96
58,Other,USA,Student,Single,6.02,8.07,1.78,4.74,4.86,Instagram,6.96,Tablet,63.76,10GB,1,High,7,8.71,7,1,0.47,9631.62,244.66,2,Movies,Entertainment,YouTube,2.84,0.76
19,Male,USA,Student,Married,1.05,7.13,2.1,2.9,2.66,Twitter,10.51,PC,38.09,10GB,7,Low,8,6.56,1,5,1.18,2259.96,34.82,5,Series,Entertainment,Amazon Prime,1.04,2.3
54,Male,Germany,Retired,Single,4.69,7.17,3.01,2.31,4.98,Twitter,4.47,Tablet,8.69,10GB,6,High,5,7.44,7,2,1.04,3652.91,187.46,5,Series,Networking,YouTube,2.03,1.33
19,Other,Canada,Unemployed,Married,1.83,6.13,0.69,2.2,4.8,Facebook,11.43,PC,97.41,50GB,4,Low,9,7.01,3,8,1.21,1321.99,485.7,0,News,Networking,Netflix,1.54,0.43
54,Female,USA,Student,Single,7.84,5.46,4.05,1.05,1.24,YouTube,5.61,Smartphone,56.63,50GB,3,High,8,4.06,8,8,2.23,9416.15,260.29,0,Short Videos,Entertainment,YouTube,3.16,0.04
27,Other,Germany,Professional,Married,3.98,9.83,2.52,3.56,1.18,Instagram,2.19,Smartphone,11.35,10GB,4,Low,6,5.43,7,3,0.62,5045.18,486.98,5,Movies,Education,Netflix,0.98,2.51
58,Female,USA,Student,Married,4.57,9.55,1.91,2.67,0.15,TikTok,11.82,Smartphone,20.16,50GB,6,Low,4,5.38,7,5,2.19,5686.24,326.36,4,Movies,Networking,Spotify,2.78,2.57
62,Male,India,Unemployed,Single,3.8,5.83,3.79,4.24,2.53,TikTok,9.21,Smartphone,57.16,Unlimited,5,High,5,5.42,5,3,0.17,9914.84,227.94,1,Series,Entertainment,YouTube,3.38,1.26
20,Other,Germany,Retired,Married,4.06,8.54,4.0,6.22,1.93,Facebook,4.47,Smartphone,10.61,Unlimited,6,High,5,4.28,7,9,0.55,1100.03,16.56,1,News,Networking,YouTube,3.83,2.75
37,Other,Australia,Unemployed,Widowed,6.0,2.79,4.06,0.7,3.4,Facebook,6.15,Smartphone,38.9,10GB,6,Low,3,7.87,9,1,0.32,1506.9,499.2,5,Movies,Networking,YouTube,3.39,2.66
64,Other,Canada,Student,Single,1.94,4.51,2.43,4.24,3.08,TikTok,2.33,Smartphone,82.48,50GB,5,Low,5,6.04,5,2,2.41,4246.15,46.4,3,Series,Entertainment,Amazon Prime,0.67,2.53
38,Female,Germany,Professional,Divorced,0.75,2.42,2.87,3.15,3.08,TikTok,9.51,Smartphone,71.36,50GB,2,Moderate,8,5.36,6,1,1.22,5085.27,101.56,0,Movies,News,YouTube,0.14,0.89
57,Female,Canada,Retired,Widowed,5.87,2.51,2.86,2.27,0.62,Twitter,3.69,PC,36.68,Unlimited,7,Moderate,7,5.88,1,7,1.74,1309.44,95.64,4,News,Networking,YouTube,2.48,1.22
43,Other,India,Retired,Widowed,1.6,4.06,1.55,1.86,1.79,TikTok,4.96,Smartphone,65.95,Unlimited,8,Moderate,5,8.18,6,2,0.71,2149.87,410.31,1,Movies,News,YouTube,2.2,2.49
32,Other,India,Student,Single,1.34,5.83,4.27,2.98,3.3,Instagram,3.98,Tablet,75.85,10GB,9,High,6,5.96,6,7,2.06,8952.73,64.0,1,News,Networking,Netflix,1.17,1.12
27,Male,Canada,Professional,Married,6.38,5.39,1.7,5.02,1.56,Twitter,3.75,PC,96.3,Unlimited,5,Moderate,8,5.79,8,3,0.68,6722.01,3.48,2,Movies,News,Amazon Prime,1.92,1.99
23,Male,India,Professional,Widowed,5.34,6.51,4.31,2.47,0.43,Twitter,3.7,Tablet,11.17,50GB,9,Moderate,9,6.59,7,2,0.07,3392.42,25.22,1,Series,Networking,YouTube,2.46,0.59
52,Male,UK,Unemployed,Married,5.54,6.35,4.68,5.28,1.13,Facebook,10.15,PC,27.3,50GB,3,High,7,7.7,3,5,1.79,842.73,35.77,4,News,News,Netflix,3.37,2.44
33,Other,USA,Unemployed,Divorced,3.87,3.01,0.86,0.63,3.49,Instagram,7.44,Tablet,74.77,50GB,7,High,1,4.61,2,3,0.58,5811.99,232.0,5,Series,Entertainment,Amazon Prime,1.97,0.46
39,Other,India,Professional,Single,2.03,1.17,4.59,3.81,3.78,YouTube,11.4,Smartphone,48.3,Unlimited,1,High,3,6.24,3,9,2.66,9305.71,428.24,1,News,Entertainment,YouTube,2.29,1.3
38,Female,USA,Retired,Widowed,4.66,4.84,1.93,5.21,3.29,Facebook,3.89,Tablet,90.21,50GB,3,Moderate,1,5.52,4,9,0.55,4738.77,300.63,2,News,Networking,YouTube,1.79,1.11
43,Other,Canada,Retired,Widowed,3.37,3.99,4.92,0.82,3.07,Twitter,9.06,Tablet,35.7,Unlimited,5,Low,7,7.54,8,1,2.67,7607.32,324.81,1,News,News,Amazon Prime,1.93,1.03
58,Other,Germany,Student,Divorced,3.79,6.59,4.74,1.72,3.36,Facebook,6.62,PC,83.33,Unlimited,5,Moderate,7,5.6,5,6,1.74,7988.58,336.87,1,Short Videos,Entertainment,Amazon Prime,0.61,1.41
64,Male,India,Professional,Divorced,7.29,3.34,0.42,3.72,1.19,TikTok,10.8,Tablet,29.55,Unlimited,4,High,9,4.2,7,2,2.08,1046.01,80.28,0,Short Videos,Networking,Amazon Prime,3.43,1.93
34,Other,Germany,Professional,Single,1.1,6.91,3.64,1.39,3.43,TikTok,6.75,PC,22.96,Unlimited,3,High,8,6.13,5,1,0.01,5199.48,342.76,2,Short Videos,News,YouTube,1.62,1.8
56,Male,Australia,Professional,Widowed,1.69,1.18,4.8,4.32,0.53,Facebook,2.81,Tablet,76.31,10GB,5,Low,1,6.64,1,7,1.26,7587.85,163.27,5,Movies,Entertainment,Amazon Prime,1.85,1.67
52,Female,USA,Student,Widowed,3.15,9.02,4.85,5.1,3.96,Twitter,6.53,Tablet,9.38,Unlimited,8,Low,7,7.81,8,2,0.39,7661.33,144.67,3,News,News,Spotify,2.24,0.07
42,Other,India,Professional,Widowed,3.66,2.13,1.63,2.86,2.96,Instagram,5.84,Smartphone,78.74,50GB,3,High,6,7.2,7,9,2.32,7363.91,257.39,2,News,Education,Netflix,1.35,0.17
62,Female,India,Retired,Single,5.15,2.62,1.64,4.45,0.81,Facebook,6.94,Smartphone,31.37,10GB,3,High,8,8.35,6,7,2.28,4135.41,493.69,2,Series,Networking,Amazon Prime,0.45,0.9
23,Female,Germany,Student,Single,6.8,3.69,1.16,4.48,2.54,Facebook,3.19,Smartphone,28.13,10GB,3,High,7,8.03,1,1,1.03,1797.48,42.46,0,Short Videos,News,YouTube,3.24,0.15
18,Male,Australia,Student,Single,5.58,1.7,3.71,4.39,2.23,Facebook,3.62,Smartphone,90.36,10GB,7,Moderate,2,6.63,9,5,0.05,4102.28,372.08,3,Movies,Entertainment,Netflix,0.08,2.64
57,Female,Germany,Student,Widowed,6.63,3.88,2.56,1.67,2.2,Twitter,9.31,Tablet,8.19,50GB,1,Low,1,4.04,5,6,1.89,773.52,102.91,1,Short Videos,Entertainment,Netflix,3.47,1.88
35,Male,UK,Student,Divorced,7.28,5.88,3.81,6.05,4.34,Instagram,9.17,Smartphone,13.78,50GB,1,High,1,4.17,6,9,1.75,4677.08,406.23,1,Movies,News,Amazon Prime,2.01,1.14
57,Female,Germany,Retired,Widowed,4.7,3.76,2.28,3.91,0.73,YouTube,4.57,Smartphone,22.83,Unlimited,9,Low,5,4.19,9,1,0.06,8496.36,441.4,0,Series,Entertainment,Spotify,1.87,1.81
59,Male,Australia,Professional,Widowed,5.18,7.95,3.15,1.84,2.0,Facebook,3.03,PC,58.37,10GB,1,High,8,4.81,6,7,0.74,1208.43,104.34,1,Movies,Networking,Netflix,2.62,2.76
16,Other,Canada,Unemployed,Single,2.91,2.6,1.69,2.21,4.57,YouTube,4.59,PC,18.1,Unlimited,5,Low,6,8.58,5,7,0.9,4801.52,60.04,2,Short Videos,Entertainment,Netflix,3.13,0.16
58,Male,UK,Professional,Divorced,1.23,7.79,2.43,3.85,4.19,Instagram,8.67,Tablet,47.58,50GB,7,Moderate,7,5.91,6,2,1.0,4587.35,114.63,2,News,Networking,YouTube,3.09,2.88
36,Other,India,Student,Divorced,1.99,8.1,1.08,4.13,0.33,Instagram,10.7,Smartphone,11.63,Unlimited,1,High,4,6.68,5,5,2.17,2187.32,64.61,0,Series,News,Amazon Prime,0.3,0.9
39,Other,India,Retired,Single,1.45,9.3,2.2,4.16,3.48,Twitter,5.78,Smartphone,93.71,10GB,5,High,2,6.12,8,6,2.05,8235.15,268.09,1,Series,Entertainment,YouTube,0.3,1.01
45,Female,UK,Student,Married,4.01,7.57,3.27,4.61,0.14,Twitter,4.14,PC,64.14,50GB,5,Moderate,4,5.01,6,6,0.89,7092.98,471.61,0,Short Videos,Entertainment,YouTube,2.57,1.22
61,Female,Canada,Retired,Married,0.62,1.56,4.09,4.06,0.11,YouTube,5.97,Tablet,95.25,10GB,6,High,7,6.18,7,1,2.29,3175.43,203.38,2,Series,News,YouTube,1.35,0.02
13,Female,Canada,Student,Divorced,3.25,7.81,4.34,4.25,4.14,TikTok,7.09,PC,19.44,50GB,5,Moderate,4,7.37,4,4,1.78,8900.94,435.42,2,News,News,Amazon Prime,2.44,0.56
37,Female,Australia,Professional,Single,4.48,6.85,1.91,4.0,4.66,Twitter,11.09,PC,44.5,Unlimited,9,Moderate,3,5.4,5,3,2.86,3154.3,326.72,4,News,Entertainment,YouTube,2.47,0.18
48,Female,Canada,Retired,Divorced,1.93,0.88,4.52,0.77,2.2,Instagram,2.84,PC,25.23,10GB,9,Moderate,3,7.93,5,1,0.13,3051.65,243.3,1,Short Videos,Entertainment,YouTube,2.8,0.4
50,Female,USA,Student,Widowed,6.93,4.44,2.07,6.35,3.24,Facebook,3.06,Smartphone,10.04,50GB,2,High,7,8.54,3,6,0.48,4524.24,245.07,5,Movies,Education,Spotify,0.4,1.83
49,Male,USA,Professional,Married,1.03,2.75,4.31,6.73,4.97,Instagram,8.19,Smartphone,19.55,Unlimited,5,Moderate,9,7.47,1,4,0.87,2792.64,471.04,5,Short Videos,News,Netflix,0.88,2.63
19,Other,USA,Student,Widowed,3.85,4.71,0.58,1.45,1.9,Instagram,7.0,Smartphone,36.95,Unlimited,4,Moderate,1,7.28,2,3,0.89,6201.21,463.07,1,News,Entertainment,Amazon Prime,1.07,1.9
28,Male,Canada,Professional,Divorced,5.52,8.92,4.64,1.38,1.28,YouTube,8.59,PC,10.14,Unlimited,2,Low,4,4.49,8,7,0.6,2968.86,209.57,4,Short Videos,Entertainment,YouTube,0.12,1.94
31,Male,UK,Retired,Married,5.25,4.37,3.99,2.49,4.79,YouTube,9.48,Smartphone,80.55,Unlimited,8,Moderate,1,8.66,1,7,1.38,9855.67,179.61,5,News,Networking,YouTube,1.8,0.8
54,Other,Germany,Student,Single,6.3,4.17,1.24,3.28,4.03,Instagram,2.3,Smartphone,61.33,50GB,9,High,8,7.3,6,4,2.61,9134.13,44.79,2,Short Videos,Networking,Amazon Prime,3.51,0.56
27,Other,Canada,Unemployed,Married,2.72,3.82,0.36,1.13,4.55,Facebook,6.06,PC,75.68,Unlimited,1,High,4,6.57,5,5,0.85,1617.81,463.42,0,Movies,Entertainment,Amazon Prime,2.91,1.35
23,Other,Australia,Professional,Widowed,3.73,0.94,4.56,6.31,1.73,Facebook,2.28,Smartphone,16.15,10GB,7,Low,9,6.21,5,6,0.84,4990.71,308.86,1,Short Videos,News,YouTube,0.87,1.93
62,Other,India,Student,Married,7.58,5.18,0.97,4.17,1.95,YouTube,9.98,Smartphone,15.98,10GB,5,Moderate,1,6.31,1,9,0.49,6993.13,319.65,1,Movies,Entertainment,Spotify,1.16,2.54
13,Female,Australia,Retired,Widowed,4.78,2.2,1.07,0.93,2.74,Facebook,6.66,Tablet,68.86,10GB,6,High,6,6.26,3,8,0.6,505.45,441.29,0,Series,Entertainment,YouTube,1.37,1.3
64,Other,Canada,Professional,Single,3.3,9.91,2.15,1.21,3.52,YouTube,2.08,Tablet,5.57,Unlimited,3,High,7,4.07,6,8,1.58,9823.58,363.9,5,Series,News,YouTube,3.79,0.04
48,Male,USA,Unemployed,Single,2.32,1.6,0.7,6.24,3.44,Facebook,3.21,Smartphone,39.1,Unlimited,7,Moderate,9,6.96,3,4,1.62,5857.48,276.4,3,Series,Education,Netflix,0.23,1.16
56,Female,UK,Student,Widowed,7.76,5.84,2.41,4.31,0.73,Instagram,7.4,PC,29.08,10GB,9,Moderate,8,7.92,8,6,1.32,8728.06,475.81,4,Movies,Education,Netflix,1.89,1.55
28,Male,Australia,Unemployed,Single,2.48,9.44,1.3,5.47,4.05,Twitter,7.04,Tablet,65.61,10GB,5,High,7,5.63,7,2,0.3,8280.11,187.38,5,News,News,Netflix,2.17,2.42
13,Male,Germany,Student,Widowed,0.65,5.93,4.39,4.53,0.02,Twitter,11.68,Tablet,83.56,10GB,7,Low,6,8.44,2,9,1.78,4461.29,241.29,5,News,News,YouTube,0.74,2.93
51,Other,USA,Professional,Married,6.74,5.35,3.97,4.02,4.14,Facebook,11.21,Tablet,98.97,50GB,3,Moderate,7,5.97,5,1,1.37,9700.55,35.79,0,Movies,Networking,YouTube,0.3,0.29
56,Female,UK,Unemployed,Widowed,5.52,9.13,4.62,0.5,1.34,Instagram,11.72,Tablet,83.42,10GB,2,Low,4,8.14,9,4,0.38,2369.01,279.11,0,Series,Networking,Netflix,3.35,1.25
51,Male,USA,Student,Widowed,7.22,8.92,4.44,0.59,3.11,YouTube,7.97,Smartphone,99.07,50GB,3,High,9,6.44,9,8,0.71,5663.93,404.9,5,Movies,Networking,Spotify,0.37,1.33
20,Male,Canada,Professional,Widowed,7.04,5.18,2.92,5.04,4.61,Twitter,9.3,Smartphone,11.59,Unlimited,6,Moderate,1,7.68,5,4,2.77,5347.73,315.38,1,Short Videos,News,Netflix,0.4,2.36
52,Other,USA,Unemployed,Married,4.78,9.16,2.11,5.01,0.66,Facebook,9.31,PC,41.68,Unlimited,6,High,1,6.98,2,3,1.11,8166.06,346.27,1,News,Entertainment,Amazon Prime,0.43,2.86
52,Other,Germany,Retired,Divorced,7.4,8.25,2.15,1.95,2.65,YouTube,5.33,Smartphone,14.43,50GB,7,Low,3,8.99,8,8,0.93,716.28,309.13,1,Short Videos,Networking,Netflix,1.84,1.19
47,Other,USA,Retired,Married,1.46,7.84,2.71,4.36,1.58,Instagram,5.07,PC,21.48,50GB,9,Low,9,6.35,4,7,0.71,4285.7,313.83,1,Series,Networking,YouTube,3.67,1.97
52,Other,India,Unemployed,Single,2.67,7.59,0.54,3.97,2.72,Facebook,5.48,Tablet,85.19,Unlimited,4,Moderate,6,4.2,5,7,1.08,1021.1,114.46,4,News,Networking,Netflix,2.58,1.77
56,Female,Canada,Unemployed,Divorced,2.83,8.49,2.51,5.32,4.25,Instagram,5.65,PC,88.63,10GB,3,High,5,7.59,7,1,0.59,7240.14,321.93,5,Short Videos,Education,Netflix,3.17,0.1
44,Other,Canada,Student,Divorced,6.0,9.99,0.26,3.63,1.03,Instagram,4.6,Tablet,61.17,50GB,8,Moderate,7,6.87,4,4,0.59,4566.39,235.6,3,News,Networking,Netflix,1.71,2.82
17,Female,India,Retired,Widowed,1.69,5.74,3.9,1.8,2.98,TikTok,8.78,PC,11.18,Unlimited,7,Moderate,3,7.68,3,2,2.53,8732.31,58.96,0,Movies,Networking,Netflix,0.12,2.02
38,Male,India,Unemployed,Divorced,2.5,2.93,4.98,4.54,2.68,Twitter,3.49,Tablet,46.62,Unlimited,1,High,1,7.81,5,7,1.74,2992.71,393.65,0,Series,Education,Amazon Prime,2.02,1.48
17,Other,Germany,Retired,Married,3.27,3.77,3.08,2.73,3.52,Twitter,6.75,Smartphone,84.87,Unlimited,8,Low,8,8.69,7,4,1.61,5101.28,200.9,1,Short Videos,Networking,Netflix,2.5,1.0
34,Male,Australia,Student,Widowed,5.39,7.3,3.13,1.54,4.78,TikTok,6.49,Smartphone,58.81,50GB,5,Low,1,4.18,1,3,2.34,5532.17,17.57,2,News,Entertainment,Amazon Prime,1.88,1.54
34,Female,Canada,Student,Divorced,1.94,8.83,2.28,2.24,2.89,YouTube,8.01,PC,52.85,10GB,4,Moderate,8,4.38,7,3,3.0,9298.12,312.86,1,Movies,Entertainment,Spotify,2.85,2.2
16,Male,India,Unemployed,Married,1.97,2.21,3.48,1.34,0.91,TikTok,7.32,Tablet,75.09,50GB,3,Moderate,6,6.59,4,5,1.89,4186.03,235.84,0,Series,News,Spotify,0.07,1.2
31,Other,Canada,Unemployed,Married,5.32,5.07,4.09,2.69,1.2,YouTube,9.56,PC,20.81,50GB,7,Low,4,7.61,2,1,0.03,1860.16,275.85,0,Series,Entertainment,Netflix,3.82,1.6
18,Female,Germany,Unemployed,Widowed,5.47,6.58,4.42,1.92,3.08,Facebook,9.52,Smartphone,9.8,50GB,4,High,2,4.4,2,7,2.46,7319.56,191.97,5,Movies,Networking,Spotify,3.9,1.18
55,Female,India,Student,Divorced,1.98,8.81,0.59,2.34,3.67,Twitter,5.5,PC,78.5,10GB,8,Low,8,4.56,8,4,2.12,7582.89,402.36,3,Short Videos,Education,YouTube,0.07,1.1
62,Male,UK,Professional,Divorced,2.58,1.98,4.52,2.49,0.5,YouTube,2.59,Tablet,9.13,Unlimited,5,High,6,7.83,2,4,2.47,1506.88,232.99,3,News,Networking,Amazon Prime,1.2,1.25
16,Female,USA,Unemployed,Widowed,1.98,1.09,1.1,0.57,4.83,TikTok,11.18,Tablet,95.11,10GB,7,High,4,8.35,1,6,2.85,832.65,357.09,4,Movies,Networking,Spotify,0.11,1.5
62,Other,Germany,Unemployed,Widowed,1.39,6.42,1.88,2.99,0.95,TikTok,8.88,PC,76.7,10GB,6,Low,4,7.8,9,9,2.06,5605.13,464.89,4,Movies,News,Amazon Prime,0.86,2.65
40,Female,UK,Unemployed,Married,6.04,5.48,4.82,4.8,2.89,Instagram,2.17,PC,54.63,Unlimited,6,Moderate,2,6.62,3,5,2.95,6483.4,263.88,5,Movies,Entertainment,Spotify,3.71,0.35
28,Other,Australia,Unemployed,Married,6.4,2.9,3.29,5.87,3.88,Instagram,7.15,Smartphone,7.4,10GB,7,Low,4,5.99,9,3,2.88,8002.68,122.27,1,News,News,YouTube,3.13,2.63
17,Other,India,Student,Married,4.43,5.97,0.81,0.71,3.9,Instagram,5.87,Tablet,49.76,50GB,5,High,8,7.38,9,2,2.51,2339.01,441.63,3,News,Entertainment,Spotify,3.0,2.6
39,Female,India,Professional,Single,1.23,8.9,0.25,2.01,1.19,Facebook,7.24,PC,16.47,Unlimited,2,Moderate,4,7.45,6,1,2.97,4378.72,282.91,3,News,Entertainment,Amazon Prime,2.47,2.46
54,Other,Canada,Unemployed,Married,6.43,1.81,0.53,6.91,1.9,TikTok,5.5,Tablet,55.46,Unlimited,3,High,6,8.9,1,9,1.93,4264.35,422.6,2,Short Videos,Entertainment,Amazon Prime,3.92,2.62
49,Female,UK,Professional,Married,6.4,2.59,0.54,6.85,2.36,TikTok,8.21,Tablet,16.81,10GB,7,Moderate,1,4.17,7,7,1.04,9342.59,419.14,4,Short Videos,Networking,YouTube,1.45,2.44
15,Other,Canada,Professional,Widowed,4.75,4.87,3.93,1.89,1.91,Facebook,10.23,PC,81.84,Unlimited,5,Moderate,1,6.87,1,5,0.64,8468.83,161.84,2,Movies,Networking,YouTube,2.56,1.37
16,Male,Germany,Student,Divorced,2.27,8.8,0.6,6.44,0.87,Instagram,2.43,Smartphone,60.42,10GB,5,Moderate,9,5.25,7,2,1.99,3354.9,103.73,3,News,Education,Netflix,2.61,1.79
33,Male,India,Student,Widowed,3.37,1.6,2.59,2.73,3.95,Instagram,11.56,Smartphone,59.46,Unlimited,7,Low,3,5.14,4,6,1.74,1635.75,274.03,3,Series,Networking,Netflix,2.39,2.78
28,Other,USA,Retired,Married,3.8,1.69,2.17,0.61,0.74,YouTube,2.83,Tablet,98.43,10GB,5,Low,6,8.2,4,9,0.21,711.02,490.11,1,Short Videos,Entertainment,YouTube,3.1,2.41
25,Female,UK,Student,Divorced,4.11,9.33,1.29,2.84,0.28,YouTube,6.91,PC,62.89,10GB,2,High,2,6.53,1,6,0.54,6007.65,50.57,0,News,News,Amazon Prime,2.96,1.76
27,Male,India,Retired,Married,6.69,7.93,2.33,1.9,0.8,Twitter,11.88,Tablet,79.3,50GB,8,Moderate,1,4.99,7,2,0.99,5298.44,21.93,2,Series,Networking,Spotify,2.11,1.91
54,Female,USA,Unemployed,Widowed,5.24,1.54,1.11,3.41,4.13,YouTube,8.2,PC,36.74,10GB,8,Moderate,4,5.43,5,1,0.12,7708.17,497.05,0,Movies,Entertainment,Amazon Prime,3.83,1.21
61,Male,UK,Student,Married,4.13,6.15,4.48,1.22,2.04,TikTok,5.56,PC,74.22,50GB,4,Moderate,2,7.8,9,5,1.1,6745.17,276.67,3,News,Entertainment,Amazon Prime,2.04,0.04
34,Male,Australia,Unemployed,Widowed,6.71,6.08,2.93,5.37,1.22,Facebook,2.12,Tablet,26.9,10GB,6,Moderate,3,7.11,4,8,2.5,7502.6,45.25,0,Short Videos,Education,YouTube,0.54,0.3
60,Female,India,Professional,Divorced,7.66,2.88,3.24,4.13,0.53,Instagram,11.95,Smartphone,42.82,10GB,8,Moderate,8,4.73,9,6,0.84,4144.79,48.63,0,News,Networking,YouTube,1.82,2.46
29,Male,USA,Student,Married,0.74,6.5,4.04,5.76,4.63,Twitter,2.82,Smartphone,52.79,50GB,8,Moderate,7,6.46,1,6,0.44,2733.71,199.5,4,News,Networking,Netflix,3.79,0.12
37,Male,Australia,Professional,Married,2.17,9.46,3.31,5.91,2.62,Facebook,10.27,Smartphone,43.9,Unlimited,1,High,7,4.17,6,6,0.2,5666.81,32.35,5,News,Education,Spotify,0.09,1.98
24,Female,USA,Unemployed,Married,4.28,6.99,3.47,1.79,3.55,Instagram,9.23,PC,7.91,10GB,6,Moderate,6,8.11,5,7,1.81,5041.79,134.96,2,News,Entertainment,Spotify,2.83,2.31
46,Other,Australia,Retired,Married,1.95,8.59,1.37,6.59,3.66,TikTok,10.0,PC,49.04,10GB,2,Moderate,9,4.91,2,8,1.13,2042.08,59.75,4,News,Education,Netflix,0.05,2.35
63,Male,USA,Professional,Single,6.44,6.33,3.44,5.31,0.28,Facebook,10.23,PC,43.61,50GB,3,Low,1,7.15,9,4,1.77,8257.35,283.78,1,Movies,News,Netflix,0.49,2.98
44,Female,Germany,Unemployed,Divorced,6.51,1.36,4.25,6.05,1.2,Facebook,5.45,PC,23.67,10GB,9,Moderate,4,6.67,8,4,0.36,2312.94,77.34,0,Short Videos,Education,Netflix,1.69,2.43
31,Male,India,Unemployed,Divorced,4.92,1.99,4.86,2.32,0.83,TikTok,4.64,Smartphone,67.4,10GB,6,Low,6,7.36,9,1,2.56,1151.7,121.04,3,Short Videos,Education,YouTube,0.6,2.64
46,Male,USA,Student,Single,6.18,8.27,2.84,2.78,1.68,Facebook,3.36,Tablet,68.58,10GB,6,High,8,7.4,4,6,2.74,7937.44,415.32,2,Movies,Education,YouTube,1.83,0.26
19,Male,India,Professional,Widowed,4.18,6.75,2.05,3.21,4.18,YouTube,3.79,Tablet,81.29,Unlimited,3,High,1,4.05,9,9,0.19,3018.89,133.15,2,Series,Networking,Netflix,3.33,0.67
59,Female,Australia,Retired,Married,2.06,5.51,1.79,3.51,1.04,Twitter,6.84,Tablet,63.65,10GB,7,Low,2,6.49,8,5,1.1,5111.14,312.72,2,Movies,Networking,Netflix,1.25,1.83
39,Male,Germany,Professional,Divorced,5.45,1.09,0.77,0.87,1.65,Instagram,4.44,Tablet,98.78,50GB,1,Low,3,7.53,1,5,0.72,5567.58,208.58,1,Series,Networking,Spotify,2.58,1.25
36,Other,Germany,Professional,Married,4.67,2.35,3.44,5.82,4.97,Instagram,9.78,Tablet,87.78,Unlimited,3,Low,1,7.64,1,9,2.42,3756.86,129.28,0,News,News,YouTube,2.32,1.14
43,Other,Canada,Student,Divorced,7.42,6.94,3.68,5.62,1.2,Facebook,6.15,Tablet,19.33,10GB,5,Low,8,4.58,2,1,2.87,1689.64,170.87,3,Series,Entertainment,Spotify,3.41,1.29
45,Male,Australia,Unemployed,Widowed,4.92,5.71,4.71,0.74,1.68,YouTube,8.43,Tablet,39.17,50GB,6,High,1,4.59,4,7,2.29,9642.26,402.55,3,Series,News,Netflix,2.28,1.16
16,Male,Canada,Student,Widowed,1.54,8.71,3.63,3.57,2.94,Twitter,10.35,Smartphone,64.63,Unlimited,3,Low,2,8.35,9,5,2.21,7814.31,402.22,1,Series,Entertainment,Amazon Prime,3.96,1.48
48,Male,India,Student,Divorced,1.68,8.06,1.36,6.08,4.13,Facebook,5.85,PC,54.22,Unlimited,5,High,5,8.48,8,4,2.33,5600.59,243.92,5,Short Videos,Entertainment,Netflix,0.01,2.58
25,Female,Canada,Student,Divorced,1.57,4.41,1.12,4.7,4.02,Twitter,11.2,Smartphone,30.31,Unlimited,3,Moderate,2,4.23,4,3,2.83,888.32,95.19,5,Movies,Networking,Spotify,1.35,2.74
50,Female,Australia,Retired,Single,4.81,1.1,1.54,1.39,3.62,TikTok,5.38,Tablet,33.81,Unlimited,6,Moderate,3,8.79,2,2,2.26,1345.71,128.1,5,Series,Education,Spotify,1.22,1.01
55,Other,UK,Unemployed,Single,6.14,9.65,3.39,2.15,2.87,Instagram,9.96,PC,84.73,10GB,7,Low,8,5.48,7,5,2.31,5900.81,281.39,5,News,Networking,YouTube,1.9,1.83
54,Male,Australia,Professional,Married,7.6,1.96,1.54,5.25,3.16,Twitter,9.15,Tablet,54.46,50GB,3,High,4,5.53,6,7,2.42,2914.13,37.76,4,Short Videos,Entertainment,YouTube,2.59,0.31
41,Other,India,Student,Married,6.58,4.34,2.15,5.39,3.73,YouTube,8.99,Tablet,63.83,50GB,2,Low,4,8.13,2,3,0.99,4046.62,370.18,5,Movies,Networking,YouTube,1.44,1.69
40,Other,USA,Retired,Widowed,4.05,2.99,1.09,1.11,2.75,Instagram,9.06,Tablet,27.07,Unlimited,7,High,3,7.06,6,4,2.3,2690.92,184.88,1,Series,Networking,Spotify,3.19,1.83
20,Male,USA,Retired,Single,4.45,2.47,1.38,6.9,0.71,Facebook,10.22,Tablet,52.12,50GB,7,Moderate,6,7.42,3,1,2.59,3986.04,423.99,1,Short Videos,Entertainment,Spotify,2.46,2.15
53,Male,Germany,Student,Single,1.82,9.78,0.88,1.94,0.99,Twitter,9.98,Tablet,7.83,Unlimited,6,Low,8,8.77,5,6,2.98,6207.07,167.78,0,Short Videos,Entertainment,Netflix,0.73,0.01
27,Female,USA,Unemployed,Divorced,3.06,2.38,4.17,4.02,1.24,Facebook,5.79,Smartphone,84.33,Unlimited,3,Moderate,6,5.38,6,4,0.93,6195.4,156.21,0,News,Education,Netflix,2.88,1.24
38,Other,Germany,Retired,Single,5.84,3.03,3.04,6.53,4.04,Twitter,4.36,PC,79.2,10GB,9,High,6,5.42,4,5,0.11,8530.53,100.62,4,Short Videos,Education,Amazon Prime,0.39,1.81
27,Male,Germany,Retired,Married,4.97,1.45,3.57,1.42,3.58,Facebook,7.37,PC,19.62,50GB,9,Low,7,6.48,8,3,2.23,7098.55,249.42,2,Movies,News,YouTube,2.23,1.7
19,Other,Canada,Student,Single,6.06,9.4,4.51,3.0,0.92,TikTok,3.21,PC,64.47,10GB,8,Low,7,7.01,8,8,0.63,9300.73,461.19,1,News,Networking,Netflix,1.92,2.85
45,Other,India,Professional,Married,7.39,9.8,4.5,1.03,3.27,Facebook,3.12,Tablet,87.69,Unlimited,5,Low,9,7.98,8,4,2.96,1468.53,259.7,2,Series,News,Spotify,0.14,2.11
15,Male,Australia,Retired,Single,1.13,9.63,3.6,0.62,4.04,Twitter,5.18,PC,81.14,Unlimited,1,Moderate,2,7.39,3,3,2.86,5373.31,313.73,0,Short Videos,Networking,Spotify,1.7,0.36
51,Male,USA,Unemployed,Widowed,0.75,8.48,3.3,3.15,0.53,Instagram,9.25,Smartphone,25.99,10GB,2,High,3,5.41,2,2,1.15,6304.6,472.06,0,Series,Entertainment,Amazon Prime,3.0,1.28
29,Female,Canada,Unemployed,Married,4.89,4.75,0.68,4.4,4.67,TikTok,11.14,Tablet,99.54,50GB,4,Moderate,5,8.04,5,8,0.88,7942.41,153.29,2,Short Videos,News,YouTube,3.69,0.2
13,Male,USA,Professional,Divorced,6.46,2.05,3.76,4.11,1.7,Instagram,6.6,Smartphone,5.73,Unlimited,1,High,6,5.47,6,8,0.83,3230.89,216.0,4,Series,Entertainment,Spotify,1.58,1.04
39,Other,India,Unemployed,Married,6.97,1.24,1.68,2.23,2.82,Instagram,11.48,Smartphone,41.88,10GB,6,Moderate,4,7.52,6,2,2.39,9054.85,123.12,3,Short Videos,Education,Amazon Prime,1.87,1.13
15,Female,USA,Retired,Divorced,4.65,8.77,3.35,6.99,4.4,YouTube,3.67,Smartphone,51.61,10GB,9,Low,6,4.71,6,2,0.87,8093.34,45.34,4,Series,Education,Amazon Prime,1.75,2.91
27,Other,Germany,Professional,Widowed,5.45,8.9,0.54,6.97,4.08,TikTok,7.11,Tablet,86.77,Unlimited,8,Moderate,2,5.55,2,3,2.37,2253.84,437.37,2,News,News,YouTube,1.59,0.69
49,Female,USA,Student,Divorced,0.93,0.81,4.06,6.82,2.4,Instagram,11.75,PC,46.82,10GB,5,Low,7,8.77,5,4,2.17,9819.11,72.0,2,Series,Entertainment,Spotify,2.9,2.12
16,Male,UK,Student,Divorced,4.37,3.0,1.85,5.75,2.2,Instagram,2.03,Tablet,31.4,10GB,2,High,8,4.24,3,5,2.32,6504.85,446.61,1,Series,Entertainment,Netflix,1.1,2.39
56,Other,USA,Professional,Married,3.07,7.11,3.28,4.49,3.15,Twitter,5.99,Smartphone,33.31,50GB,5,Low,7,4.85,3,9,1.57,9541.44,284.07,2,Movies,Networking,YouTube,1.31,2.13
13,Female,Canada,Professional,Widowed,4.81,9.12,2.46,5.08,0.53,Facebook,10.36,Tablet,29.65,Unlimited,7,Moderate,6,6.95,2,7,2.47,1586.67,469.71,5,Short Videos,Networking,Spotify,2.61,0.23
25,Other,Canada,Unemployed,Widowed,1.39,2.65,3.72,4.63,3.27,Facebook,11.26,PC,14.19,10GB,6,High,9,7.61,8,6,0.67,4087.95,89.6,5,Series,Networking,Netflix,1.81,2.68
51,Male,Canada,Retired,Widowed,2.12,4.82,1.49,5.52,4.36,Facebook,3.17,Smartphone,97.39,10GB,5,Moderate,7,7.62,2,5,1.46,6228.0,177.78,1,Short Videos,Education,Amazon Prime,2.46,2.48
29,Other,India,Retired,Widowed,5.75,3.32,0.54,3.84,3.57,TikTok,11.96,Smartphone,75.06,10GB,3,Moderate,7,7.48,6,8,1.6,8331.41,226.0,0,Series,Entertainment,Netflix,3.53,2.11
18,Male,USA,Student,Widowed,7.5,7.36,3.72,1.16,4.02,YouTube,7.81,Tablet,81.3,Unlimited,7,Low,6,7.87,1,1,0.49,5824.64,158.81,0,Short Videos,Entertainment,Netflix,1.79,0.6
31,Female,Canada,Professional,Single,6.29,4.05,3.64,3.68,0.62,TikTok,9.04,Smartphone,93.0,Unlimited,5,Low,8,8.62,9,5,0.04,6751.52,231.86,3,Series,Entertainment,YouTube,1.85,0.22
27,Male,India,Student,Single,7.79,6.68,3.59,6.49,1.74,YouTube,6.12,PC,38.23,50GB,1,High,9,7.77,5,2,1.61,4426.67,427.65,2,Movies,Education,Netflix,1.15,2.71
56,Other,USA,Professional,Widowed,3.24,5.22,3.98,1.86,2.48,Instagram,10.59,PC,61.55,10GB,9,Low,5,4.08,2,6,1.57,2494.2,49.21,1,Short Videos,Networking,YouTube,3.77,0.4
29,Female,USA,Professional,Widowed,3.4,6.54,2.89,1.98,3.87,Facebook,6.36,Tablet,9.84,10GB,1,High,5,5.02,4,3,2.0,1712.03,421.97,5,News,Entertainment,YouTube,3.36,2.01
54,Female,India,Professional,Widowed,3.54,1.55,0.55,1.23,4.64,Facebook,9.32,Tablet,99.84,Unlimited,7,High,3,6.4,9,2,2.97,3608.73,110.39,5,News,News,Spotify,0.94,0.95
59,Female,UK,Student,Widowed,5.18,0.55,1.75,4.78,2.23,TikTok,7.61,Tablet,79.52,50GB,6,Moderate,4,4.28,8,1,2.55,5900.18,356.08,3,Movies,News,Spotify,1.5,2.97
35,Female,USA,Retired,Single,1.21,8.62,1.24,2.78,1.84,Instagram,3.54,PC,76.91,50GB,7,Moderate,4,8.74,5,8,1.95,5426.64,180.94,3,Movies,Entertainment,Spotify,0.38,0.06
60,Male,Canada,Retired,Divorced,6.43,8.74,2.56,5.52,2.21,Instagram,3.15,Tablet,55.28,Unlimited,7,Low,7,5.82,1,5,0.02,7955.57,407.67,0,News,Entertainment,Amazon Prime,0.25,1.08
32,Male,India,Unemployed,Single,1.98,4.74,3.75,3.92,4.75,Facebook,3.09,Smartphone,97.12,50GB,7,Moderate,5,5.61,8,6,2.77,868.18,32.95,2,Short Videos,Networking,Netflix,2.75,2.88
63,Male,USA,Student,Married,3.68,7.53,1.73,6.3,2.43,Facebook,11.29,Tablet,85.12,50GB,8,Moderate,2,8.58,3,2,0.14,1739.66,133.02,5,Movies,Networking,YouTube,3.37,0.14
17,Male,USA,Professional,Divorced,5.64,3.51,3.92,1.27,4.69,YouTube,5.1,Smartphone,5.84,Unlimited,8,Moderate,3,8.34,3,3,0.34,2043.36,487.26,2,News,News,Amazon Prime,3.91,1.43
48,Female,USA,Retired,Single,3.42,3.52,4.69,2.47,0.05,YouTube,2.4,Smartphone,28.68,10GB,8,Low,6,7.13,9,7,1.36,825.8,209.34,0,News,Networking,Spotify,3.23,2.12
38,Male,Canada,Professional,Widowed,6.28,0.73,1.94,0.89,0.36,Facebook,5.93,Smartphone,76.6,10GB,5,Low,4,6.14,8,5,2.36,607.18,426.78,3,Series,Entertainment,YouTube,3.37,2.87
33,Other,India,Unemployed,Single,6.97,2.73,1.62,0.78,3.24,Facebook,5.42,Tablet,60.22,10GB,3,Low,2,8.86,6,6,2.73,850.37,341.24,1,Short Videos,Education,YouTube,3.39,1.45
45,Other,Germany,Unemployed,Divorced,6.95,5.55,1.24,5.96,3.41,YouTube,7.0,Tablet,84.09,50GB,4,Moderate,2,4.22,1,9,1.83,7252.27,112.76,1,Short Videos,News,Spotify,3.81,1.05
49,Other,USA,Unemployed,Widowed,3.12,4.37,3.14,5.49,3.49,Instagram,6.82,PC,25.25,50GB,2,Moderate,7,4.33,5,5,1.78,8514.3,460.1,0,Short Videos,Entertainment,Netflix,3.18,2.89
13,Male,Germany,Retired,Divorced,4.57,8.69,3.15,3.8,1.88,YouTube,11.99,PC,99.31,50GB,1,Low,3,7.78,7,8,0.15,9044.76,184.26,4,News,Education,Netflix,2.1,1.17
21,Male,Germany,Retired,Single,2.3,2.83,1.37,5.79,2.25,Instagram,11.09,Tablet,69.73,Unlimited,2,Moderate,3,4.95,4,3,1.6,9563.74,10.66,5,Short Videos,Entertainment,Netflix,0.72,1.73
50,Other,USA,Student,Divorced,2.59,6.61,3.95,5.37,2.11,TikTok,3.4,Tablet,5.4,10GB,9,High,1,4.79,7,1,2.41,9434.52,481.62,1,News,Entertainment,Netflix,1.97,0.56
47,Female,USA,Retired,Widowed,7.32,5.59,3.75,1.91,2.4,Twitter,7.6,Smartphone,59.79,Unlimited,7,High,8,6.83,2,7,1.21,5928.93,7.07,2,Movies,News,YouTube,3.99,2.2
63,Other,Canada,Professional,Single,1.43,4.69,0.86,4.26,1.8,Facebook,7.73,PC,20.69,50GB,1,Moderate,4,5.57,2,9,1.98,5833.69,198.09,0,Series,Education,YouTube,0.6,1.0
52,Other,UK,Student,Married,6.06,5.01,1.05,1.21,2.74,Facebook,2.54,Tablet,63.21,Unlimited,5,High,4,6.35,1,3,0.33,935.58,347.82,3,Movies,Education,YouTube,3.77,2.51
62,Other,Canada,Unemployed,Divorced,2.37,2.28,1.17,2.65,0.16,TikTok,11.14,Tablet,19.64,50GB,4,High,6,8.76,8,6,0.35,6673.53,454.42,3,Movies,News,YouTube,1.13,0.13
49,Female,Germany,Student,Married,6.58,3.3,1.71,4.93,0.59,Facebook,3.94,Tablet,35.97,Unlimited,1,Moderate,3,8.02,4,3,2.89,2235.13,182.81,2,Short Videos,Education,Spotify,0.13,2.41
28,Other,Canada,Student,Single,5.42,7.28,3.91,6.22,1.65,TikTok,9.22,Smartphone,10.19,50GB,5,Moderate,5,4.36,6,8,1.53,5024.12,352.42,0,News,News,Netflix,2.49,0.15
18,Female,UK,Student,Married,2.14,9.12,4.01,3.3,4.98,Twitter,5.0,PC,64.48,Unlimited,7,High,9,6.72,9,4,2.3,7246.57,411.56,2,Series,Education,Netflix,0.39,0.45
53,Female,Canada,Professional,Married,1.97,4.05,4.57,4.38,3.23,Instagram,4.52,Smartphone,34.51,Unlimited,4,Low,1,4.42,9,6,0.38,5253.14,133.27,0,News,Networking,Netflix,3.77,0.45
46,Female,USA,Unemployed,Widowed,7.29,9.84,4.36,3.61,3.07,Facebook,10.53,Smartphone,52.86,Unlimited,6,Low,6,4.56,8,2,2.38,6917.72,303.35,4,News,Education,Spotify,1.54,1.57
15,Other,India,Professional,Married,6.2,2.22,0.67,0.63,4.92,TikTok,7.91,Smartphone,22.85,10GB,8,Moderate,7,8.54,4,2,1.88,7826.74,238.98,3,Series,Education,Spotify,2.62,1.67
31,Other,USA,Student,Divorced,6.73,2.89,2.84,5.43,2.37,TikTok,9.08,Tablet,88.84,50GB,3,Low,4,8.21,7,1,0.13,7491.79,58.47,5,Series,News,YouTube,2.85,1.17
62,Male,USA,Professional,Divorced,1.06,6.38,3.61,2.51,2.63,TikTok,2.89,Smartphone,52.68,Unlimited,4,Moderate,9,8.04,8,7,0.36,4901.31,150.64,4,Short Videos,News,Spotify,2.82,1.2
39,Male,USA,Retired,Divorced,6.12,8.82,1.21,4.08,4.61,YouTube,2.51,Smartphone,52.5,10GB,2,Low,5,7.58,5,1,1.59,5646.3,205.11,0,Series,Entertainment,Amazon Prime,1.25,0.26
35,Other,Australia,Unemployed,Married,2.8,7.91,2.42,6.84,3.41,Twitter,11.24,PC,16.52,Unlimited,5,Moderate,9,6.66,8,8,1.39,7413.33,413.26,2,Short Videos,Entertainment,Amazon Prime,2.83,1.45
36,Male,UK,Professional,Married,7.44,6.72,4.22,3.04,2.54,TikTok,2.45,Smartphone,21.89,50GB,2,High,5,5.89,3,6,2.65,9971.63,216.14,5,Movies,News,Spotify,0.42,2.25
23,Male,Germany,Professional,Divorced,1.16,7.52,0.98,0.59,3.07,YouTube,10.48,Tablet,17.47,10GB,5,Low,1,6.31,6,2,1.64,768.15,458.65,2,News,Networking,Netflix,3.64,0.84
32,Other,Germany,Student,Married,5.35,9.6,3.75,1.82,2.03,Instagram,2.23,Tablet,9.68,10GB,6,Low,4,4.38,1,8,0.54,6640.59,220.94,1,News,Education,Netflix,1.8,2.99
32,Male,India,Unemployed,Widowed,5.9,0.5,2.83,2.68,1.26,Facebook,4.59,PC,22.14,10GB,9,High,4,8.48,5,10,1.83,7708.02,213.24,3,Series,Education,Amazon Prime,0.58,1.74
15,Other,Australia,Professional,Married,7.62,6.88,3.4,4.19,4.37,Twitter,2.73,Smartphone,60.41,50GB,4,Low,8,7.27,4,4,0.43,5386.91,210.68,1,News,Networking,Amazon Prime,0.19,1.78
52,Other,Australia,Unemployed,Single,2.49,7.12,3.24,6.66,3.58,Facebook,2.57,PC,81.75,50GB,8,Moderate,8,4.98,7,2,1.38,6350.12,305.62,5,Short Videos,Networking,YouTube,3.79,1.21
34,Male,UK,Unemployed,Divorced,7.43,8.97,0.56,1.93,2.19,Instagram,5.65,Smartphone,24.96,Unlimited,2,High,9,7.92,5,9,0.88,1309.77,38.74,2,Short Videos,News,YouTube,3.01,0.2
55,Other,USA,Professional,Married,4.43,4.14,3.9,6.93,4.92,TikTok,6.88,PC,92.21,10GB,3,Moderate,5,4.36,1,2,1.21,7432.23,15.7,5,News,Education,Netflix,2.12,0.46
57,Female,UK,Student,Divorced,5.65,5.78,0.52,6.0,2.79,TikTok,4.17,Tablet,33.95,Unlimited,4,High,8,6.47,4,9,2.84,1490.01,184.31,3,Movies,News,YouTube,0.93,0.54
24,Female,USA,Unemployed,Divorced,1.76,4.57,2.03,5.24,0.11,Facebook,4.03,Smartphone,62.81,Unlimited,7,High,1,5.57,9,2,1.8,7243.05,469.53,1,Movies,Entertainment,Netflix,1.06,1.68
47,Male,UK,Unemployed,Single,5.68,8.9,4.3,2.48,1.12,Instagram,6.96,PC,12.03,Unlimited,1,High,3,7.7,9,6,2.42,8775.74,0.36,3,Movies,Education,Netflix,1.56,2.54
37,Female,Canada,Professional,Divorced,3.34,2.65,1.72,5.31,1.76,Twitter,6.55,PC,37.53,Unlimited,5,Low,1,7.25,3,1,2.28,8960.14,429.35,2,News,Entertainment,Spotify,0.98,0.87
58,Other,Germany,Student,Married,4.04,2.76,2.34,3.66,2.17,Instagram,3.38,PC,13.08,50GB,2,Low,1,8.45,2,8,0.78,7776.43,129.47,1,Series,Networking,Amazon Prime,2.08,2.21
24,Female,Canada,Student,Single,2.85,7.0,0.76,5.9,3.96,YouTube,4.21,PC,70.41,10GB,8,Low,2,5.48,3,9,1.96,8542.98,60.86,0,Movies,News,YouTube,2.39,0.34
48,Other,UK,Student,Married,2.74,4.25,4.85,1.36,3.84,Twitter,6.85,Smartphone,48.16,50GB,7,Moderate,3,5.37,8,3,1.05,6484.55,151.55,3,Series,Networking,Amazon Prime,3.32,0.81
44,Other,Australia,Professional,Single,1.71,5.6,1.94,1.47,1.72,TikTok,5.27,PC,98.7,50GB,6,Low,4,4.26,7,3,1.82,8692.71,448.59,1,Movies,News,Netflix,1.5,1.32
28,Other,Canada,Unemployed,Widowed,3.49,7.98,2.28,3.38,4.64,Twitter,11.3,Smartphone,83.86,10GB,9,High,4,7.08,7,6,0.11,6232.05,476.34,1,Movies,Education,Netflix,1.51,0.44
20,Other,India,Student,Married,2.8,0.53,3.9,1.35,2.66,Instagram,11.55,PC,98.31,10GB,8,Moderate,2,5.71,2,3,0.25,9412.82,482.4,2,News,Education,Amazon Prime,2.59,1.93
46,Other,Germany,Professional,Widowed,6.52,5.05,1.9,6.51,4.11,Facebook,11.41,PC,32.59,50GB,1,Moderate,8,8.39,8,6,0.24,4290.09,98.74,2,News,Entertainment,YouTube,0.99,0.18
51,Other,Germany,Professional,Divorced,0.54,4.52,1.24,3.94,3.48,Twitter,3.36,PC,9.86,10GB,6,Low,6,6.08,4,7,2.28,2343.41,375.54,2,Series,Networking,Netflix,0.23,2.88
29,Female,USA,Professional,Single,5.86,9.78,0.39,5.42,2.24,Twitter,6.18,Tablet,91.53,10GB,5,High,3,7.41,9,3,0.08,742.35,86.39,5,News,Education,Spotify,2.53,2.39
46,Other,USA,Professional,Single,3.04,3.62,3.25,4.43,4.98,YouTube,11.7,Tablet,10.77,Unlimited,3,Low,2,5.38,6,7,2.4,553.55,62.49,5,Series,Networking,Amazon Prime,2.32,0.48
33,Other,Germany,Retired,Single,6.62,1.36,2.83,6.31,0.36,Twitter,8.78,Smartphone,86.63,50GB,1,Low,7,5.53,5,4,0.83,2920.31,273.0,0,News,Networking,YouTube,3.7,2.65
50,Other,India,Student,Divorced,6.75,5.15,1.89,3.16,2.19,Twitter,3.92,PC,14.88,10GB,2,High,4,5.45,3,8,0.64,7158.81,129.44,0,News,Entertainment,Amazon Prime,3.1,2.71
23,Male,India,Professional,Single,1.42,8.11,4.42,2.47,3.1,YouTube,4.92,PC,82.69,10GB,7,Low,7,4.47,9,6,1.27,3410.25,265.87,2,Series,Networking,Netflix,0.46,1.42
59,Other,Germany,Retired,Single,3.5,6.28,3.42,1.65,0.41,YouTube,11.57,Smartphone,83.78,10GB,1,Moderate,2,5.82,5,5,1.46,1875.08,484.57,5,News,Entertainment,Amazon Prime,0.87,2.48
27,Female,Canada,Professional,Widowed,5.99,2.15,2.99,1.96,0.81,TikTok,6.42,PC,8.19,Unlimited,9,High,5,5.38,3,9,0.87,6322.77,2.65,2,Series,Entertainment,Spotify,0.83,0.31
32,Male,Australia,Retired,Married,4.46,8.8,4.36,3.02,1.29,Instagram,3.51,Tablet,51.27,10GB,2,High,2,6.67,2,8,1.08,5497.55,146.85,4,News,Networking,Spotify,0.4,1.6
16,Male,Australia,Retired,Single,1.6,3.47,4.89,4.99,1.95,Twitter,3.73,Smartphone,90.89,Unlimited,9,Moderate,6,5.13,1,4,1.87,1800.59,458.18,1,Short Videos,News,Spotify,1.61,0.21
18,Other,Germany,Unemployed,Divorced,7.47,8.43,4.6,3.05,3.29,TikTok,10.58,Smartphone,51.68,50GB,1,Moderate,3,4.57,2,2,2.68,1219.16,340.72,2,Short Videos,Entertainment,Spotify,2.85,0.01
39,Male,Canada,Retired,Single,0.67,7.16,3.63,2.06,3.46,YouTube,9.51,Tablet,11.66,Unlimited,9,High,9,8.67,5,2,2.34,8952.01,415.55,5,Short Videos,News,Netflix,3.2,1.7
26,Male,Germany,Unemployed,Widowed,7.48,3.44,5.0,3.76,2.01,Facebook,2.93,PC,72.84,50GB,5,Moderate,8,5.73,7,4,0.83,6348.82,494.6,2,News,Networking,Amazon Prime,0.54,2.43
56,Other,USA,Student,Single,7.1,5.68,3.57,5.18,2.4,Instagram,9.79,Tablet,8.18,50GB,9,Moderate,4,6.48,6,7,0.71,3839.21,348.99,0,Movies,Education,Netflix,1.79,1.12
13,Female,USA,Retired,Married,2.04,1.85,1.31,1.64,4.35,Twitter,9.24,PC,94.36,Unlimited,6,Low,4,4.1,3,5,0.12,3255.5,132.59,5,News,Education,Amazon Prime,1.04,2.71
32,Female,USA,Retired,Married,4.33,3.49,4.21,2.26,0.63,Twitter,4.31,PC,51.67,50GB,4,Moderate,5,8.4,2,2,3.0,9397.37,221.5,2,Series,News,Spotify,0.65,1.14
30,Male,USA,Professional,Married,6.36,3.71,2.99,6.09,2.51,TikTok,3.3,PC,49.89,Unlimited,4,Moderate,7,8.11,7,3,0.41,4821.3,468.92,3,Movies,News,YouTube,0.83,0.77
14,Male,Germany,Retired,Widowed,1.5,2.71,1.22,5.31,2.96,Instagram,11.63,Tablet,98.92,50GB,2,High,6,4.64,9,5,0.45,2409.19,79.92,4,Short Videos,Education,YouTube,3.24,1.94
19,Other,India,Retired,Married,6.06,4.3,1.87,3.92,2.71,TikTok,2.28,PC,50.33,50GB,5,High,8,8.37,4,5,0.09,7234.1,472.89,1,Series,Education,YouTube,0.25,0.76
34,Female,UK,Retired,Married,0.78,4.29,1.42,1.94,4.28,YouTube,9.83,Tablet,52.13,Unlimited,8,Low,2,4.04,2,7,2.29,3307.41,217.8,4,Short Videos,News,Netflix,3.24,2.49
38,Male,USA,Unemployed,Divorced,3.66,8.6,2.4,4.88,3.81,Twitter,7.44,PC,94.91,10GB,1,Moderate,1,5.39,9,3,2.48,581.94,344.28,5,Short Videos,Entertainment,Spotify,1.55,1.02
34,Male,USA,Student,Divorced,4.25,7.4,1.31,5.81,1.5,Facebook,10.94,Tablet,90.19,Unlimited,6,High,2,8.47,3,9,1.2,4954.29,372.51,0,Series,News,Amazon Prime,3.34,1.46
40,Other,Germany,Unemployed,Divorced,1.36,2.94,1.82,5.68,1.54,Facebook,9.5,Smartphone,89.32,Unlimited,7,Low,8,6.28,6,3,0.98,3414.87,461.97,1,Series,News,Spotify,1.63,1.06
43,Female,Canada,Retired,Widowed,0.64,6.05,3.9,3.6,0.3,TikTok,11.04,Tablet,93.96,50GB,5,Low,8,6.51,4,2,0.05,9872.49,367.06,0,Movies,Entertainment,Netflix,0.89,2.51
13,Other,India,Retired,Widowed,1.51,3.07,2.06,1.68,2.9,TikTok,10.28,Tablet,17.75,10GB,3,Moderate,5,5.89,9,1,2.57,6208.44,59.75,4,News,Education,Netflix,0.15,1.85
37,Other,UK,Unemployed,Divorced,7.17,3.74,1.05,4.17,2.03,Facebook,9.59,PC,73.31,10GB,9,Moderate,4,4.13,2,5,2.56,3511.77,367.24,4,Short Videos,Entertainment,Spotify,0.9,1.3
63,Male,UK,Unemployed,Widowed,7.64,8.25,4.69,2.94,2.91,Twitter,3.57,Tablet,69.44,10GB,7,Moderate,3,5.71,2,4,0.59,7871.78,261.91,1,News,Networking,Amazon Prime,2.42,2.12
39,Female,UK,Professional,Widowed,1.17,6.89,1.0,3.66,1.97,TikTok,8.04,Tablet,93.05,10GB,9,Moderate,5,8.69,9,5,2.04,9669.97,375.2,2,Series,Education,Netflix,3.73,0.78
48,Male,UK,Unemployed,Married,3.59,1.67,1.34,5.87,3.8,Instagram,4.34,PC,29.34,10GB,7,High,7,8.38,2,9,0.41,3919.46,333.15,3,Movies,Education,Spotify,2.45,0.85
29,Other,USA,Unemployed,Widowed,3.47,4.52,2.99,1.65,4.42,Twitter,10.52,Tablet,78.31,10GB,2,Low,4,8.28,7,6,1.84,2741.98,142.11,2,Movies,News,Netflix,0.8,1.27
53,Male,India,Unemployed,Divorced,1.87,6.47,1.12,5.89,0.28,Twitter,8.68,Tablet,6.84,10GB,1,High,2,7.05,5,2,0.59,6989.97,456.8,2,News,Networking,YouTube,3.2,1.29
53,Female,USA,Retired,Single,3.28,4.45,1.56,1.63,2.72,Twitter,8.11,PC,22.2,10GB,2,Low,6,8.26,4,9,1.81,7547.52,147.39,5,Movies,Education,Netflix,2.74,0.49
40,Male,India,Unemployed,Divorced,6.8,0.94,4.64,3.78,4.56,Facebook,7.53,PC,6.66,50GB,9,Low,6,7.62,8,6,1.28,2430.74,347.33,4,Movies,Networking,YouTube,3.12,1.62
63,Other,India,Professional,Single,1.06,5.96,2.71,6.69,1.61,TikTok,10.13,Smartphone,19.32,10GB,8,High,5,4.21,8,6,1.41,9557.71,170.59,5,Movies,Education,Amazon Prime,3.38,1.07
19,Female,Australia,Retired,Widowed,2.21,7.59,2.4,5.72,0.1,Instagram,10.59,PC,46.87,10GB,7,Moderate,5,6.39,3,1,0.03,1888.92,191.04,3,News,Networking,Amazon Prime,0.86,1.3
13,Female,UK,Professional,Single,2.47,9.86,0.64,6.61,2.61,Twitter,4.97,PC,29.89,10GB,2,Low,7,4.48,6,7,0.67,7281.67,130.91,1,Short Videos,Networking,Spotify,0.65,2.99
53,Other,India,Student,Single,1.34,5.56,1.93,6.05,4.8,YouTube,10.68,Tablet,77.09,50GB,6,Low,4,7.43,4,2,0.28,3703.28,346.29,3,Series,News,YouTube,1.38,2.94
54,Female,Australia,Professional,Single,4.74,5.38,4.63,6.83,4.86,YouTube,9.39,PC,36.6,50GB,3,Low,8,4.34,8,9,2.1,1076.5,278.94,1,Movies,Entertainment,Netflix,0.09,0.9
19,Female,UK,Professional,Married,1.4,5.02,2.81,3.97,3.38,YouTube,9.65,Tablet,11.79,10GB,9,Low,7,6.2,9,9,0.61,4221.35,477.51,1,News,News,Netflix,3.28,2.24
26,Male,India,Unemployed,Single,7.71,2.11,1.19,6.86,0.29,YouTube,10.8,Smartphone,17.49,50GB,6,Moderate,5,5.82,6,8,2.8,7830.47,7.28,5,Movies,Education,Netflix,2.45,0.93
13,Other,Germany,Professional,Widowed,4.02,5.59,4.77,5.68,0.61,Instagram,7.29,Smartphone,12.87,Unlimited,2,High,7,7.35,2,8,1.82,9284.3,100.38,1,News,Networking,Amazon Prime,0.96,0.3
28,Other,India,Retired,Divorced,4.26,5.48,0.2,3.34,0.52,Instagram,5.32,PC,26.02,Unlimited,3,High,6,5.92,7,3,2.09,6794.07,343.39,4,News,News,Amazon Prime,2.75,1.63
53,Female,Germany,Retired,Married,1.62,5.94,3.38,6.63,3.25,TikTok,5.96,Tablet,93.02,Unlimited,4,Moderate,1,5.79,4,3,0.91,9622.5,129.32,3,News,Entertainment,Spotify,1.08,0.1
39,Female,India,Student,Divorced,0.95,3.67,1.94,0.98,2.86,Twitter,5.84,PC,16.14,50GB,6,Low,3,8.14,1,6,2.06,1289.26,343.86,0,News,Entertainment,Amazon Prime,3.27,2.63
31,Female,India,Unemployed,Divorced,1.65,2.81,3.4,3.46,1.97,TikTok,6.93,PC,9.42,50GB,4,Low,1,4.24,7,9,1.56,582.92,110.95,5,Series,Entertainment,Spotify,2.67,1.82
32,Male,UK,Retired,Married,4.53,1.52,3.74,4.75,3.47,TikTok,3.1,Smartphone,16.38,50GB,7,High,2,7.14,6,3,1.42,2338.68,204.65,3,Series,Education,Spotify,0.14,2.19
13,Female,UK,Unemployed,Widowed,0.81,6.66,1.02,5.48,0.96,Twitter,9.3,Smartphone,58.96,10GB,6,Moderate,7,5.92,7,3,0.71,2278.67,318.38,5,Series,Networking,YouTube,2.83,2.13
28,Female,Australia,Retired,Divorced,6.06,8.17,4.55,6.2,1.84,Twitter,11.08,PC,62.34,10GB,5,High,3,8.79,5,1,1.75,5817.94,111.41,4,Movies,News,Netflix,3.47,1.53
46,Female,Canada,Professional,Married,1.8,4.86,2.55,3.63,4.33,YouTube,5.67,Smartphone,69.28,10GB,1,Moderate,8,6.36,1,8,0.02,7104.76,276.85,4,Movies,Entertainment,Amazon Prime,1.63,0.49
63,Other,Germany,Unemployed,Married,4.23,1.81,2.91,6.42,0.34,Twitter,8.42,Tablet,80.87,10GB,8,Moderate,7,4.07,7,4,2.53,7890.71,293.18,2,News,Networking,Spotify,1.83,0.01
57,Female,Canada,Professional,Single,7.05,8.31,1.82,1.64,2.36,Facebook,10.28,PC,66.15,50GB,5,Moderate,7,6.22,6,4,1.16,7537.17,45.29,1,News,Networking,Netflix,1.34,2.79
14,Other,Germany,Unemployed,Single,6.3,4.95,3.17,2.49,0.91,Twitter,10.78,Tablet,43.34,50GB,7,High,8,7.2,6,6,1.18,4930.83,23.09,2,News,Networking,Netflix,3.72,2.11
59,Female,Germany,Retired,Married,7.17,4.65,3.84,5.46,0.98,YouTube,11.87,Smartphone,29.32,Unlimited,2,High,1,6.95,9,5,0.69,3808.44,168.3,4,Series,News,YouTube,3.64,2.66
53,Other,Germany,Professional,Divorced,4.31,3.97,3.51,1.44,0.03,YouTube,9.11,Smartphone,81.97,Unlimited,7,Low,3,4.09,3,7,0.61,3759.44,440.72,0,Series,News,Amazon Prime,1.02,1.14
53,Other,Canada,Student,Single,4.41,6.63,3.71,0.76,0.52,Twitter,5.88,PC,84.1,50GB,3,Low,8,7.83,6,6,1.99,772.49,477.46,3,Series,Entertainment,Spotify,1.61,1.19
36,Female,India,Student,Widowed,4.53,0.72,2.62,4.48,3.95,TikTok,6.98,Tablet,31.32,Unlimited,7,High,7,6.08,5,1,2.73,5932.76,480.77,1,Short Videos,News,Netflix,0.8,0.05
33,Male,USA,Professional,Single,1.5,3.26,1.53,5.3,0.6,YouTube,6.67,Smartphone,55.55,50GB,7,Low,2,7.42,1,3,0.56,9485.69,155.12,5,News,Entertainment,Spotify,0.14,1.29
28,Female,Canada,Retired,Divorced,4.06,2.44,0.4,5.41,3.47,YouTube,5.97,PC,66.54,10GB,2,Low,2,7.29,2,5,2.61,7989.74,349.45,1,News,Entertainment,Spotify,3.1,1.28
16,Male,UK,Professional,Widowed,0.93,2.54,2.36,4.97,0.36,Facebook,8.34,Smartphone,42.56,Unlimited,1,Low,3,6.71,1,3,0.03,4764.99,258.25,3,Movies,Education,YouTube,0.77,2.11
24,Other,Canada,Student,Widowed,6.4,3.93,3.02,4.5,1.09,Twitter,9.31,Tablet,78.35,50GB,9,Low,9,6.15,4,9,2.0,1926.05,484.16,1,Series,Entertainment,Amazon Prime,2.59,0.77
25,Other,UK,Professional,Single,2.61,2.85,2.33,1.01,4.7,TikTok,10.99,PC,24.24,Unlimited,5,Low,6,8.36,8,1,1.67,6129.75,360.88,3,Movies,News,Netflix,1.68,2.39
38,Female,UK,Student,Divorced,7.1,5.94,1.13,1.18,1.07,TikTok,8.49,Smartphone,76.1,Unlimited,1,Low,4,4.59,1,5,0.52,2806.52,429.65,1,Series,Entertainment,Spotify,2.63,0.47
51,Male,Canada,Professional,Divorced,7.06,2.16,0.69,2.26,1.48,Twitter,6.2,Smartphone,7.78,10GB,5,Low,5,7.65,7,3,1.48,8047.85,325.49,0,Series,Networking,Netflix,3.14,2.25
37,Other,USA,Unemployed,Widowed,5.79,4.52,3.05,1.27,0.12,Twitter,5.18,Smartphone,99.02,50GB,5,Low,4,6.79,6,2,2.75,2372.32,21.69,4,Series,Entertainment,Netflix,2.12,1.07
16,Male,UK,Retired,Divorced,5.88,2.24,3.19,3.76,4.06,YouTube,7.13,Smartphone,25.36,10GB,4,High,6,7.02,1,8,1.01,5168.37,197.08,4,Short Videos,News,YouTube,1.84,2.44
62,Female,Canada,Unemployed,Married,7.9,8.46,1.59,3.54,3.31,Instagram,3.73,Tablet,41.46,50GB,3,High,9,4.56,1,4,1.88,9471.22,349.72,2,Movies,Entertainment,Amazon Prime,2.55,2.67
62,Male,Australia,Unemployed,Single,4.69,6.76,1.58,1.72,3.23,Instagram,5.09,Tablet,97.2,Unlimited,2,Moderate,4,8.39,7,4,0.17,4993.7,127.36,0,Movies,Networking,Netflix,2.61,2.51
53,Female,Germany,Retired,Married,7.9,5.75,4.36,5.67,2.05,Facebook,8.03,Smartphone,97.84,10GB,2,Low,1,6.1,6,6,0.96,6894.67,314.75,4,Movies,Education,Spotify,3.26,1.61
64,Male,Australia,Student,Married,6.42,9.42,0.81,6.4,2.64,Facebook,2.3,Smartphone,16.23,10GB,7,Low,8,6.66,7,7,0.31,7743.79,148.16,5,News,News,Spotify,3.79,0.16
41,Other,UK,Student,Divorced,0.7,9.63,3.2,6.76,0.99,YouTube,8.56,Smartphone,51.38,50GB,4,Low,7,7.93,2,8,1.1,4656.98,113.3,1,Short Videos,News,Amazon Prime,2.02,0.28
63,Other,Canada,Student,Single,4.84,5.99,2.53,2.13,4.12,TikTok,2.73,Smartphone,44.21,50GB,5,Low,8,5.12,6,9,0.39,7594.58,216.11,5,Series,Networking,Amazon Prime,1.97,2.48
16,Female,Canada,Unemployed,Widowed,1.78,6.11,0.33,2.42,3.48,TikTok,8.57,Smartphone,84.91,Unlimited,9,Moderate,8,7.82,8,9,2.94,8034.98,208.25,0,Short Videos,Networking,YouTube,1.27,2.17
32,Male,Australia,Professional,Married,7.27,3.16,0.34,5.84,0.7,TikTok,3.08,PC,45.95,Unlimited,5,High,2,5.02,6,1,1.05,1247.59,263.38,0,News,News,Spotify,0.12,0.81
24,Other,USA,Professional,Married,6.38,8.51,1.73,2.46,4.19,TikTok,11.84,Smartphone,59.37,Unlimited,4,Moderate,1,5.59,9,7,0.76,7373.74,329.36,3,Short Videos,News,YouTube,3.81,2.08
23,Other,Australia,Retired,Divorced,5.97,4.84,3.91,4.13,0.92,YouTube,10.22,PC,28.86,10GB,2,High,2,7.08,7,1,1.28,5798.4,460.13,3,News,News,Spotify,0.38,0.29
20,Female,Australia,Unemployed,Widowed,1.99,9.56,3.31,0.69,0.98,Twitter,5.89,Tablet,20.94,10GB,3,Moderate,9,7.58,2,1,1.12,2144.79,453.38,4,News,Networking,YouTube,0.41,0.08
45,Male,Canada,Student,Single,1.55,3.42,1.03,2.01,0.04,YouTube,7.81,Smartphone,27.7,Unlimited,3,Low,8,7.04,9,9,2.22,8427.68,491.22,2,Short Videos,Education,Amazon Prime,2.02,2.11
53,Other,UK,Retired,Widowed,3.39,4.2,4.92,1.88,4.97,Twitter,3.48,Tablet,67.59,50GB,6,Moderate,8,6.28,7,4,1.67,4321.73,402.75,3,Short Videos,Networking,Spotify,2.81,0.31
43,Male,India,Retired,Widowed,4.48,6.38,2.43,6.85,0.98,Instagram,5.36,Tablet,68.51,50GB,5,High,2,8.09,2,1,2.95,1720.2,62.91,4,Short Videos,News,Netflix,0.44,1.52
20,Male,Canada,Unemployed,Married,2.28,4.41,4.59,3.45,2.62,Twitter,9.26,PC,41.53,10GB,9,Low,9,8.99,2,6,0.45,4165.9,195.78,0,Short Videos,Entertainment,YouTube,0.89,1.02
55,Female,India,Retired,Divorced,0.72,7.65,4.65,1.06,3.77,TikTok,3.57,Smartphone,94.5,10GB,1,High,6,5.5,2,7,0.73,7900.87,49.08,5,Movies,Networking,Spotify,4.0,0.98
46,Other,Canada,Retired,Single,3.84,6.95,1.15,4.01,4.02,Twitter,7.6,Smartphone,95.39,Unlimited,3,High,9,5.62,9,3,1.72,5530.08,113.31,0,Movies,Education,Amazon Prime,3.98,1.01
33,Female,USA,Retired,Divorced,6.09,5.68,1.6,5.08,3.51,Instagram,8.56,Smartphone,36.99,50GB,5,Moderate,9,4.18,6,4,1.01,5375.39,389.95,3,Series,Entertainment,Spotify,1.91,0.03
48,Male,Canada,Retired,Married,7.45,6.44,3.97,3.0,2.88,Facebook,10.41,Tablet,51.32,Unlimited,3,Low,7,7.9,5,2,2.25,1907.56,138.68,3,Short Videos,Networking,Netflix,2.39,2.88
26,Female,USA,Professional,Widowed,6.72,5.23,3.1,6.97,4.88,TikTok,9.4,Smartphone,32.35,50GB,3,Low,4,4.18,6,9,1.6,5638.41,234.03,3,Short Videos,News,Netflix,1.94,0.29
30,Other,Germany,Unemployed,Married,2.6,1.51,2.81,0.85,1.85,YouTube,10.05,Smartphone,60.56,Unlimited,8,Low,5,8.01,2,9,0.72,2572.64,427.59,3,Movies,Education,Netflix,1.05,2.2
60,Other,UK,Retired,Single,4.43,9.04,0.67,3.28,4.47,Facebook,4.83,PC,26.66,50GB,9,Low,1,8.93,2,4,0.39,7388.67,297.59,0,Movies,Networking,Netflix,3.16,0.8
28,Female,India,Retired,Single,2.72,2.76,2.65,4.16,2.79,TikTok,3.69,Tablet,78.14,50GB,6,Low,3,8.21,1,9,2.38,6403.89,373.61,5,News,Education,Netflix,1.47,2.77
37,Male,India,Professional,Single,4.18,6.15,2.89,3.63,4.74,Instagram,8.25,Tablet,65.55,10GB,5,Low,6,4.3,1,7,1.06,6149.88,377.95,2,Short Videos,Entertainment,YouTube,0.39,0.94
59,Other,Australia,Unemployed,Married,0.98,6.79,3.57,5.31,1.27,Instagram,10.27,PC,55.3,Unlimited,9,Moderate,6,8.01,9,5,0.89,3051.4,396.65,5,Movies,Education,Spotify,2.64,2.38
49,Male,USA,Professional,Widowed,4.8,5.76,0.65,1.1,2.04,Twitter,6.23,Smartphone,92.45,Unlimited,2,Moderate,1,8.64,2,4,1.86,8947.36,120.79,5,Series,Entertainment,Spotify,3.47,2.23
16,Female,Canada,Professional,Married,2.08,7.74,3.19,3.99,4.66,Instagram,6.73,Tablet,74.16,10GB,7,High,5,7.6,5,1,1.92,3025.45,351.54,2,Movies,News,Netflix,1.7,2.65
20,Female,Australia,Professional,Divorced,3.86,6.07,0.61,2.83,4.78,Instagram,7.08,Tablet,23.9,10GB,8,Low,7,5.93,5,4,2.51,6428.89,276.72,0,Movies,News,Netflix,2.6,2.94
13,Other,Australia,Professional,Widowed,4.15,8.3,0.73,6.87,1.79,YouTube,2.87,Tablet,40.72,10GB,7,Moderate,5,4.62,5,3,0.45,7435.95,67.3,5,Movies,Education,Spotify,2.65,0.86
45,Female,USA,Student,Widowed,5.78,9.14,4.91,3.37,1.69,TikTok,10.41,Smartphone,30.48,50GB,9,Moderate,3,4.08,4,8,2.07,5368.91,30.16,5,Short Videos,Education,Amazon Prime,0.54,0.75
36,Other,Germany,Student,Single,2.62,1.7,4.67,2.13,3.74,YouTube,8.36,PC,38.2,50GB,9,High,1,4.98,8,3,1.37,7856.7,207.54,1,Short Videos,Education,Amazon Prime,3.62,0.84
19,Male,Germany,Unemployed,Widowed,1.38,7.36,1.27,5.07,4.79,TikTok,6.78,Tablet,78.93,10GB,4,High,5,8.68,4,4,0.25,776.47,360.15,1,Short Videos,Entertainment,Spotify,2.06,0.43
62,Female,India,Student,Single,4.71,2.7,1.88,0.95,0.41,YouTube,7.42,PC,73.03,Unlimited,1,High,1,6.9,3,2,0.76,4275.5,467.07,0,Short Videos,Education,Spotify,1.21,2.45
40,Female,UK,Professional,Divorced,4.64,4.98,1.73,5.38,3.43,TikTok,11.29,PC,6.07,50GB,7,Moderate,9,8.82,4,6,1.63,9177.9,242.57,5,Movies,Education,YouTube,1.0,2.5
25,Other,Australia,Unemployed,Single,2.35,9.07,1.5,6.65,0.56,Twitter,11.63,Smartphone,60.21,50GB,3,Low,4,6.17,8,1,0.44,9542.75,223.27,3,Short Videos,Entertainment,Amazon Prime,1.55,0.68
39,Female,UK,Professional,Married,7.65,2.38,0.9,6.17,2.48,YouTube,5.46,Smartphone,7.69,50GB,6,Moderate,2,6.36,6,1,2.64,6099.18,280.07,5,Movies,Education,Netflix,2.45,1.96
48,Other,Germany,Professional,Divorced,3.16,2.01,2.58,4.82,1.34,YouTube,10.0,PC,45.74,10GB,1,High,7,4.04,3,5,2.43,3372.93,393.9,4,Series,Education,Netflix,2.42,1.78
16,Female,Canada,Retired,Divorced,7.35,4.01,4.55,2.71,3.2,TikTok,9.88,Smartphone,92.58,Unlimited,3,Moderate,5,7.0,5,6,1.35,8690.83,224.43,4,Short Videos,Networking,Spotify,3.4,1.05
27,Male,Canada,Professional,Married,7.53,7.87,4.26,1.15,3.88,Facebook,8.53,PC,11.28,10GB,6,High,6,4.48,7,4,0.42,3766.15,212.11,1,Short Videos,Networking,Amazon Prime,3.24,2.25
54,Female,USA,Unemployed,Married,2.37,5.66,3.93,3.4,2.31,TikTok,6.42,PC,25.2,Unlimited,9,Low,8,8.2,7,5,0.25,8784.17,408.01,3,Movies,Education,Netflix,1.05,1.18
36,Other,USA,Retired,Divorced,7.83,8.99,3.35,0.95,0.61,TikTok,9.51,Tablet,33.78,10GB,5,Moderate,6,5.22,5,1,0.77,972.48,336.1,0,Movies,Education,Netflix,0.84,1.11
41,Female,UK,Retired,Single,5.96,5.2,2.32,4.75,0.39,Facebook,2.82,Tablet,65.0,50GB,8,High,8,6.98,8,3,1.4,7160.16,16.58,1,Short Videos,Entertainment,YouTube,3.5,1.19
35,Male,UK,Retired,Widowed,3.01,4.01,2.91,2.84,2.61,YouTube,4.24,Smartphone,72.29,50GB,7,Low,6,6.45,4,9,1.6,7405.32,288.41,5,News,Entertainment,Amazon Prime,1.93,2.24
15,Female,Australia,Unemployed,Divorced,1.08,7.36,1.27,5.76,4.91,Instagram,8.84,Tablet,51.62,50GB,6,Moderate,2,5.34,9,2,1.9,7212.18,61.05,2,Short Videos,Networking,Spotify,1.52,2.1
21,Male,Australia,Unemployed,Single,6.46,0.93,1.37,5.24,3.88,YouTube,10.25,PC,7.61,10GB,9,Moderate,1,6.01,7,3,2.67,4370.21,287.85,5,Short Videos,News,Amazon Prime,3.8,2.12
36,Female,Germany,Retired,Single,3.59,3.54,2.72,1.09,0.48,TikTok,4.84,PC,32.25,10GB,8,Low,8,6.45,9,3,0.9,5059.8,458.03,2,Short Videos,Entertainment,Spotify,2.15,0.24
23,Other,USA,Unemployed,Widowed,2.93,3.9,4.61,1.55,0.86,Twitter,9.78,Tablet,94.12,10GB,2,Moderate,2,9.0,6,6,0.88,4828.22,273.42,0,Movies,Entertainment,Netflix,1.22,2.12
15,Female,Canada,Student,Married,2.94,6.17,0.69,0.51,4.79,Instagram,7.84,Tablet,49.31,10GB,3,Low,7,8.41,5,3,1.26,9527.29,307.68,2,News,Education,Spotify,2.78,0.96
56,Female,UK,Unemployed,Widowed,1.58,4.09,2.95,1.19,2.56,YouTube,2.5,Tablet,59.86,10GB,7,Moderate,4,6.93,9,9,0.21,1635.97,33.86,2,Movies,Education,Amazon Prime,2.35,0.76
64,Female,Germany,Retired,Single,7.93,3.87,1.21,6.88,0.99,Instagram,11.53,PC,19.45,10GB,9,Moderate,2,5.61,8,7,0.73,6872.78,376.39,2,Short Videos,News,Netflix,3.22,0.01
54,Other,Canada,Professional,Single,1.27,5.14,4.77,2.7,1.25,Instagram,4.42,PC,63.18,10GB,7,Moderate,6,5.24,5,9,0.87,1448.99,145.77,0,Series,Networking,Amazon Prime,0.65,1.64
57,Other,USA,Professional,Divorced,5.1,1.16,3.85,4.43,4.3,Facebook,8.89,Smartphone,6.94,50GB,6,High,4,8.45,7,9,2.53,4269.89,232.67,2,News,Education,Spotify,2.76,0.9
25,Male,UK,Unemployed,Widowed,6.79,9.23,1.97,5.51,0.14,YouTube,8.52,Tablet,32.94,50GB,3,High,5,4.36,5,4,1.91,2235.53,476.47,5,Series,Entertainment,Netflix,3.02,0.65
62,Male,USA,Professional,Married,0.63,2.44,2.13,0.71,3.66,Twitter,4.31,PC,74.16,Unlimited,6,Low,9,7.11,7,5,1.79,5883.61,333.03,3,Movies,Networking,Spotify,0.64,1.48
23,Other,Australia,Unemployed,Married,5.74,1.76,4.2,5.44,4.7,YouTube,6.12,Tablet,81.95,50GB,5,Low,6,8.18,4,7,0.47,3017.18,445.63,1,Series,Entertainment,YouTube,1.29,1.66
62,Male,UK,Unemployed,Divorced,3.52,7.41,1.83,3.91,4.57,TikTok,2.09,Smartphone,59.66,50GB,4,High,5,7.1,8,4,2.44,4415.58,31.4,1,Series,Networking,Spotify,2.14,1.91
64,Other,India,Unemployed,Married,6.05,8.26,2.97,6.58,4.0,Facebook,8.5,Tablet,23.81,10GB,8,High,5,4.5,9,5,0.3,1257.92,93.55,4,Series,Entertainment,Spotify,0.83,0.81
50,Male,UK,Student,Divorced,3.05,0.8,2.31,5.35,4.74,Facebook,4.09,PC,13.8,50GB,7,High,3,8.39,6,9,2.49,6406.72,106.46,3,Short Videos,Education,Netflix,1.05,2.24
64,Other,Australia,Student,Married,1.37,7.71,3.43,4.29,2.29,Instagram,6.22,Tablet,34.94,Unlimited,1,High,2,4.98,4,8,0.08,1614.76,193.61,5,News,Education,Netflix,0.87,1.97
42,Male,Australia,Professional,Married,1.08,0.55,4.08,2.98,3.88,YouTube,2.72,Tablet,33.47,Unlimited,5,Moderate,9,6.39,6,5,2.89,3557.67,355.0,2,Series,Education,Netflix,3.81,1.07
26,Other,Canada,Unemployed,Divorced,5.17,2.55,0.23,6.98,4.3,Facebook,10.55,PC,21.32,Unlimited,7,Low,3,6.73,9,1,0.06,2126.63,377.56,1,Short Videos,News,Amazon Prime,2.29,2.97
35,Female,UK,Student,Widowed,6.19,4.63,2.34,6.29,2.04,TikTok,4.79,Tablet,59.15,Unlimited,3,Low,4,8.54,5,6,1.92,1155.6,83.17,1,Movies,News,Spotify,2.63,2.45
43,Female,USA,Professional,Widowed,2.1,7.04,1.31,2.42,1.15,Instagram,9.2,Tablet,56.57,50GB,3,Moderate,9,7.32,6,8,0.36,1870.59,248.23,5,Movies,Education,Netflix,2.61,2.57
16,Male,Australia,Professional,Divorced,5.71,3.93,2.42,3.75,2.77,Twitter,2.9,Tablet,10.66,Unlimited,2,High,5,5.76,6,9,2.43,3165.82,437.23,1,News,Entertainment,YouTube,2.16,0.37
45,Male,Canada,Professional,Married,3.09,2.81,0.31,3.8,3.72,TikTok,11.06,PC,10.59,10GB,3,High,7,7.13,8,6,0.95,3174.2,47.23,3,Movies,Networking,Spotify,1.75,0.55
64,Male,Canada,Student,Divorced,7.97,2.72,4.96,5.98,4.71,Twitter,7.41,Smartphone,19.55,50GB,2,High,4,5.5,3,3,0.94,2971.11,51.02,5,Short Videos,Entertainment,Netflix,3.22,2.72
22,Other,Germany,Professional,Single,1.29,5.82,1.52,3.97,0.42,Facebook,8.99,Smartphone,94.26,10GB,2,Low,9,8.05,1,1,0.16,4253.24,321.87,2,Movies,Networking,Amazon Prime,0.35,0.73
54,Other,Australia,Student,Married,4.48,2.72,3.53,4.97,2.9,YouTube,9.46,Tablet,9.76,Unlimited,3,High,6,7.2,3,3,2.53,9152.88,477.04,3,Series,Networking,Spotify,0.85,1.54
60,Other,Australia,Unemployed,Single,7.85,6.37,4.05,2.07,0.19,Facebook,7.05,Tablet,81.97,50GB,7,High,1,8.48,9,5,1.7,9579.48,216.55,1,News,News,YouTube,0.52,2.58
62,Male,USA,Unemployed,Married,3.2,3.06,3.76,6.16,4.29,TikTok,5.47,Smartphone,31.54,50GB,4,Moderate,2,5.51,7,8,2.37,9127.14,217.07,0,Short Videos,News,Spotify,1.9,2.31
62,Other,Canada,Student,Single,1.92,4.67,0.92,5.81,0.7,TikTok,2.94,PC,78.4,10GB,5,Low,1,4.13,8,9,0.34,2545.5,50.15,1,News,Entertainment,Amazon Prime,3.47,2.46
40,Female,India,Retired,Married,1.23,2.09,2.64,3.85,0.78,Instagram,10.99,PC,58.6,Unlimited,4,Low,3,5.02,9,1,0.48,4332.33,213.81,5,News,Entertainment,Amazon Prime,2.54,2.04
63,Other,USA,Student,Single,6.41,8.89,4.06,3.95,1.4,YouTube,6.24,Smartphone,26.34,Unlimited,7,High,1,8.41,8,1,2.39,2863.01,83.29,2,Short Videos,Education,Amazon Prime,1.67,1.03
52,Female,Canada,Unemployed,Married,7.57,2.15,4.89,5.73,0.96,TikTok,11.11,Tablet,80.44,Unlimited,7,Low,2,4.83,6,8,2.16,5533.47,117.62,2,News,Entertainment,Amazon Prime,0.56,0.12
21,Female,Germany,Unemployed,Widowed,3.01,8.34,1.54,6.8,1.78,Twitter,11.53,Smartphone,49.77,50GB,8,Low,8,6.84,2,9,0.73,3147.56,249.53,5,Series,Networking,Netflix,3.74,1.17
37,Other,Germany,Student,Married,6.63,4.05,3.15,2.25,0.69,Twitter,10.57,Smartphone,29.43,50GB,5,High,2,5.74,3,3,1.28,5058.89,453.6,0,Movies,Entertainment,YouTube,2.53,1.98
50,Male,Germany,Student,Single,3.81,0.94,3.7,1.58,1.93,Twitter,10.33,Tablet,36.25,50GB,4,Moderate,9,6.97,6,6,0.69,1956.47,218.34,3,Series,News,Netflix,2.59,2.45
25,Male,Australia,Unemployed,Single,6.49,3.83,1.37,0.79,0.49,Instagram,11.96,Tablet,33.69,Unlimited,4,High,9,8.24,1,8,1.42,5208.06,56.39,1,Series,News,Netflix,2.68,1.2
46,Other,India,Professional,Single,7.43,2.65,3.04,1.25,2.84,Instagram,5.1,PC,70.76,Unlimited,6,High,9,4.85,9,1,2.99,3510.68,79.76,2,News,Networking,Netflix,2.16,0.35
47,Female,India,Student,Widowed,6.12,1.89,1.01,6.51,0.84,Facebook,3.35,Tablet,51.42,Unlimited,3,Low,4,6.83,8,5,0.6,4475.31,176.68,0,Short Videos,News,YouTube,2.8,2.0
21,Other,Germany,Student,Widowed,5.48,8.92,2.0,0.81,4.88,Twitter,8.74,Tablet,68.64,50GB,6,High,8,7.1,7,5,1.85,6028.62,95.05,2,Movies,Education,Spotify,0.26,0.27
42,Male,India,Retired,Divorced,5.43,9.31,1.14,1.52,3.46,YouTube,11.93,Tablet,8.75,Unlimited,2,Moderate,1,8.14,4,1,0.85,6428.9,438.53,0,News,Networking,YouTube,2.22,0.08
53,Male,India,Student,Divorced,1.78,6.32,1.81,4.1,1.81,Facebook,6.46,Tablet,31.67,50GB,3,High,8,6.61,1,9,1.17,2993.36,13.97,2,Short Videos,News,Spotify,1.09,1.6
38,Female,Canada,Student,Married,1.35,9.58,4.34,6.48,3.12,Facebook,11.01,PC,63.61,50GB,5,Moderate,6,4.07,4,9,0.44,4795.18,305.05,4,News,Education,Spotify,3.23,2.39
13,Other,India,Professional,Divorced,5.81,7.07,4.22,4.13,2.63,TikTok,4.42,PC,9.24,50GB,5,High,9,8.5,7,9,1.35,7020.19,162.99,1,News,Networking,YouTube,0.99,2.68
13,Male,Germany,Student,Divorced,7.95,3.45,1.75,3.64,4.78,Facebook,2.44,Smartphone,92.16,Unlimited,3,High,2,7.27,6,7,0.77,1917.28,446.84,3,News,Networking,YouTube,1.13,0.84
31,Male,India,Professional,Divorced,7.22,0.82,2.44,4.42,3.41,YouTube,3.62,Tablet,45.62,10GB,2,Low,1,7.34,2,4,2.64,4084.17,252.43,1,News,Entertainment,Spotify,2.32,0.58
61,Other,Germany,Student,Single,7.22,1.16,3.97,3.86,2.87,Facebook,4.1,Tablet,59.58,50GB,6,Moderate,6,7.82,1,3,0.38,1263.36,362.43,4,Series,Education,YouTube,3.72,1.31
24,Other,UK,Professional,Single,1.9,8.48,1.92,5.05,4.28,Facebook,5.29,PC,25.85,Unlimited,6,High,6,7.04,2,9,2.06,5696.85,224.5,3,News,Education,Netflix,1.35,2.7
45,Other,UK,Professional,Married,6.88,7.38,1.88,2.97,0.33,Twitter,7.45,Smartphone,28.82,10GB,9,Low,7,4.73,2,3,2.7,1502.87,97.94,3,Series,Entertainment,Netflix,3.2,2.31
24,Male,UK,Student,Divorced,1.1,4.08,0.71,4.55,4.26,Facebook,10.8,PC,18.26,10GB,1,Moderate,5,8.74,1,7,1.78,8844.59,112.76,4,Movies,Networking,Amazon Prime,2.41,1.35
29,Female,Canada,Student,Widowed,6.36,4.45,1.51,5.51,1.23,YouTube,7.42,Tablet,82.48,10GB,7,Moderate,9,5.84,1,5,2.5,2529.92,474.35,4,News,Networking,Netflix,0.74,2.99
57,Male,Canada,Professional,Divorced,1.4,1.43,2.85,2.45,2.15,Facebook,11.38,Smartphone,57.09,10GB,7,Low,6,5.16,3,3,1.41,6415.4,415.6,2,Movies,Education,Amazon Prime,2.63,2.9
50,Female,India,Retired,Married,5.29,6.83,3.62,4.9,4.3,Facebook,3.21,Smartphone,80.9,50GB,6,High,7,5.65,6,4,0.41,4109.48,88.39,1,Movies,Entertainment,Spotify,1.27,2.37
17,Female,Australia,Retired,Widowed,2.74,0.56,4.59,6.83,1.52,Twitter,8.19,Smartphone,30.74,50GB,8,High,2,4.02,2,6,0.85,3484.8,425.33,2,Short Videos,Entertainment,Netflix,2.78,2.95
35,Male,Canada,Unemployed,Divorced,3.71,2.93,2.32,4.75,2.29,YouTube,4.12,Tablet,97.37,Unlimited,6,Moderate,8,7.96,3,7,1.57,7983.84,34.1,5,Series,Entertainment,YouTube,1.41,0.62
14,Female,UK,Unemployed,Single,1.76,7.38,3.03,6.31,0.84,Twitter,2.08,PC,67.97,10GB,7,Moderate,5,5.31,6,5,2.75,8882.2,415.78,3,Short Videos,Entertainment,YouTube,0.39,1.27
38,Other,Australia,Unemployed,Married,4.16,5.63,1.61,5.82,3.79,Facebook,2.6,Tablet,87.79,10GB,4,Low,7,5.16,1,5,2.75,5615.34,139.53,3,Series,News,Netflix,0.13,0.57
47,Female,UK,Retired,Married,7.32,1.1,0.56,5.7,0.15,YouTube,7.15,PC,45.58,10GB,3,Low,2,8.0,4,3,2.7,7561.63,350.8,4,Movies,Education,Spotify,2.68,0.95
19,Other,UK,Professional,Divorced,7.14,2.83,3.4,6.74,4.87,TikTok,10.87,PC,27.18,50GB,8,Moderate,2,6.21,2,4,2.03,9084.1,63.53,3,Series,Networking,Spotify,3.39,0.05
28,Female,Australia,Retired,Married,1.33,4.62,0.84,4.69,2.64,YouTube,10.99,PC,79.57,50GB,4,Moderate,2,4.69,9,1,0.08,672.19,129.15,1,Short Videos,Education,Spotify,1.52,2.86
33,Other,USA,Student,Single,0.97,9.78,2.24,2.33,3.61,Facebook,11.51,Tablet,97.17,Unlimited,6,High,2,5.02,5,4,2.15,6810.7,256.47,5,Series,Entertainment,Spotify,1.22,0.18
60,Male,Australia,Retired,Single,7.08,2.87,4.36,1.83,4.79,Facebook,8.08,Smartphone,45.61,Unlimited,6,High,3,7.78,3,7,0.23,1655.88,53.25,3,Movies,News,Spotify,2.31,1.55
64,Other,USA,Professional,Widowed,5.04,2.83,1.84,4.34,4.27,YouTube,7.54,PC,91.89,50GB,9,Low,9,6.74,4,6,1.03,3539.76,315.57,3,Series,News,Amazon Prime,1.36,1.97
15,Male,Canada,Professional,Divorced,6.91,2.62,4.65,5.91,3.31,Instagram,8.07,Smartphone,97.24,50GB,3,Moderate,7,4.36,1,4,1.63,2407.13,228.31,2,Short Videos,Education,YouTube,2.41,0.52
52,Male,Australia,Professional,Married,3.81,3.83,4.78,0.56,2.23,Instagram,2.61,PC,82.55,Unlimited,8,Low,6,7.3,3,8,0.42,6488.84,132.71,2,Series,Networking,Spotify,1.08,1.26
32,Female,UK,Unemployed,Married,1.72,9.78,4.37,2.97,3.2,TikTok,11.42,Tablet,68.73,10GB,4,Low,1,4.48,5,5,2.52,1542.28,153.58,2,News,Entertainment,YouTube,3.45,1.24
33,Male,Australia,Unemployed,Single,1.01,3.62,1.88,1.22,2.94,Facebook,3.71,Tablet,78.84,50GB,7,High,7,5.29,9,6,0.35,676.33,422.25,3,Movies,Education,Spotify,1.85,1.38
52,Male,Germany,Professional,Widowed,6.1,7.94,2.68,1.63,1.18,Instagram,3.05,Tablet,72.11,Unlimited,2,Moderate,9,6.83,4,5,2.03,8258.11,285.84,0,Series,Networking,Netflix,2.03,1.14
60,Female,Canada,Unemployed,Single,3.09,5.76,0.74,2.05,3.11,Facebook,6.98,Smartphone,44.86,10GB,2,Low,1,4.51,5,6,0.51,9925.26,472.66,3,News,Entertainment,Spotify,3.52,1.9
62,Male,USA,Retired,Widowed,4.58,1.12,1.71,5.97,0.93,TikTok,2.27,Tablet,9.12,50GB,5,Low,6,6.81,3,9,1.72,1159.12,163.65,2,Movies,Networking,Netflix,0.55,2.23
43,Male,Germany,Student,Divorced,3.91,4.15,1.92,2.2,3.49,Facebook,7.33,Tablet,16.21,10GB,9,Moderate,9,8.15,9,8,0.39,2869.08,278.39,4,News,News,Netflix,1.62,2.53
31,Other,UK,Retired,Divorced,1.98,4.07,0.68,6.66,0.25,TikTok,6.92,Tablet,93.6,50GB,1,Moderate,4,4.37,4,1,1.58,3419.48,335.94,5,News,Entertainment,Netflix,3.12,1.89
53,Other,Australia,Professional,Divorced,4.43,7.9,3.81,4.2,2.25,Twitter,3.06,Smartphone,42.31,50GB,1,Low,3,5.71,6,2,1.4,7168.01,352.37,4,Short Videos,News,Spotify,0.3,0.24
26,Other,Canada,Student,Married,6.23,3.83,3.7,1.2,0.26,Facebook,5.06,Tablet,71.42,Unlimited,4,High,4,5.65,6,1,1.08,5114.02,361.58,4,Movies,Entertainment,Spotify,1.36,2.11
42,Female,UK,Retired,Married,3.75,0.54,4.5,3.5,0.84,Twitter,8.63,PC,41.2,50GB,5,Low,8,5.78,8,6,1.63,5228.35,22.65,3,Short Videos,Networking,YouTube,0.13,2.94
31,Female,USA,Student,Married,0.61,4.47,0.51,4.57,3.78,YouTube,9.15,Smartphone,58.16,50GB,6,High,5,7.72,4,6,2.35,5625.33,493.13,4,Short Videos,Entertainment,Amazon Prime,1.35,0.28
47,Female,UK,Unemployed,Widowed,3.3,3.72,2.79,1.19,4.07,Facebook,8.04,Tablet,98.52,50GB,8,Moderate,2,4.5,5,2,0.87,8808.52,287.64,1,Series,Education,Netflix,1.87,1.3
25,Other,USA,Unemployed,Divorced,1.49,3.46,4.12,6.41,0.02,Instagram,5.82,PC,71.38,10GB,2,High,7,5.6,5,2,0.57,7443.24,395.45,5,Short Videos,News,Amazon Prime,2.96,1.14
22,Other,Australia,Retired,Divorced,5.47,5.83,0.23,1.17,0.25,TikTok,7.08,PC,86.29,50GB,3,Low,7,8.39,2,2,0.1,8731.52,127.71,1,News,Education,Netflix,1.93,0.43
60,Male,Australia,Student,Widowed,1.27,9.03,4.22,4.6,3.26,Twitter,4.6,PC,28.9,10GB,8,High,3,7.17,8,4,1.42,3155.12,374.66,0,Series,News,Spotify,0.32,2.77
18,Female,UK,Unemployed,Married,6.35,6.33,4.85,5.36,0.45,Facebook,10.86,Tablet,24.58,50GB,4,Moderate,8,4.14,2,5,1.7,8502.56,132.99,2,News,Networking,YouTube,0.15,1.5
39,Other,UK,Unemployed,Divorced,3.96,1.34,2.15,6.89,2.24,Facebook,11.36,PC,53.29,10GB,2,Moderate,1,7.87,7,7,1.94,6012.73,171.06,2,News,News,YouTube,1.93,2.05
24,Female,USA,Retired,Single,4.31,0.65,4.04,3.7,4.62,YouTube,4.71,PC,18.42,10GB,5,High,5,5.58,9,7,0.17,3578.58,382.56,2,Short Videos,Education,Spotify,1.24,1.79
15,Other,India,Student,Widowed,4.74,4.78,2.44,6.28,3.73,Instagram,3.86,Tablet,31.49,10GB,1,Low,3,6.08,6,9,2.87,6968.33,470.56,5,Series,Entertainment,YouTube,0.7,0.42
14,Male,Canada,Unemployed,Single,5.84,7.02,0.45,5.31,1.23,Instagram,2.46,Tablet,54.59,50GB,8,Moderate,5,8.82,1,3,2.29,9633.94,111.56,4,News,Networking,Amazon Prime,2.37,1.12
22,Other,India,Professional,Widowed,2.53,9.31,3.71,2.09,2.08,Twitter,2.94,Smartphone,12.76,Unlimited,3,Low,4,5.6,3,5,1.38,6109.03,398.77,0,News,Education,Amazon Prime,0.9,1.86
58,Female,USA,Professional,Widowed,5.96,1.66,4.43,3.73,1.52,Facebook,11.05,Smartphone,53.67,50GB,9,Low,6,7.35,3,1,2.89,3039.82,495.09,2,Short Videos,Entertainment,Amazon Prime,1.93,1.8
27,Male,USA,Unemployed,Widowed,0.98,1.15,2.53,1.31,0.2,TikTok,10.77,Tablet,80.6,10GB,7,High,8,5.87,2,3,1.83,3696.09,311.32,4,News,News,Amazon Prime,2.98,2.41
62,Male,Germany,Professional,Single,5.79,4.37,0.59,3.71,3.07,Twitter,3.59,Smartphone,81.53,50GB,2,Moderate,8,5.23,9,1,0.79,4820.03,232.66,3,News,Entertainment,Amazon Prime,3.87,1.34
43,Male,India,Retired,Single,1.56,9.89,4.24,5.54,1.95,YouTube,11.14,PC,71.67,Unlimited,8,Moderate,7,8.98,9,3,2.13,5336.99,286.64,2,News,News,Netflix,0.94,1.26
35,Female,Germany,Retired,Single,7.89,6.33,0.93,1.8,1.82,Instagram,11.96,PC,17.7,Unlimited,8,Moderate,5,6.83,1,3,0.07,3064.39,482.75,2,News,Networking,Netflix,3.19,1.84
43,Female,USA,Unemployed,Widowed,1.75,9.49,3.73,4.8,4.78,Facebook,3.04,PC,66.33,10GB,3,Moderate,9,8.14,4,6,2.09,6872.07,256.2,4,News,News,Netflix,3.28,2.24
39,Female,India,Professional,Widowed,5.78,5.48,3.27,2.77,3.92,Facebook,5.95,PC,8.77,10GB,6,Moderate,2,7.67,9,7,0.45,3083.56,273.15,0,Movies,Education,Amazon Prime,1.23,0.08
52,Female,UK,Retired,Widowed,7.46,4.85,4.5,6.47,0.92,YouTube,2.55,Smartphone,39.06,Unlimited,7,Low,3,4.87,1,9,2.47,9801.22,475.87,5,Movies,News,Amazon Prime,0.86,2.09
27,Other,Germany,Unemployed,Widowed,7.06,8.31,2.73,1.5,0.8,Instagram,10.77,PC,77.31,Unlimited,9,Moderate,4,7.51,5,8,2.54,2295.24,99.84,1,News,Education,Amazon Prime,1.49,2.66
31,Female,India,Professional,Single,7.69,2.77,3.84,3.51,3.01,Twitter,11.33,PC,9.53,10GB,6,High,3,4.87,2,4,0.19,3713.85,453.5,1,Series,Education,Amazon Prime,1.12,2.93
59,Male,India,Unemployed,Widowed,4.43,4.07,2.94,4.31,0.84,TikTok,7.42,Smartphone,79.57,10GB,7,Low,1,6.05,2,5,1.93,4841.34,390.8,2,Movies,News,Amazon Prime,3.01,1.0
62,Male,Germany,Student,Divorced,2.7,4.86,1.94,2.55,3.76,Instagram,8.76,Smartphone,19.56,10GB,2,High,7,4.21,1,1,1.03,9675.2,313.57,3,Series,Education,Spotify,2.61,2.86
59,Other,USA,Retired,Single,5.87,3.02,0.71,3.44,2.14,Twitter,3.86,Tablet,25.92,10GB,1,Moderate,2,4.01,9,5,2.7,9901.91,413.68,1,Series,Entertainment,Netflix,3.73,1.39
34,Male,Australia,Unemployed,Married,7.5,3.28,4.48,4.94,1.82,Facebook,9.17,PC,64.86,10GB,1,Moderate,6,4.24,4,6,0.29,6531.01,61.18,3,Series,Education,Netflix,2.84,1.81
53,Other,Germany,Unemployed,Single,1.57,6.62,4.05,2.87,2.86,TikTok,11.63,Tablet,49.74,10GB,1,High,8,4.6,1,8,0.59,8494.79,309.09,2,Series,News,Amazon Prime,0.51,2.5
37,Other,USA,Unemployed,Single,1.24,8.21,2.2,3.41,4.09,TikTok,3.58,Smartphone,62.36,50GB,2,High,6,5.47,2,4,0.03,4006.43,167.4,1,Series,News,Amazon Prime,2.68,0.38
38,Female,Canada,Professional,Divorced,4.98,4.14,1.89,6.29,1.22,Twitter,2.0,Tablet,24.51,50GB,4,Low,6,7.48,9,8,2.52,8082.52,228.24,5,News,News,YouTube,1.52,2.22
23,Male,UK,Unemployed,Single,7.58,4.6,4.5,1.62,3.51,YouTube,3.09,Smartphone,45.81,50GB,5,Low,8,5.87,7,8,0.26,1450.14,241.8,4,Short Videos,Education,Amazon Prime,3.06,1.91
43,Male,Germany,Retired,Widowed,3.08,2.87,1.87,0.52,0.85,Instagram,6.27,PC,48.97,50GB,2,High,8,6.76,9,8,0.35,5543.96,429.32,1,News,Networking,Netflix,2.25,2.29
22,Other,India,Retired,Divorced,2.28,3.99,1.2,5.77,3.01,Twitter,7.7,Tablet,26.85,10GB,3,Low,8,5.66,7,1,0.26,8928.66,284.93,4,Short Videos,News,Amazon Prime,2.75,2.97
30,Female,Australia,Unemployed,Single,7.33,1.33,2.54,6.86,1.24,TikTok,3.09,PC,41.25,Unlimited,9,Low,4,4.31,3,5,1.89,4516.72,495.89,3,Series,News,Netflix,1.93,0.2
57,Other,USA,Student,Divorced,0.62,3.66,4.48,5.8,4.89,Facebook,3.67,Tablet,97.73,Unlimited,4,Moderate,1,7.25,1,9,2.94,5226.74,208.44,4,Short Videos,Education,Spotify,2.11,0.7
23,Female,UK,Unemployed,Widowed,5.42,3.28,1.58,6.33,2.83,Instagram,5.18,Tablet,27.83,Unlimited,7,Low,8,4.85,1,2,2.53,9366.82,147.89,1,Series,Entertainment,Spotify,3.13,1.81
16,Female,Germany,Retired,Widowed,3.11,2.08,1.51,5.23,1.9,TikTok,4.25,Smartphone,19.93,10GB,3,Low,3,4.32,6,6,1.03,953.82,189.15,2,News,News,Spotify,2.44,0.43
16,Other,USA,Professional,Divorced,3.81,5.6,0.51,4.94,1.88,TikTok,4.12,Tablet,5.74,50GB,7,High,4,8.72,1,6,1.0,3213.35,444.16,3,Movies,Entertainment,Amazon Prime,0.61,2.32
61,Male,Australia,Unemployed,Single,0.54,9.32,3.17,2.79,0.25,TikTok,9.91,Tablet,66.12,10GB,8,Moderate,2,4.99,2,3,1.95,939.15,486.76,1,Movies,News,Netflix,0.17,2.76
39,Female,USA,Unemployed,Married,6.26,1.85,3.53,4.05,0.42,Twitter,7.37,Tablet,24.47,50GB,4,Low,7,7.09,8,8,2.75,666.91,486.86,0,Movies,Entertainment,Amazon Prime,2.32,0.08
34,Male,Australia,Student,Married,6.78,2.92,3.24,0.61,1.29,Twitter,6.36,Smartphone,89.47,50GB,5,Low,9,6.0,9,1,1.92,4441.97,70.9,3,Movies,News,Netflix,2.55,0.31
55,Male,Australia,Student,Divorced,6.32,1.84,3.05,5.28,4.3,TikTok,2.76,Smartphone,52.63,50GB,2,Moderate,2,8.07,4,3,1.87,4113.31,220.45,2,News,Entertainment,Netflix,1.83,0.59
56,Female,UK,Professional,Single,7.03,4.41,0.73,2.38,1.56,TikTok,10.77,PC,69.68,50GB,5,Moderate,6,6.15,2,6,1.32,6417.63,283.65,2,Series,Education,Amazon Prime,0.4,0.49
30,Female,UK,Retired,Married,6.38,3.25,4.64,0.98,2.09,Instagram,3.32,PC,66.2,10GB,5,High,6,7.4,2,2,1.8,7075.24,45.49,5,Series,Entertainment,Netflix,1.78,0.92
49,Other,UK,Professional,Divorced,6.57,1.17,4.72,1.69,4.18,Twitter,6.87,Smartphone,68.69,10GB,5,Low,7,5.8,5,9,0.39,8044.07,363.64,2,Series,Networking,YouTube,1.12,1.93
53,Other,Canada,Unemployed,Widowed,5.85,7.48,4.3,5.93,0.88,Instagram,7.82,Tablet,81.09,Unlimited,8,High,8,4.67,8,4,0.14,7567.38,286.03,4,Short Videos,Networking,YouTube,2.61,2.81
47,Female,Australia,Retired,Divorced,6.69,3.98,4.46,6.9,0.82,Instagram,9.75,Smartphone,41.49,50GB,3,Moderate,4,5.93,2,5,0.96,7806.78,223.15,0,Short Videos,Entertainment,YouTube,0.51,2.32
20,Male,Australia,Retired,Widowed,1.92,4.13,0.47,2.73,1.15,TikTok,3.2,Tablet,62.71,50GB,5,High,3,6.47,5,8,0.8,5724.52,372.6,2,News,Entertainment,Spotify,2.39,2.28
58,Other,India,Retired,Married,6.11,9.56,4.89,5.15,2.98,TikTok,3.66,Smartphone,27.75,50GB,4,Low,2,6.48,7,7,2.42,1240.5,345.59,1,Series,Networking,Amazon Prime,0.74,2.6
41,Other,Canada,Unemployed,Single,3.6,2.47,2.04,6.72,2.03,Twitter,8.65,Tablet,79.69,50GB,6,Moderate,4,8.69,3,7,0.61,9985.4,254.69,0,Series,Networking,Netflix,0.77,1.87
27,Male,Canada,Retired,Single,7.11,1.51,2.83,3.62,0.87,Facebook,3.9,Smartphone,68.84,10GB,8,Low,9,5.19,5,8,2.94,9531.86,472.25,2,Movies,Education,Amazon Prime,2.76,2.68
35,Male,Australia,Retired,Widowed,5.65,4.64,2.26,4.33,0.62,Twitter,6.02,Smartphone,55.59,50GB,6,Moderate,5,8.58,7,8,0.77,5143.12,430.27,1,News,News,Netflix,0.54,2.92
14,Male,USA,Unemployed,Divorced,2.22,0.58,3.18,4.81,4.13,Facebook,7.26,Smartphone,30.98,Unlimited,4,Low,2,6.6,4,4,0.99,9890.59,125.54,4,Short Videos,Networking,Spotify,3.67,0.39
19,Male,India,Unemployed,Single,5.68,2.77,4.56,6.78,1.44,TikTok,8.56,PC,51.61,10GB,1,Moderate,3,6.96,6,2,2.39,1240.37,410.29,4,Short Videos,Networking,Amazon Prime,0.34,0.55
52,Female,USA,Professional,Single,2.05,5.24,4.07,5.57,1.52,Facebook,7.61,Smartphone,29.94,Unlimited,4,Moderate,3,5.72,2,6,1.26,1251.6,238.4,5,Short Videos,Education,Netflix,0.59,0.81
13,Other,UK,Retired,Divorced,7.71,6.56,1.86,5.98,0.01,Instagram,2.77,PC,35.51,50GB,4,High,2,8.96,7,2,0.69,5592.78,465.05,4,News,Networking,Netflix,2.8,2.42
34,Male,USA,Retired,Widowed,1.31,9.01,1.0,1.99,1.48,TikTok,4.66,Smartphone,36.21,10GB,5,Low,6,6.0,8,8,1.89,2364.56,278.38,2,Movies,Networking,YouTube,0.32,0.41
40,Male,UK,Retired,Widowed,7.57,3.18,0.8,1.3,2.22,TikTok,6.01,Tablet,31.58,Unlimited,5,Low,3,7.25,1,5,2.26,6662.35,200.42,4,Movies,Networking,YouTube,3.48,0.01
15,Male,India,Professional,Single,5.4,5.94,2.51,3.63,1.88,Instagram,4.4,Smartphone,92.48,10GB,1,Low,3,4.96,2,4,1.22,6518.54,219.92,5,Movies,News,Spotify,1.94,1.7
63,Male,Canada,Student,Married,6.1,1.67,1.87,6.36,2.53,Instagram,2.1,PC,52.29,Unlimited,9,Moderate,3,8.74,8,3,0.17,9431.34,42.49,1,Movies,News,Netflix,2.88,2.35
24,Female,Germany,Retired,Single,1.49,6.0,4.67,4.87,1.1,Facebook,2.46,Tablet,97.43,Unlimited,2,Low,4,5.35,9,3,0.82,4164.83,356.53,0,Movies,Education,Netflix,1.82,2.23
28,Other,Germany,Student,Widowed,1.8,4.39,0.3,5.82,4.03,TikTok,6.81,Tablet,58.28,10GB,8,High,5,7.13,8,5,2.38,8971.91,498.74,3,News,Entertainment,Amazon Prime,0.43,0.79
28,Other,Germany,Professional,Single,4.86,8.85,0.6,0.64,1.79,Facebook,7.87,Smartphone,81.36,10GB,3,High,2,5.63,1,9,0.91,2498.93,49.82,1,Short Videos,Entertainment,Amazon Prime,0.21,0.43
24,Male,USA,Unemployed,Widowed,6.66,7.39,1.46,6.65,3.8,Instagram,7.52,Tablet,41.97,10GB,8,Low,9,5.14,2,6,0.24,8852.99,457.28,5,News,Entertainment,Netflix,3.88,1.78
13,Male,USA,Unemployed,Married,2.87,1.31,4.5,0.96,0.73,Instagram,6.31,Smartphone,58.64,Unlimited,3,Low,3,7.62,2,7,2.96,5060.43,370.02,5,Short Videos,Education,Netflix,1.98,1.54
50,Male,UK,Unemployed,Widowed,2.17,1.48,0.49,2.59,1.42,YouTube,2.24,Smartphone,25.11,50GB,1,High,7,8.08,9,1,1.89,5144.69,107.04,0,News,News,Netflix,0.23,1.18
63,Other,Australia,Retired,Widowed,1.03,8.39,2.69,4.4,4.65,Twitter,10.96,Smartphone,41.12,10GB,7,High,7,6.06,6,4,1.63,9386.41,486.64,0,Short Videos,News,YouTube,1.17,1.84
24,Female,USA,Retired,Single,0.99,9.71,0.27,1.75,0.55,Facebook,4.9,Smartphone,5.73,10GB,6,High,9,6.54,7,5,0.06,2615.44,21.03,1,Short Videos,Entertainment,Netflix,0.42,2.71
47,Female,Canada,Professional,Married,7.3,5.52,3.39,1.08,4.08,Facebook,3.76,PC,55.25,Unlimited,3,High,7,6.71,6,5,1.05,3378.91,157.16,4,News,News,Spotify,0.9,1.18
51,Female,India,Professional,Single,4.61,8.13,1.55,2.46,3.67,YouTube,10.54,PC,79.7,10GB,7,High,9,5.76,3,5,2.28,3726.27,479.92,0,Series,Education,YouTube,2.45,0.03
57,Other,USA,Retired,Divorced,0.57,2.34,1.51,4.41,3.52,YouTube,7.84,PC,75.13,50GB,1,Low,6,6.25,1,8,1.13,7137.07,412.73,5,News,Education,Amazon Prime,1.66,2.89
34,Female,Canada,Professional,Widowed,3.81,4.18,3.96,5.94,0.95,Twitter,8.67,PC,25.91,10GB,5,Low,1,8.22,2,9,2.8,6071.43,43.69,0,Movies,News,YouTube,0.11,2.8
28,Female,UK,Unemployed,Divorced,5.8,3.93,1.04,3.31,4.67,TikTok,6.82,Smartphone,47.3,10GB,9,High,8,5.9,5,5,2.06,6426.32,84.04,3,Series,Entertainment,Amazon Prime,2.1,2.93
29,Female,India,Student,Divorced,1.57,3.51,4.69,4.54,0.01,YouTube,3.35,Tablet,39.26,10GB,6,Moderate,2,4.77,3,6,2.98,1096.62,251.96,4,Movies,News,Netflix,1.23,1.46
50,Female,Canada,Student,Married,4.47,9.2,1.85,3.25,0.03,Facebook,11.49,PC,22.9,10GB,9,High,9,7.01,4,3,0.93,1433.59,470.6,0,Series,Entertainment,Netflix,0.15,0.75
55,Male,Canada,Unemployed,Single,3.68,4.13,0.91,4.88,0.76,Instagram,2.05,PC,27.91,10GB,7,Moderate,7,6.61,3,4,2.22,1563.06,297.7,3,News,Entertainment,Netflix,1.23,0.97
22,Other,USA,Professional,Divorced,2.83,1.24,3.59,6.85,2.2,Instagram,4.52,Smartphone,95.36,10GB,7,Moderate,3,5.63,9,5,1.55,6368.68,86.15,3,Short Videos,Entertainment,Spotify,1.94,2.62
32,Female,USA,Professional,Divorced,6.89,6.46,1.72,2.36,1.19,TikTok,5.37,Tablet,42.17,50GB,6,Moderate,1,7.22,7,5,1.94,6450.67,159.14,2,News,Networking,Amazon Prime,2.12,0.93
59,Other,Canada,Unemployed,Widowed,2.24,7.11,3.08,6.17,1.16,Facebook,7.76,Tablet,84.9,10GB,1,High,2,5.26,8,2,0.7,1474.48,218.95,4,News,Entertainment,Netflix,1.07,1.82
54,Male,Australia,Unemployed,Single,2.79,5.63,2.52,1.08,4.86,YouTube,11.49,Smartphone,25.19,10GB,1,Low,3,6.62,7,1,1.12,2823.82,136.93,1,Series,Networking,Spotify,2.19,0.1
64,Male,Germany,Professional,Widowed,6.48,7.35,4.61,5.07,3.39,Instagram,5.12,Tablet,63.32,50GB,7,Moderate,3,4.9,2,2,1.34,9365.87,330.45,5,Series,News,Spotify,2.53,0.19
52,Female,Canada,Student,Single,4.94,1.01,0.44,6.26,2.72,Instagram,6.36,Tablet,32.68,Unlimited,7,Moderate,9,4.33,9,8,2.01,8176.24,182.4,2,Series,Entertainment,Spotify,3.6,1.8
33,Male,Australia,Student,Single,0.72,1.77,0.62,1.05,3.79,Instagram,7.18,Tablet,91.45,50GB,2,Moderate,4,5.51,9,7,0.0,6057.99,112.54,3,Short Videos,News,Netflix,0.15,1.24
43,Male,Germany,Professional,Divorced,6.67,9.8,1.61,2.93,2.66,Instagram,8.66,Tablet,45.94,10GB,9,High,1,8.76,6,2,0.08,9854.17,117.6,1,News,Education,YouTube,0.05,1.55
47,Female,Canada,Unemployed,Divorced,4.09,2.61,3.62,3.49,0.41,Twitter,11.7,PC,61.42,Unlimited,2,Low,1,6.94,4,9,0.16,7264.14,429.4,3,Short Videos,Education,YouTube,0.57,2.06
17,Male,India,Student,Married,3.9,9.47,3.89,1.53,2.45,Facebook,3.52,Smartphone,50.24,10GB,4,Moderate,4,5.32,6,9,2.55,8587.45,309.74,3,Movies,Networking,Amazon Prime,1.92,2.9
41,Female,UK,Professional,Divorced,2.63,7.47,1.04,6.24,1.42,Facebook,9.45,PC,90.46,50GB,6,Low,7,8.56,2,1,0.87,5356.44,182.96,1,News,Networking,YouTube,1.93,1.3
49,Female,India,Professional,Divorced,1.89,8.62,1.64,2.05,1.77,YouTube,8.35,Smartphone,91.38,Unlimited,5,Moderate,6,7.31,6,2,0.45,6518.64,98.78,2,News,Entertainment,Spotify,3.63,1.99
21,Male,Australia,Unemployed,Divorced,3.08,7.57,4.91,6.13,0.0,Instagram,9.39,Smartphone,93.12,50GB,2,High,7,6.75,7,5,0.22,972.06,121.48,4,Series,Entertainment,Spotify,3.93,2.17
53,Male,Germany,Professional,Single,7.58,8.93,1.43,3.09,2.18,Instagram,6.36,Tablet,64.32,Unlimited,2,Low,8,8.36,6,9,1.56,2506.67,291.0,1,News,Networking,Amazon Prime,0.62,0.8
43,Female,India,Unemployed,Single,7.75,8.05,2.91,6.28,1.17,TikTok,11.55,PC,62.19,Unlimited,2,High,7,7.1,7,5,0.13,4787.03,272.0,1,News,Networking,Spotify,2.29,1.35
62,Other,USA,Student,Widowed,6.04,8.63,2.87,5.61,4.4,YouTube,9.39,Tablet,88.4,10GB,8,Low,7,7.62,1,5,0.05,6571.58,7.7,0,Movies,Education,YouTube,3.32,2.44
15,Female,Canada,Professional,Divorced,7.17,4.15,3.55,3.26,4.58,Twitter,8.48,PC,35.06,10GB,4,Moderate,6,4.19,8,6,0.19,1996.86,476.8,3,Series,Entertainment,Amazon Prime,2.71,1.54
26,Female,Canada,Professional,Divorced,4.11,1.26,1.96,4.7,3.14,YouTube,2.01,PC,38.24,Unlimited,3,Moderate,5,7.39,8,9,2.14,4972.95,185.21,4,Short Videos,Networking,Amazon Prime,2.83,0.47
44,Other,UK,Student,Widowed,0.79,7.12,4.94,6.46,3.28,Instagram,9.8,Tablet,42.91,50GB,7,Low,3,5.54,8,6,0.77,8179.55,353.4,4,Movies,News,Netflix,2.98,2.48
28,Female,Australia,Professional,Single,6.75,2.65,2.38,2.9,3.65,Facebook,8.26,PC,19.0,Unlimited,6,High,9,5.51,8,2,1.81,7534.26,42.06,2,News,Networking,Netflix,0.05,2.35
50,Other,Australia,Professional,Married,5.3,7.07,3.52,6.17,4.66,Twitter,3.72,Tablet,52.3,10GB,4,Low,7,6.97,7,2,1.35,3839.79,383.04,3,Movies,Networking,YouTube,2.93,0.1
52,Female,Germany,Professional,Widowed,0.6,7.1,1.01,2.93,2.26,Twitter,5.2,PC,54.26,Unlimited,2,Low,1,4.65,5,4,2.37,8487.02,38.15,3,News,News,YouTube,2.96,2.31
18,Male,Australia,Professional,Single,7.62,7.12,1.91,0.86,2.25,TikTok,4.81,Tablet,10.36,10GB,9,Moderate,4,5.15,9,1,0.86,2435.26,369.03,2,Series,Networking,Netflix,0.07,0.71
39,Male,Australia,Unemployed,Divorced,3.83,8.27,1.78,1.33,3.43,Twitter,3.38,Tablet,11.06,50GB,7,Moderate,9,5.97,4,5,1.12,1025.1,471.72,1,Short Videos,News,Netflix,1.24,1.09
39,Male,India,Professional,Single,7.55,5.16,1.07,1.11,1.86,TikTok,2.67,Tablet,12.96,Unlimited,7,Moderate,3,8.11,4,6,1.16,6891.89,180.02,2,Movies,Networking,Netflix,1.68,0.25
32,Other,Germany,Professional,Widowed,5.25,6.39,4.65,2.67,4.88,Twitter,8.61,Tablet,20.42,10GB,5,Moderate,1,7.18,6,6,2.46,9884.46,96.93,0,Series,Education,Amazon Prime,1.12,0.55
61,Female,Germany,Professional,Single,4.4,9.88,2.57,0.89,0.88,Instagram,8.29,PC,14.57,10GB,2,High,4,8.91,4,1,2.76,4502.56,124.91,3,Short Videos,News,Spotify,3.93,1.6
56,Female,UK,Student,Married,7.34,9.5,2.72,5.58,0.5,TikTok,2.5,PC,8.4,Unlimited,9,Moderate,2,8.62,1,9,1.05,2443.35,84.2,4,Movies,Entertainment,Amazon Prime,3.58,1.51
49,Female,India,Retired,Married,5.68,2.07,3.68,1.06,0.05,TikTok,10.04,PC,23.47,Unlimited,1,High,7,7.05,6,4,0.81,6643.66,136.76,2,Short Videos,News,YouTube,0.47,1.4
50,Female,Canada,Professional,Single,2.8,7.27,1.16,2.77,1.7,Twitter,6.32,Smartphone,8.13,Unlimited,7,Low,2,5.23,1,3,0.29,7541.6,326.11,5,News,Networking,Amazon Prime,3.74,0.92
37,Female,Canada,Retired,Single,2.7,9.35,0.44,1.99,0.01,Twitter,8.57,PC,8.46,Unlimited,3,Moderate,2,4.1,2,1,0.99,7817.38,89.72,3,Series,Networking,YouTube,0.26,1.92
60,Other,Germany,Retired,Widowed,5.21,9.42,0.25,4.69,4.32,TikTok,7.32,Smartphone,49.48,10GB,1,Low,2,6.86,9,1,1.26,7035.22,29.38,4,News,Networking,Amazon Prime,1.54,2.77
49,Other,Canada,Retired,Married,6.03,3.4,1.49,3.77,1.66,Twitter,2.79,Smartphone,86.07,50GB,7,Moderate,5,5.88,1,1,0.81,6489.6,94.09,0,News,Networking,Spotify,2.09,1.24
50,Female,Germany,Professional,Single,6.18,1.53,1.29,4.54,1.89,YouTube,11.37,Tablet,43.61,50GB,4,High,6,6.38,2,9,1.48,799.75,31.06,4,News,Entertainment,YouTube,1.98,2.97
57,Male,India,Unemployed,Widowed,2.53,3.57,2.85,5.83,4.61,TikTok,7.24,Tablet,55.76,Unlimited,4,High,4,8.59,7,4,0.78,577.48,313.12,3,News,Entertainment,YouTube,0.18,1.06
27,Female,Australia,Unemployed,Single,6.38,6.6,0.63,6.58,3.34,Instagram,8.84,Smartphone,11.15,10GB,5,Low,3,7.92,3,4,0.19,5618.41,300.61,0,Movies,Education,Netflix,3.41,1.28
54,Female,India,Unemployed,Married,6.21,5.53,2.27,4.69,3.85,YouTube,10.45,Smartphone,50.54,Unlimited,6,Moderate,2,7.27,4,1,0.86,6449.12,366.27,3,Movies,News,YouTube,1.21,2.73
23,Male,UK,Unemployed,Divorced,5.02,8.43,1.55,1.65,3.14,YouTube,8.69,Smartphone,66.49,Unlimited,8,Moderate,3,7.22,7,8,0.17,4953.85,495.97,1,News,News,YouTube,0.44,0.58
30,Other,Germany,Student,Married,4.19,7.32,1.48,1.17,3.17,Instagram,9.98,Smartphone,76.9,Unlimited,4,High,5,6.41,2,4,1.2,6384.03,5.04,4,News,Education,Netflix,2.77,1.15
30,Female,Australia,Unemployed,Single,2.89,2.55,2.09,2.59,0.51,Instagram,10.77,PC,67.09,10GB,6,Moderate,2,7.92,1,4,1.31,4155.22,78.95,2,Short Videos,Networking,Spotify,2.87,2.58
63,Other,Canada,Unemployed,Widowed,4.99,4.36,4.65,5.15,0.1,TikTok,6.01,Tablet,24.41,10GB,5,Moderate,9,4.91,3,7,1.9,7797.93,359.2,4,Short Videos,Networking,YouTube,2.07,1.24
57,Other,USA,Student,Married,1.03,6.5,0.79,1.0,3.6,Twitter,8.44,Tablet,12.41,10GB,2,Moderate,8,7.91,2,9,1.9,7159.37,485.46,5,Series,News,YouTube,2.52,0.36
49,Male,Australia,Retired,Widowed,4.32,4.67,3.79,2.17,4.36,Twitter,7.21,PC,27.05,10GB,9,Low,1,4.79,1,6,1.81,6504.86,304.66,1,Series,Education,Amazon Prime,1.52,1.41
50,Female,Australia,Student,Divorced,5.71,4.8,3.06,0.8,0.31,YouTube,5.52,Tablet,82.88,Unlimited,9,Moderate,4,6.95,4,4,2.52,3957.24,272.38,0,News,Education,Netflix,1.85,0.77
42,Other,India,Student,Single,2.62,6.48,1.62,3.68,1.88,YouTube,4.36,Smartphone,48.76,Unlimited,7,High,9,4.61,4,5,1.13,6138.42,341.85,3,Movies,Education,Netflix,1.3,1.79
62,Female,Germany,Retired,Widowed,6.31,1.7,0.6,2.45,3.83,Facebook,10.81,Tablet,96.22,Unlimited,2,High,7,7.55,3,5,1.14,6082.31,415.08,1,Series,News,Netflix,2.42,1.2
38,Female,Australia,Professional,Divorced,4.34,4.74,3.92,5.59,0.73,YouTube,9.61,Smartphone,72.15,10GB,6,Low,6,8.91,6,5,1.58,2929.3,391.64,3,Series,Entertainment,Netflix,2.12,1.51
32,Male,USA,Professional,Widowed,6.96,3.62,3.29,4.04,3.5,Facebook,9.15,Tablet,97.77,50GB,4,Low,3,6.57,7,5,1.41,4679.15,309.05,3,Series,Networking,Netflix,0.13,2.61
21,Other,Australia,Professional,Single,3.01,8.1,2.98,1.09,0.26,Twitter,11.51,Smartphone,24.15,Unlimited,3,Low,1,7.93,9,7,1.37,8520.37,447.33,0,Movies,Entertainment,Spotify,1.21,1.4
53,Female,USA,Unemployed,Single,1.11,9.62,1.77,4.97,1.54,Facebook,10.22,Smartphone,63.39,10GB,5,Low,1,6.31,7,2,0.61,1136.12,65.74,0,Short Videos,Entertainment,Netflix,1.63,2.35
51,Other,Germany,Professional,Single,0.52,4.25,3.35,4.34,1.0,Twitter,4.12,PC,43.8,Unlimited,1,Moderate,4,4.5,1,1,2.17,1333.93,275.72,1,Short Videos,Entertainment,Netflix,1.27,2.44
32,Male,Germany,Unemployed,Single,2.72,2.34,3.5,1.74,0.74,Instagram,2.39,Tablet,56.59,50GB,1,Moderate,1,4.74,7,5,0.72,2155.89,236.25,4,Series,News,Netflix,2.79,1.75
14,Other,USA,Unemployed,Married,5.57,8.56,4.92,4.22,3.35,Facebook,5.34,Smartphone,21.72,Unlimited,9,Low,9,7.69,2,3,1.62,670.92,109.55,2,Short Videos,News,Spotify,0.67,1.31
56,Female,Australia,Professional,Divorced,2.0,6.26,0.6,5.84,3.16,Facebook,2.31,Smartphone,89.45,10GB,2,Moderate,2,8.83,8,6,2.87,7853.27,331.04,0,News,News,Netflix,0.97,2.43
13,Male,Canada,Retired,Divorced,6.09,8.87,2.32,5.39,0.86,Instagram,3.94,PC,14.7,10GB,5,High,3,8.73,4,6,2.12,9336.74,443.13,1,Movies,Education,YouTube,3.38,0.57
49,Male,Australia,Student,Single,6.65,3.42,3.35,4.4,2.53,Instagram,8.34,Smartphone,10.03,10GB,8,Moderate,4,5.36,4,1,0.53,1672.35,45.43,3,Short Videos,Education,Amazon Prime,0.72,1.45
63,Male,USA,Retired,Single,0.94,9.04,3.45,1.75,2.35,Twitter,5.91,Smartphone,95.24,50GB,9,High,1,4.71,3,2,2.68,5618.52,354.65,0,Movies,News,Netflix,0.29,0.26
35,Female,UK,Professional,Married,2.82,8.64,1.85,3.26,4.6,TikTok,5.96,Tablet,54.1,50GB,7,High,3,4.88,1,3,0.81,7576.42,141.09,0,News,News,Netflix,0.53,2.53
25,Male,USA,Student,Divorced,6.51,7.19,2.91,4.1,3.49,Facebook,11.67,Smartphone,44.89,50GB,6,High,4,7.61,7,6,0.49,3880.12,170.32,5,Series,Education,Netflix,0.86,2.16
49,Female,Australia,Unemployed,Married,7.16,9.03,0.76,0.77,4.98,Twitter,8.7,PC,67.95,50GB,6,High,6,4.04,6,9,1.3,9813.31,347.17,3,News,News,Netflix,2.6,2.99
55,Female,UK,Unemployed,Single,2.19,5.94,2.26,3.28,2.81,Facebook,9.31,PC,29.48,10GB,8,Moderate,9,7.08,8,9,1.44,7492.6,294.44,0,Movies,News,Amazon Prime,0.57,0.31
41,Male,Germany,Unemployed,Single,1.18,8.16,3.72,5.65,4.25,Twitter,6.77,Tablet,19.63,50GB,7,High,1,4.13,9,2,2.82,1967.39,328.7,3,News,Entertainment,Spotify,3.42,2.55
63,Male,India,Unemployed,Single,6.06,5.55,4.16,3.95,1.31,YouTube,3.35,PC,70.81,Unlimited,4,Moderate,6,8.34,9,1,0.36,6549.77,7.36,4,News,Education,Netflix,0.96,1.76
15,Female,Germany,Student,Single,7.45,1.59,1.1,4.74,1.55,YouTube,6.11,Smartphone,20.46,50GB,5,Moderate,3,4.23,7,7,1.98,1654.39,220.5,0,Movies,Education,Spotify,3.09,1.6
39,Other,India,Professional,Widowed,6.76,5.22,3.43,6.76,0.29,TikTok,11.61,Tablet,31.28,10GB,7,Moderate,8,8.07,5,3,1.4,9254.03,57.04,4,Series,Education,Amazon Prime,2.99,2.0
50,Female,Canada,Retired,Widowed,5.31,3.07,1.66,2.12,0.68,YouTube,2.99,Smartphone,25.5,10GB,7,Moderate,8,6.63,5,1,1.14,7403.94,60.9,5,Short Videos,Education,Netflix,1.54,0.75
57,Female,UK,Professional,Single,2.83,6.44,2.3,6.62,0.08,YouTube,3.27,PC,13.64,Unlimited,3,Low,9,7.96,2,3,1.9,4502.71,108.48,3,News,News,Spotify,2.6,2.56
22,Male,Germany,Student,Single,1.7,3.7,4.36,1.4,0.42,Facebook,11.03,Tablet,58.06,Unlimited,3,Low,2,7.21,8,7,1.71,3984.17,327.89,2,Short Videos,News,YouTube,1.85,0.21
54,Other,UK,Retired,Married,3.46,5.28,1.09,6.35,3.61,Twitter,10.15,PC,85.04,50GB,4,High,5,6.68,8,4,2.46,7250.69,61.17,4,Series,Entertainment,Spotify,1.58,0.2
41,Male,UK,Professional,Divorced,5.73,2.23,1.79,3.11,4.58,Facebook,4.96,PC,12.33,10GB,9,High,8,5.87,9,2,0.48,2948.4,139.49,3,Short Videos,Networking,Spotify,2.79,2.85
33,Male,Germany,Retired,Single,4.23,4.93,3.66,4.28,4.32,TikTok,4.32,PC,52.3,Unlimited,9,High,2,7.49,2,2,0.62,8506.65,44.85,5,News,Education,YouTube,3.51,0.16
19,Female,UK,Unemployed,Widowed,2.73,2.3,1.06,6.81,4.1,Facebook,8.21,Tablet,28.92,Unlimited,4,Low,2,5.88,7,1,0.6,2485.71,1.33,1,News,News,Netflix,2.31,0.13
58,Other,Australia,Unemployed,Married,2.59,7.53,0.82,0.7,2.68,Twitter,8.25,PC,14.02,10GB,5,Low,4,8.67,3,2,0.39,875.04,475.49,5,News,Education,Netflix,0.14,2.67
21,Female,Canada,Professional,Divorced,0.67,7.7,2.76,6.59,3.52,YouTube,8.85,Tablet,50.3,10GB,7,Moderate,7,7.86,2,2,2.73,3939.96,188.01,1,Series,News,Spotify,2.32,0.1
29,Female,UK,Unemployed,Widowed,5.09,3.71,3.19,2.2,4.62,Instagram,11.42,PC,60.48,Unlimited,6,Moderate,9,5.95,2,1,1.72,1431.79,370.79,2,Movies,Education,Spotify,1.92,0.62
28,Female,UK,Student,Divorced,4.44,6.98,2.55,5.9,3.33,YouTube,4.97,PC,95.39,Unlimited,6,High,4,4.92,7,5,2.86,8781.2,75.97,0,Movies,Entertainment,Spotify,0.14,1.56
58,Female,USA,Student,Single,2.44,9.0,5.0,3.97,3.87,Instagram,5.04,Tablet,93.0,Unlimited,5,Moderate,8,6.36,3,3,0.66,3158.76,55.88,5,News,Education,Spotify,0.8,0.53
